Date,UNRATE,FEDFUNDS,INDPRO,CSUSHPINSA,UMCSENT,DCOILWTICO,M2SL,DGS10,CPIAUCSL,SP500,VIXCLS,DJIA
2015-04-09,5.6,0.12,100.7675,171.84599999999995,90.7,50.79,11965.0,1.97,237.001,2091.18,13.09,17958.73
2015-04-10,5.6,0.12,100.7675,171.84599999999995,90.7,51.63,11965.0,1.96,237.001,2102.06,12.58,18057.65
2015-04-13,5.6,0.12,100.7675,171.84599999999995,90.7,51.95,11965.0,1.94,237.001,2092.43,13.94,17977.04
2015-04-14,5.6,0.12,100.7675,171.84599999999995,90.7,53.3,11965.0,1.9,237.001,2095.84,13.67,18036.7
2015-04-15,5.6,0.12,100.7675,171.84599999999995,90.7,56.25,11965.0,1.91,237.001,2106.63,12.84,18112.61
2015-04-16,5.6,0.12,100.7675,171.84599999999995,90.7,56.69,11965.0,1.9,237.001,2104.99,12.6,18105.77
2015-04-17,5.6,0.12,100.7675,171.84599999999995,90.7,55.71,11965.0,1.87,237.001,2081.18,13.89,17826.3
2015-04-20,5.6,0.12,100.7675,171.84599999999995,90.7,56.37,11965.0,1.9,237.001,2100.4,13.3,18034.93
2015-04-21,5.6,0.12,100.7675,171.84599999999995,90.7,55.58,11965.0,1.92,237.001,2097.29,13.25,17949.59
2015-04-22,5.6,0.12,100.7675,171.84599999999995,90.7,56.17,11965.0,1.99,237.001,2107.96,12.71,18038.27
2015-04-23,5.6,0.12,100.7675,171.84599999999995,90.7,56.59,11965.0,1.96,237.001,2112.93,12.48,18058.69
2015-04-24,5.6,0.12,100.7675,171.84599999999995,90.7,55.98,11965.0,1.93,237.001,2117.69,12.29,18080.14
2015-04-27,5.6,0.12,100.7675,171.84599999999995,90.7,55.56,11965.0,1.94,237.001,2108.92,13.12,18037.97
2015-04-28,5.6,0.12,100.7675,171.84599999999995,90.7,57.05,11965.0,2.0,237.001,2114.76,12.41,18110.14
2015-04-29,5.6,0.12,100.7675,171.84599999999995,90.7,58.55,11965.0,2.06,237.001,2106.85,13.39,18035.53
2015-04-30,5.6,0.12,100.7675,171.84599999999995,90.7,59.62,11965.0,2.05,237.001,2085.51,14.55,17840.52
2015-05-01,5.6,0.12,100.7675,171.84599999999995,90.7,59.1,11965.0,2.12,237.001,2108.29,12.7,18024.06
2015-05-04,5.570967741935483,0.1209677419354838,100.73762580645162,172.00083870967737,91.22258064516129,58.92,11968.929032258064,2.16,237.0644838709677,2114.49,12.85,18070.4
2015-05-05,5.5612903225806445,0.1212903225806451,100.72766774193548,172.05245161290318,91.3967741935484,60.38,11970.23870967742,2.19,237.0856451612904,2089.46,14.31,17928.2
2015-05-06,5.551612903225806,0.1216129032258064,100.71770967741936,172.104064516129,91.57096774193548,60.93,11971.548387096776,2.25,237.1068064516129,2080.15,15.15,17841.98
2015-05-07,5.541935483870968,0.1219354838709677,100.70775161290322,172.1556774193548,91.7451612903226,58.99,11972.85806451613,2.18,237.1279677419355,2088.0,15.13,17924.06
2015-05-08,5.532258064516129,0.122258064516129,100.6977935483871,172.2072903225806,91.91935483870968,59.41,11974.167741935484,2.16,237.1491290322581,2116.1,12.86,18191.11
2015-05-11,5.503225806451613,0.1232258064516129,100.6679193548387,172.36212903225805,92.44193548387096,59.23,11978.09677419355,2.28,237.21261290322585,2105.33,13.85,18105.17
2015-05-12,5.493548387096774,0.1235483870967742,100.65796129032258,172.41374193548384,92.61612903225806,60.72,11979.406451612904,2.28,237.2337741935484,2099.12,13.86,18068.23
2015-05-13,5.483870967741935,0.1238709677419354,100.64800322580643,172.46535483870966,92.79032258064515,60.5,11980.716129032258,2.27,237.25493548387092,2098.48,13.76,18060.49
2015-05-14,5.474193548387096,0.1241935483870967,100.63804516129032,172.51696774193545,92.96451612903226,59.89,11982.025806451613,2.23,237.27609677419355,2121.1,12.74,18252.24
2015-05-15,5.4645161290322575,0.124516129032258,100.6280870967742,172.56858064516126,93.13870967741936,59.73,11983.335483870967,2.14,237.2972580645161,2122.73,12.38,18272.56
2015-05-18,5.435483870967742,0.1254838709677419,100.5982129032258,172.72341935483868,93.66129032258064,59.44,11987.264516129031,2.23,237.36074193548387,2129.2,12.73,18298.88
2015-05-19,5.425806451612903,0.1258064516129032,100.58825483870967,172.7750322580645,93.83548387096774,57.3,11988.574193548387,2.27,237.38190322580647,2127.83,12.85,18312.39
2015-05-20,5.416129032258064,0.1261290322580645,100.57829677419356,172.8266451612903,94.00967741935484,58.96,11989.883870967742,2.26,237.40306451612904,2125.85,12.88,18285.4
2015-05-21,5.406451612903226,0.1264516129032258,100.56833870967742,172.8782580645161,94.18387096774194,60.18,11991.193548387097,2.19,237.42422580645163,2130.82,12.11,18285.74
2015-05-22,5.396774193548387,0.1267741935483871,100.5583806451613,172.92987096774192,94.35806451612903,58.88,11992.503225806451,2.21,237.4453870967742,2126.06,12.13,18232.02
2015-05-25,5.367741935483871,0.1277419354838709,100.5285064516129,173.08470967741934,94.88064516129032,57.6875,11996.432258064517,2.1575,237.508870967742,2109.665,13.5775,18089.16
2015-05-26,5.358064516129032,0.1280645161290322,100.51854838709676,173.13632258064516,95.0548387096774,57.29,11997.741935483871,2.14,237.53003225806447,2104.2,14.06,18041.54
2015-05-27,5.348387096774194,0.1283870967741935,100.50859032258064,173.18793548387094,95.2290322580645,57.51,11999.051612903226,2.14,237.55119354838712,2123.48,13.27,18162.99
2015-05-28,5.338709677419355,0.1287096774193548,100.49863225806452,173.23954838709676,95.40322580645162,57.69,12000.36129032258,2.13,237.57235483870969,2120.79,13.31,18126.12
2015-05-29,5.329032258064516,0.1290322580645161,100.48867419354838,173.29116129032258,95.57741935483872,60.25,12001.670967741937,2.12,237.59351612903228,2107.39,13.84,18010.68
2015-06-01,5.3,0.13,100.4588,173.446,96.1,60.24,12005.6,2.19,237.657,2111.73,13.97,18040.37
2015-06-02,5.296666666666667,0.13,100.47981666666666,173.48083333333332,96.0,61.3,12007.053333333331,2.27,237.66956666666667,2109.6,14.24,18011.94
2015-06-03,5.293333333333333,0.13,100.50083333333332,173.51566666666668,95.9,59.67,12008.506666666666,2.38,237.68213333333333,2114.07,13.66,18076.27
2015-06-04,5.29,0.13,100.52185,173.5505,95.8,58.0,12009.96,2.31,237.6947,2095.84,14.71,17905.58
2015-06-05,5.286666666666666,0.13,100.54286666666668,173.58533333333332,95.7,59.11,12011.413333333334,2.41,237.70726666666667,2092.83,14.21,17849.46
2015-06-08,5.276666666666666,0.13,100.60591666666666,173.68983333333333,95.4,58.15,12015.773333333334,2.39,237.74496666666667,2079.28,15.29,17766.55
2015-06-09,5.273333333333333,0.13,100.62693333333333,173.72466666666668,95.3,60.15,12017.226666666667,2.42,237.75753333333333,2080.15,14.47,17764.04
2015-06-10,5.27,0.13,100.64795,173.7595,95.2,61.36,12018.68,2.5,237.7701,2105.2,13.22,18000.4
2015-06-11,5.266666666666667,0.13,100.66896666666666,173.79433333333333,95.1,60.74,12020.133333333331,2.39,237.78266666666667,2108.86,12.85,18039.37
2015-06-12,5.263333333333334,0.13,100.68998333333332,173.82916666666668,95.0,59.96,12021.586666666668,2.39,237.79523333333333,2094.11,13.78,17898.84
2015-06-15,5.253333333333333,0.13,100.75303333333332,173.93366666666668,94.7,59.53,12025.946666666669,2.36,237.83293333333333,2084.43,15.39,17791.17
2015-06-16,5.25,0.13,100.77405,173.9685,94.6,60.01,12027.4,2.32,237.8455,2096.29,14.81,17904.48
2015-06-17,5.246666666666667,0.13,100.79506666666666,174.00333333333333,94.5,59.89,12028.853333333334,2.32,237.85806666666667,2100.44,14.5,17935.74
2015-06-18,5.243333333333333,0.13,100.81608333333332,174.03816666666668,94.4,60.41,12030.306666666667,2.35,237.87063333333333,2121.24,13.19,18115.84
2015-06-19,5.24,0.13,100.8371,174.073,94.3,59.62,12031.76,2.26,237.8832,2109.99,13.96,18015.95
2015-06-22,5.23,0.13,100.90015,174.1775,94.0,60.01,12036.12,2.37,237.9209,2122.85,12.74,18119.78
2015-06-23,5.226666666666667,0.13,100.92116666666666,174.21233333333333,93.9,61.05,12037.573333333334,2.42,237.93346666666667,2124.2,12.11,18144.07
2015-06-24,5.223333333333334,0.13,100.94218333333332,174.2471666666667,93.8,60.01,12039.026666666668,2.38,237.94603333333333,2108.58,13.26,17966.07
2015-06-25,5.22,0.13,100.9632,174.282,93.7,59.59,12040.48,2.4,237.9586,2102.31,14.01,17890.36
2015-06-26,5.216666666666667,0.13,100.98421666666668,174.31683333333334,93.6,59.41,12041.933333333334,2.49,237.97116666666665,2101.49,14.02,17946.68
2015-06-29,5.206666666666667,0.13,101.04726666666666,174.42133333333334,93.3,58.34,12046.293333333337,2.33,238.00886666666665,2057.64,18.85,17596.35
2015-06-30,5.203333333333333,0.13,101.06828333333333,174.4561666666667,93.2,59.48,12047.746666666668,2.35,238.0214333333333,2063.11,18.23,17619.51
2015-07-01,5.2,0.13,101.0893,174.491,93.1,56.94,12049.2,2.43,238.034,2077.42,16.09,17757.91
2015-07-02,5.196774193548388,0.1303225806451613,101.0837258064516,174.5051612903226,93.06129032258065,56.93,12050.635483870969,2.4,238.03396774193547,2076.78,16.79,17730.11
2015-07-03,5.193548387096774,0.1306451612903225,101.07815161290324,174.51932258064517,93.02258064516128,55.8175,12052.070967741936,2.375,238.0339354838709,2074.775,16.845,17718.4775
2015-07-06,5.183870967741935,0.1316129032258064,101.06142903225806,174.5618064516129,92.90645161290324,52.48,12056.37741935484,2.3,238.0338387096774,2068.76,17.01,17683.58
2015-07-07,5.180645161290323,0.1319354838709677,101.05585483870968,174.5759677419355,92.86774193548386,52.33,12057.812903225808,2.27,238.0338064516129,2081.34,16.09,17776.91
2015-07-08,5.17741935483871,0.132258064516129,101.05028064516128,174.5901290322581,92.82903225806452,51.61,12059.248387096775,2.22,238.0337741935484,2046.68,19.66,17515.42
2015-07-09,5.174193548387096,0.1325806451612903,101.0447064516129,174.60429032258065,92.79032258064515,52.76,12060.683870967743,2.32,238.03374193548387,2051.31,19.97,17548.62
2015-07-10,5.170967741935484,0.1329032258064516,101.03913225806453,174.61845161290324,92.7516129032258,52.74,12062.119354838713,2.42,238.03370967741927,2076.62,16.83,17760.41
2015-07-13,5.161290322580645,0.1338709677419355,101.02240967741936,174.660935483871,92.63548387096776,52.19,12066.425806451614,2.44,238.0336129032258,2099.6,13.9,17977.68
2015-07-14,5.158064516129032,0.1341935483870968,101.01683548387096,174.67509677419355,92.59677419354838,53.05,12067.861290322582,2.41,238.0335806451613,2108.95,13.37,18053.58
2015-07-15,5.154838709677419,0.134516129032258,101.01126129032258,174.68925806451614,92.55806451612904,51.4,12069.29677419355,2.36,238.0335483870968,2107.4,13.23,18050.17
2015-07-16,5.151612903225806,0.1348387096774193,101.0056870967742,174.70341935483873,92.51935483870967,50.9,12070.732258064518,2.36,238.03351612903225,2124.29,12.11,18120.25
2015-07-17,5.148387096774194,0.1351612903225806,101.0001129032258,174.7175806451613,92.48064516129033,50.88,12072.167741935484,2.34,238.03348387096773,2126.64,11.95,18086.45
2015-07-20,5.138709677419355,0.1361290322580645,100.98339032258065,174.76006451612903,92.36451612903224,50.11,12076.474193548387,2.38,238.0333870967742,2128.28,12.25,18100.41
2015-07-21,5.135483870967742,0.1364516129032258,100.97781612903223,174.77422580645162,92.3258064516129,50.59,12077.909677419357,2.35,238.03335483870967,2119.21,12.22,17919.29
2015-07-22,5.132258064516129,0.1367741935483871,100.97224193548386,174.78838709677422,92.28709677419356,49.27,12079.345161290325,2.33,238.03332258064515,2114.15,12.12,17851.04
2015-07-23,5.129032258064516,0.1370967741935484,100.96666774193548,174.80254838709678,92.2483870967742,48.11,12080.78064516129,2.28,238.03329032258063,2102.15,12.64,17731.92
2015-07-24,5.125806451612903,0.1374193548387096,100.9610935483871,174.81670967741937,92.20967741935485,47.98,12082.216129032258,2.27,238.0332580645161,2079.65,13.74,17568.53
2015-07-27,5.116129032258065,0.1383870967741935,100.94437096774192,174.8591935483871,92.09354838709676,47.17,12086.522580645162,2.23,238.03316129032257,2067.64,15.6,17440.59
2015-07-28,5.112903225806451,0.1387096774193548,100.93879677419356,174.87335483870967,92.05483870967744,47.97,12087.95806451613,2.26,238.03312903225805,2093.25,13.44,17630.27
2015-07-29,5.109677419354838,0.1390322580645161,100.93322258064516,174.88751612903226,92.01612903225806,48.77,12089.393548387096,2.29,238.03309677419352,2108.57,12.5,17751.39
2015-07-30,5.106451612903226,0.1393548387096774,100.92764838709677,174.90167741935483,91.97741935483872,48.53,12090.829032258063,2.28,238.03306451612903,2108.63,12.13,17745.98
2015-07-31,5.103225806451612,0.1396774193548387,100.92207419354838,174.91583870967742,91.93870967741935,47.11,12092.264516129031,2.2,238.0330322580645,2103.84,12.12,17689.86
2015-08-03,5.0935483870967735,0.14,100.89820967741936,174.93670967741937,91.5967741935484,45.25,12097.64193548387,2.16,237.99848387096773,2098.04,12.56,17598.2
2015-08-04,5.090322580645161,0.14,100.88906451612904,174.94006451612904,91.4451612903226,45.75,12099.612903225809,2.23,237.9812258064516,2093.32,13.0,17550.69
2015-08-05,5.087096774193548,0.14,100.8799193548387,174.9434193548387,91.29354838709678,45.13,12101.583870967745,2.28,237.96396774193548,2099.84,12.51,17540.47
2015-08-06,5.083870967741936,0.14,100.8707741935484,174.9467741935484,91.14193548387097,44.69,12103.55483870968,2.23,237.9467096774193,2083.56,13.77,17419.75
2015-08-07,5.080645161290322,0.14,100.86162903225808,174.95012903225808,90.99032258064516,43.87,12105.525806451613,2.18,237.9294516129032,2077.57,13.39,17373.38
2015-08-10,5.070967741935483,0.14,100.83419354838708,174.9601935483871,90.53548387096777,44.94,12111.43870967742,2.24,237.8776774193548,2104.18,12.23,17615.17
2015-08-11,5.067741935483871,0.14,100.82504838709676,174.96354838709678,90.38387096774194,43.11,12113.409677419357,2.15,237.8604193548387,2084.07,13.71,17402.84
2015-08-12,5.064516129032258,0.14,100.81590322580644,174.96690322580648,90.23225806451612,43.22,12115.38064516129,2.14,237.84316129032257,2086.05,13.61,17402.51
2015-08-13,5.061290322580645,0.14,100.80675806451612,174.97025806451614,90.08064516129032,42.27,12117.351612903229,2.19,237.82590322580643,2083.39,13.49,17408.25
2015-08-14,5.058064516129032,0.14,100.7976129032258,174.9736129032258,89.92903225806452,42.45,12119.32258064516,2.2,237.80864516129031,2091.54,12.83,17477.4
2015-08-17,5.048387096774193,0.14,100.77017741935484,174.98367741935485,89.4741935483871,41.93,12125.235483870969,2.16,237.75687096774192,2102.44,13.02,17545.18
2015-08-18,5.04516129032258,0.14,100.76103225806452,174.98703225806452,89.3225806451613,42.58,12127.206451612905,2.2,237.7396129032258,2096.92,13.79,17511.34
2015-08-19,5.041935483870968,0.14,100.7518870967742,174.9903870967742,89.17096774193548,40.75,12129.17741935484,2.12,237.7223548387097,2079.61,15.25,17348.73
2015-08-20,5.038709677419354,0.14,100.74274193548386,174.99374193548388,89.01935483870969,41.0,12131.148387096771,2.09,237.70509677419355,2035.73,19.14,16990.69
2015-08-21,5.035483870967742,0.14,100.73359677419354,174.99709677419355,88.86774193548388,40.45,12133.11935483871,2.05,237.6878387096774,1970.89,28.03,16459.75
2015-08-24,5.025806451612903,0.14,100.70616129032258,175.0071612903226,88.41290322580646,38.22,12139.032258064515,2.01,237.636064516129,1893.21,40.74,15871.35
2015-08-25,5.02258064516129,0.14,100.69701612903224,175.01051612903228,88.26129032258065,39.15,12141.003225806451,2.12,237.6188064516129,1867.61,36.02,15666.44
2015-08-26,5.019354838709678,0.14,100.68787096774192,175.01387096774195,88.10967741935484,38.5,12142.974193548387,2.18,237.6015483870968,1940.51,30.32,16285.51
2015-08-27,5.016129032258064,0.14,100.6787258064516,175.01722580645162,87.95806451612904,42.47,12144.94516129032,2.18,237.58429032258064,1987.66,26.1,16654.77
2015-08-28,5.012903225806451,0.14,100.66958064516128,175.02058064516132,87.80645161290323,45.29,12146.916129032255,2.19,237.5670322580645,1988.87,26.05,16643.01
2015-08-31,5.003225806451613,0.14,100.64214516129032,175.03064516129035,87.35161290322581,49.2,12152.829032258063,2.21,237.51525806451613,1972.18,28.43,16528.03
2015-09-01,5.0,0.14,100.633,175.03400000000002,87.2,45.38,12154.8,2.17,237.498,1913.85,31.4,16058.35
2015-09-02,5.0,0.1393333333333333,100.61711,175.03413333333336,87.29333333333334,46.3,12156.509999999998,2.2,237.50583333333333,1948.86,26.09,16351.38
2015-09-03,5.0,0.1386666666666667,100.60122,175.0342666666667,87.38666666666667,46.75,12158.22,2.18,237.5136666666667,1951.13,25.61,16374.76
2015-09-04,5.0,0.138,100.58533,175.0344,87.48,46.02,12159.93,2.13,237.5215,1921.22,27.8,16102.38
2015-09-07,5.0,0.136,100.53766,175.03480000000002,87.76,45.945,12165.06,2.1825,237.545,1957.3625,25.625,16395.105
2015-09-08,5.0,0.1353333333333333,100.52177,175.03493333333336,87.85333333333334,45.92,12166.77,2.2,237.55283333333333,1969.41,24.9,16492.68
2015-09-09,5.0,0.1346666666666666,100.50588,175.0350666666667,87.94666666666667,44.13,12168.48,2.21,237.56066666666663,1942.04,26.23,16253.57
2015-09-10,5.0,0.134,100.48999,175.0352,88.04,45.85,12170.19,2.23,237.5685,1952.29,24.37,16330.4
2015-09-11,5.0,0.1333333333333333,100.4741,175.03533333333334,88.13333333333334,44.75,12171.9,2.2,237.5763333333333,1961.05,23.2,16433.09
2015-09-14,5.0,0.1313333333333333,100.42643,175.03573333333333,88.41333333333334,44.07,12177.03,2.18,237.5998333333333,1953.03,24.25,16370.96
2015-09-15,5.0,0.1306666666666666,100.41054,175.03586666666666,88.50666666666667,44.58,12178.74,2.28,237.60766666666663,1978.09,22.54,16599.85
2015-09-16,5.0,0.13,100.39465,175.036,88.6,47.12,12180.45,2.3,237.6155,1995.31,21.35,16739.95
2015-09-17,5.0,0.1293333333333333,100.37876,175.03613333333334,88.69333333333333,46.93,12182.16,2.21,237.6233333333333,1990.2,21.14,16674.74
2015-09-18,5.0,0.1286666666666666,100.36287,175.03626666666668,88.78666666666666,44.71,12183.87,2.13,237.63116666666667,1958.03,22.28,16384.58
2015-09-21,5.0,0.1266666666666666,100.3152,175.03666666666666,89.06666666666666,46.67,12189.0,2.2,237.65466666666663,1966.97,20.14,16510.19
2015-09-22,5.0,0.126,100.29931,175.0368,89.16,46.17,12190.71,2.14,237.6625,1942.74,22.44,16330.47
2015-09-23,5.0,0.1253333333333333,100.28342,175.03693333333334,89.25333333333333,44.53,12192.42,2.16,237.67033333333333,1938.76,22.13,16279.89
2015-09-24,5.0,0.1246666666666666,100.26753,175.03706666666665,89.34666666666666,44.94,12194.13,2.13,237.67816666666667,1932.24,23.47,16201.32
2015-09-25,5.0,0.124,100.25164,175.03719999999998,89.44,45.55,12195.84,2.17,237.686,1931.34,23.62,16314.67
2015-09-28,5.0,0.122,100.20397,175.0376,89.72,44.4,12200.97,2.1,237.7095,1881.77,27.63,16001.89
2015-09-29,5.0,0.1213333333333333,100.18808,175.0377333333333,89.81333333333333,45.24,12202.68,2.05,237.71733333333333,1884.09,26.83,16049.13
2015-09-30,5.0,0.1206666666666666,100.17219,175.03786666666664,89.90666666666667,45.06,12204.39,2.06,237.72516666666667,1920.03,24.5,16284.7
2015-10-01,5.0,0.12,100.1563,175.03799999999998,90.0,44.75,12206.1,2.05,237.733,1923.82,22.55,16272.01
2015-10-02,5.003225806451613,0.12,100.13308387096774,175.04090322580643,90.04193548387097,45.54,12209.048387096776,1.99,237.74216129032257,1951.36,20.94,16472.37
2015-10-05,5.012903225806451,0.12,100.06343548387098,175.04961290322578,90.16774193548387,46.28,12217.893548387096,2.07,237.7696451612904,1987.05,19.54,16776.43
2015-10-06,5.016129032258064,0.12,100.04021935483873,175.05251612903223,90.20967741935485,48.53,12220.841935483872,2.05,237.7788064516129,1979.92,19.4,16790.19
2015-10-07,5.019354838709678,0.12,100.01700322580643,175.0554193548387,90.2516129032258,47.86,12223.790322580646,2.08,237.7879677419355,1995.83,18.4,16912.29
2015-10-08,5.02258064516129,0.12,99.9937870967742,175.05832258064515,90.29354838709678,49.46,12226.73870967742,2.12,237.79712903225808,2013.43,17.42,17050.75
2015-10-09,5.025806451612903,0.12,99.97057096774192,175.0612258064516,90.33548387096774,49.67,12229.687096774194,2.12,237.80629032258065,2014.89,17.08,17084.49
2015-10-12,5.035483870967742,0.12,99.90092258064516,175.06993548387095,90.46129032258064,47.09,12238.532258064515,2.075,237.8337741935484,2017.46,16.17,17131.86
2015-10-13,5.038709677419354,0.12,99.87770645161292,175.0728387096774,90.5032258064516,46.7,12241.480645161291,2.06,237.84293548387097,2003.69,17.67,17081.89
2015-10-14,5.041935483870968,0.12,99.85449032258065,175.07574193548385,90.54516129032258,46.63,12244.429032258064,1.99,237.8520967741936,1994.24,18.03,16924.75
2015-10-15,5.04516129032258,0.12,99.83127419354838,175.0786451612903,90.58709677419354,46.38,12247.37741935484,2.04,237.8612580645161,2023.86,16.05,17141.75
2015-10-16,5.048387096774193,0.12,99.80805806451612,175.08154838709677,90.62903225806453,47.3,12250.325806451614,2.04,237.8704193548387,2033.11,15.05,17215.97
2015-10-19,5.058064516129032,0.12,99.73840967741936,175.09025806451612,90.7548387096774,45.91,12259.170967741937,2.04,237.8979032258065,2033.66,14.98,17230.54
2015-10-20,5.061290322580645,0.12,99.71519354838708,175.09316129032257,90.7967741935484,45.84,12262.11935483871,2.08,237.90706451612903,2030.77,15.75,17217.11
2015-10-21,5.064516129032258,0.12,99.69197741935484,175.09606451612902,90.83870967741936,45.22,12265.067741935483,2.04,237.9162258064516,2018.94,16.7,17168.61
2015-10-22,5.067741935483871,0.12,99.66876129032258,175.09896774193547,90.88064516129032,44.9,12268.016129032258,2.04,237.9253870967742,2052.51,14.45,17489.16
2015-10-23,5.070967741935483,0.12,99.64554516129031,175.10187096774192,90.92258064516128,43.91,12270.964516129032,2.09,237.9345483870968,2075.15,14.46,17646.7
2015-10-26,5.080645161290322,0.12,99.57589677419357,175.11058064516126,91.0483870967742,43.19,12279.809677419356,2.07,237.9620322580645,2071.18,15.29,17623.05
2015-10-27,5.083870967741936,0.12,99.55268064516127,175.11348387096774,91.09032258064516,43.21,12282.758064516129,2.05,237.9711935483871,2065.89,15.43,17581.43
2015-10-28,5.087096774193548,0.12,99.52946451612902,175.1163870967742,91.13225806451612,45.93,12285.706451612905,2.1,237.98035483870967,2090.35,14.33,17779.52
2015-10-29,5.090322580645161,0.12,99.50624838709678,175.11929032258064,91.1741935483871,46.02,12288.654838709675,2.19,237.98951612903227,2089.41,14.61,17755.8
2015-10-30,5.0935483870967735,0.12,99.48303225806453,175.1221935483871,91.21612903225808,46.6,12291.603225806452,2.16,237.99867741935483,2079.36,15.07,17663.54
2015-11-02,5.096666666666667,0.124,99.42028333333332,175.12706666666665,91.34333333333332,46.12,12299.873333333331,2.2,238.00846666666664,2104.05,14.15,17828.76
2015-11-03,5.093333333333333,0.128,99.40396666666666,175.1261333333333,91.38666666666668,47.88,12302.246666666666,2.23,237.99993333333333,2109.79,14.54,17918.15
2015-11-04,5.09,0.132,99.38765,175.12519999999998,91.43,46.32,12304.62,2.25,237.9914,2102.31,15.51,17867.58
2015-11-05,5.086666666666666,0.136,99.37133333333334,175.12426666666664,91.47333333333331,45.27,12306.993333333334,2.26,237.98286666666667,2099.93,15.05,17863.43
2015-11-06,5.083333333333333,0.1399999999999999,99.35501666666669,175.1233333333333,91.51666666666668,44.32,12309.366666666669,2.34,237.97433333333333,2099.2,14.33,17910.33
2015-11-09,5.073333333333333,0.152,99.30606666666668,175.12053333333333,91.64666666666666,43.87,12316.486666666668,2.36,237.9487333333333,2078.58,16.52,17730.48
2015-11-10,5.069999999999999,0.156,99.28975,175.1196,91.69,44.23,12318.86,2.32,237.9402,2081.72,15.29,17758.21
2015-11-11,5.066666666666666,0.16,99.27343333333332,175.11866666666666,91.73333333333332,42.95,12321.233333333334,2.32,237.93166666666667,2075.0,16.06,17702.22
2015-11-12,5.0633333333333335,0.1639999999999999,99.25711666666666,175.11773333333332,91.77666666666666,41.74,12323.606666666668,2.32,237.9231333333333,2045.97,18.37,17448.07
2015-11-13,5.06,0.1679999999999999,99.2408,175.11679999999998,91.82,40.69,12325.98,2.28,237.9146,2023.04,20.08,17245.24
2015-11-16,5.05,0.18,99.19185,175.11399999999998,91.95,41.68,12333.1,2.27,237.889,2053.19,18.16,17483.01
2015-11-17,5.046666666666667,0.184,99.17553333333332,175.11306666666667,91.99333333333333,40.73,12335.473333333332,2.25,237.88046666666665,2050.44,18.84,17489.5
2015-11-18,5.043333333333333,0.188,99.15921666666668,175.11213333333333,92.03666666666666,40.75,12337.846666666666,2.27,237.8719333333333,2083.58,16.85,17737.16
2015-11-19,5.04,0.192,99.1429,175.1112,92.08,40.55,12340.22,2.24,237.8634,2081.24,16.99,17732.75
2015-11-20,5.036666666666666,0.196,99.12658333333334,175.11026666666666,92.12333333333332,39.39,12342.593333333334,2.26,237.85486666666665,2089.17,15.47,17823.81
2015-11-23,5.026666666666666,0.208,99.07763333333334,175.10746666666665,92.25333333333332,39.27,12349.713333333331,2.25,237.82926666666663,2086.59,15.62,17792.68
2015-11-24,5.023333333333333,0.212,99.06131666666668,175.10653333333332,92.29666666666668,40.89,12352.086666666668,2.24,237.8207333333333,2089.14,15.93,17812.19
2015-11-25,5.02,0.216,99.045,175.10559999999998,92.34,41.22,12354.46,2.23,237.8122,2088.87,15.19,17813.39
2015-11-26,5.016666666666667,0.22,99.02868333333332,175.10466666666667,92.38333333333333,40.895,12356.833333333334,2.225,237.80366666666663,2089.49,15.155,17805.940000000002
2015-11-27,5.013333333333334,0.224,99.01236666666668,175.10373333333334,92.42666666666666,40.57,12359.206666666669,2.22,237.79513333333333,2090.11,15.12,17798.49
2015-11-30,5.003333333333333,0.236,98.96341666666667,175.10093333333333,92.55666666666666,40.43,12366.326666666668,2.21,237.76953333333333,2080.41,16.13,17719.92
2015-12-01,5.0,0.24,98.9471,175.1,92.6,40.58,12368.7,2.15,237.761,2102.63,14.67,17888.35
2015-12-02,4.993548387096774,0.2432258064516129,98.96297096774194,175.09745161290323,92.58064516129032,39.93,12373.129032258064,2.18,237.7574838709677,2079.51,15.91,17729.68
2015-12-03,4.987096774193549,0.2464516129032258,98.97884193548389,175.09490322580643,92.56129032258065,41.08,12377.55806451613,2.33,237.75396774193547,2049.62,18.11,17477.67
2015-12-04,4.980645161290322,0.2496774193548387,98.99471290322582,175.09235483870967,92.54193548387096,40.0,12381.987096774194,2.28,237.7504516129032,2091.69,14.81,17847.63
2015-12-07,4.961290322580645,0.2593548387096774,99.0423258064516,175.08470967741934,92.48387096774194,37.64,12395.274193548388,2.23,237.73990322580644,2077.07,15.84,17730.51
2015-12-08,4.95483870967742,0.2625806451612903,99.05819677419356,175.08216129032257,92.46451612903223,37.46,12399.703225806452,2.24,237.7363870967742,2063.59,17.6,17568.0
2015-12-09,4.948387096774193,0.2658064516129032,99.0740677419355,175.0796129032258,92.44516129032256,37.16,12404.132258064516,2.22,237.73287096774192,2047.62,19.61,17492.3
2015-12-10,4.941935483870967,0.2690322580645161,99.08993870967744,175.077064516129,92.4258064516129,36.76,12408.56129032258,2.24,237.72935483870967,2052.23,19.34,17574.75
2015-12-11,4.935483870967742,0.272258064516129,99.10580967741936,175.07451612903225,92.40645161290324,35.65,12412.990322580648,2.13,237.72583870967745,2012.37,24.39,17265.21
2015-12-14,4.916129032258064,0.2819354838709677,99.15342258064516,175.06687096774192,92.3483870967742,36.31,12426.27741935484,2.23,237.71529032258064,2021.94,22.73,17368.5
2015-12-15,4.909677419354838,0.2851612903225806,99.1692935483871,175.06432258064515,92.32903225806452,37.32,12430.706451612905,2.28,237.7117741935484,2043.41,20.95,17524.91
2015-12-16,4.903225806451613,0.2883870967741935,99.18516451612903,175.0617741935484,92.30967741935484,35.55,12435.135483870969,2.3,237.7082580645161,2073.07,17.86,17749.09
2015-12-17,4.896774193548387,0.2916129032258064,99.20103548387095,175.0592258064516,92.29032258064515,34.98,12439.564516129032,2.24,237.70474193548387,2041.89,18.94,17495.84
2015-12-18,4.890322580645162,0.2948387096774194,99.2169064516129,175.05667741935483,92.27096774193548,34.72,12443.993548387098,2.19,237.7012258064516,2005.55,20.7,17128.55
2015-12-21,4.870967741935484,0.304516129032258,99.26451935483873,175.0490322580645,92.21290322580644,34.55,12457.28064516129,2.2,237.69067741935484,2021.15,18.7,17251.62
2015-12-22,4.864516129032258,0.3077419354838709,99.28039032258064,175.04648387096773,92.19354838709675,36.12,12461.709677419354,2.24,237.68716129032256,2038.97,16.6,17417.27
2015-12-23,4.858064516129032,0.3109677419354839,99.29626129032258,175.04393548387097,92.1741935483871,36.76,12466.13870967742,2.27,237.68364516129031,2064.29,15.57,17602.61
2015-12-24,4.851612903225806,0.3141935483870968,99.31213225806452,175.04138709677417,92.15483870967742,37.62,12470.567741935483,2.25,237.6801290322581,2060.99,15.74,17552.17
2015-12-25,4.84516129032258,0.3174193548387097,99.32800322580646,175.0388387096774,92.13548387096776,37.305,12474.996774193549,2.2475,237.6766129032258,2059.8675,16.0325,17546.195
2015-12-28,4.825806451612903,0.3270967741935484,99.37561612903224,175.03119354838708,92.07741935483872,36.36,12488.283870967742,2.24,237.666064516129,2056.5,16.91,17528.27
2015-12-29,4.819354838709677,0.3303225806451613,99.39148709677418,175.0286451612903,92.05806451612904,37.88,12492.712903225807,2.32,237.6625483870968,2078.36,16.08,17720.98
2015-12-30,4.812903225806451,0.3335483870967742,99.40735806451612,175.02609677419355,92.03870967741936,36.59,12497.14193548387,2.31,237.6590322580645,2063.36,17.29,17603.87
2015-12-31,4.806451612903226,0.3367741935483871,99.42322903225806,175.02354838709675,92.01935483870967,37.13,12501.570967741936,2.27,237.65551612903224,2043.94,18.21,17425.03
2016-01-01,4.8,0.34,99.4391,175.021,92.0,37.05,12506.0,2.2625,237.652,2036.12,18.8325,17356.0075
2016-01-04,4.809677419354839,0.3438709677419355,99.3891741935484,175.04480645161289,91.97096774193548,36.81,12512.987096774194,2.24,237.6214193548387,2012.66,20.7,17148.94
2016-01-05,4.812903225806451,0.3451612903225807,99.37253225806452,175.05274193548385,91.96129032258064,35.97,12515.31612903226,2.25,237.6112258064516,2016.71,19.34,17158.66
2016-01-06,4.816129032258065,0.3464516129032258,99.35589032258063,175.06067741935482,91.9516129032258,33.97,12517.645161290322,2.18,237.6010322580645,1990.26,20.59,16906.51
2016-01-07,4.819354838709677,0.347741935483871,99.33924838709676,175.06861290322578,91.94193548387096,33.29,12519.974193548387,2.16,237.5908387096774,1943.09,24.99,16514.1
2016-01-08,4.82258064516129,0.3490322580645161,99.3226064516129,175.07654838709675,91.93225806451612,33.2,12522.303225806452,2.13,237.5806451612903,1922.03,27.01,16346.45
2016-01-11,4.832258064516129,0.3529032258064516,99.27268064516127,175.10035483870968,91.90322580645162,31.42,12529.290322580646,2.17,237.55006451612903,1923.67,24.3,16398.57
2016-01-12,4.835483870967742,0.3541935483870967,99.2560387096774,175.10829032258064,91.89354838709676,30.42,12531.61935483871,2.12,237.539870967742,1938.68,22.47,16516.22
2016-01-13,4.838709677419355,0.355483870967742,99.23939677419354,175.1162258064516,91.88387096774194,30.42,12533.948387096774,2.08,237.52967741935484,1890.28,25.22,16151.41
2016-01-14,4.841935483870968,0.3567741935483871,99.22275483870968,175.12416129032258,91.8741935483871,31.22,12536.27741935484,2.1,237.5194838709677,1921.84,23.95,16379.05
2016-01-15,4.845161290322581,0.3580645161290323,99.2061129032258,175.13209677419354,91.86451612903224,29.45,12538.606451612904,2.03,237.50929032258065,1880.33,27.02,15988.08
2016-01-18,4.854838709677419,0.3619354838709677,99.1561870967742,175.15590322580644,91.83548387096776,28.715,12545.593548387098,2.0525,237.4787096774193,1881.08,26.2925,16009.035
2016-01-19,4.858064516129033,0.3632258064516129,99.13954516129031,175.1638387096774,91.8258064516129,28.47,12547.92258064516,2.06,237.46851612903225,1881.33,26.05,16016.02
2016-01-20,4.861290322580645,0.364516129032258,99.12290322580644,175.17177419354837,91.81612903225806,26.68,12550.251612903226,2.01,237.4583225806452,1859.33,27.59,15766.74
2016-01-21,4.864516129032258,0.3658064516129032,99.10626129032258,175.17970967741934,91.80645161290325,29.55,12552.580645161292,2.02,237.44812903225807,1868.99,26.69,15882.68
2016-01-22,4.867741935483871,0.3670967741935484,99.0896193548387,175.1876451612903,91.7967741935484,32.07,12554.909677419357,2.07,237.43793548387097,1906.9,22.34,16093.51
2016-01-25,4.87741935483871,0.3709677419354839,99.03969354838708,175.21145161290323,91.76774193548388,30.31,12561.896774193548,2.03,237.4073548387097,1877.08,24.15,15885.22
2016-01-26,4.880645161290323,0.372258064516129,99.02305161290322,175.2193870967742,91.75806451612904,29.54,12564.225806451614,2.01,237.3971612903226,1903.63,22.5,16167.23
2016-01-27,4.883870967741935,0.3735483870967742,99.00640967741936,175.22732258064516,91.7483870967742,32.32,12566.55483870968,2.02,237.38696774193548,1882.95,23.11,15944.46
2016-01-28,4.887096774193549,0.3748387096774194,98.98976774193548,175.23525806451613,91.73870967741937,33.21,12568.883870967742,2.0,237.3767741935484,1893.36,22.42,16069.64
2016-01-29,4.890322580645162,0.3761290322580645,98.9731258064516,175.2431935483871,91.72903225806452,33.66,12571.212903225807,1.94,237.3665806451613,1940.24,20.2,16466.3
2016-02-01,4.9,0.38,98.9232,175.267,91.7,31.62,12578.2,1.97,237.336,1939.38,19.98,16449.18
2016-02-02,4.903448275862069,0.3793103448275862,98.89700344827584,175.3126551724138,91.67586206896551,29.9,12579.951724137933,1.87,237.3616551724138,1903.03,21.98,16153.54
2016-02-03,4.906896551724138,0.3786206896551724,98.87080689655173,175.35831034482757,91.65172413793104,32.29,12581.703448275865,1.88,237.3873103448276,1912.53,21.65,16336.66
2016-02-04,4.910344827586207,0.3779310344827586,98.8446103448276,175.40396551724135,91.62758620689657,31.63,12583.455172413796,1.87,237.4129655172414,1915.45,21.84,16416.58
2016-02-05,4.913793103448276,0.3772413793103448,98.81841379310345,175.44962068965518,91.60344827586208,30.86,12585.206896551725,1.86,237.4386206896552,1880.05,23.38,16204.97
2016-02-08,4.924137931034483,0.3751724137931034,98.73982413793102,175.58658620689656,91.53103448275864,29.71,12590.462068965518,1.75,237.51558620689656,1853.44,26.0,16027.05
2016-02-09,4.927586206896552,0.3744827586206896,98.7136275862069,175.63224137931033,91.50689655172414,27.96,12592.213793103449,1.74,237.54124137931035,1852.21,26.54,16014.38
2016-02-10,4.931034482758621,0.3737931034482759,98.68743103448276,175.67789655172413,91.48275862068964,27.54,12593.96551724138,1.71,237.5668965517241,1851.86,26.29,15914.74
2016-02-11,4.93448275862069,0.373103448275862,98.66123448275862,175.72355172413793,91.45862068965518,26.19,12595.71724137931,1.63,237.592551724138,1829.08,28.14,15660.18
2016-02-12,4.937931034482759,0.3724137931034483,98.63503793103447,175.7692068965517,91.43448275862067,29.32,12597.468965517242,1.74,237.61820689655173,1864.78,25.4,15973.84
2016-02-15,4.948275862068965,0.3703448275862069,98.55644827586208,175.9061724137931,91.36206896551724,29.1175,12602.724137931034,1.77,237.6951724137931,1887.88,24.4325,16140.7675
2016-02-16,4.951724137931035,0.3696551724137931,98.53025172413793,175.9518275862069,91.33793103448276,29.05,12604.475862068966,1.78,237.72082758620687,1895.58,24.11,16196.41
2016-02-17,4.955172413793104,0.3689655172413793,98.5040551724138,175.99748275862066,91.31379310344828,30.68,12606.227586206896,1.81,237.74648275862072,1926.82,22.31,16453.83
2016-02-18,4.958620689655173,0.3682758620689655,98.47785862068966,176.0431379310345,91.2896551724138,30.77,12607.979310344828,1.75,237.7721379310345,1917.83,21.64,16413.43
2016-02-19,4.962068965517242,0.3675862068965517,98.45166206896552,176.08879310344827,91.26551724137931,29.59,12609.731034482758,1.76,237.7977931034483,1917.78,20.53,16391.99
2016-02-22,4.972413793103448,0.3655172413793103,98.3730724137931,176.22575862068965,91.19310344827586,31.37,12614.986206896552,1.77,237.87475862068968,1945.5,19.38,16620.66
2016-02-23,4.975862068965517,0.3648275862068965,98.34687586206896,176.27141379310342,91.16896551724138,31.84,12616.737931034482,1.74,237.90041379310347,1921.27,20.98,16431.78
2016-02-24,4.979310344827586,0.3641379310344828,98.32067931034484,176.31706896551722,91.1448275862069,30.35,12618.489655172414,1.75,237.9260689655173,1929.8,20.72,16484.99
2016-02-25,4.982758620689655,0.3634482758620689,98.29448275862067,176.36272413793102,91.1206896551724,31.4,12620.241379310344,1.71,237.95172413793105,1951.7,19.11,16697.29
2016-02-26,4.9862068965517246,0.3627586206896551,98.26828620689656,176.4083793103448,91.09655172413792,31.65,12621.993103448276,1.76,237.97737931034484,1948.05,19.81,16639.97
2016-02-29,4.996551724137931,0.3606896551724138,98.18969655172414,176.54534482758618,91.02413793103447,32.74,12627.248275862068,1.74,238.05434482758625,1932.23,20.55,16516.5
2016-03-01,5.0,0.36,98.1635,176.59099999999998,91.0,34.39,12629.0,1.83,238.08,1978.35,17.7,16865.08
2016-03-02,5.003225806451613,0.3603225806451612,98.17362903225806,176.6521935483871,90.93548387096774,34.57,12631.548387096776,1.84,238.1094193548388,1986.45,17.09,16899.32
2016-03-03,5.006451612903226,0.3606451612903226,98.18375806451613,176.71338709677417,90.87096774193547,34.56,12634.09677419355,1.83,238.13883870967743,1993.4,16.7,16943.9
2016-03-04,5.009677419354839,0.3609677419354838,98.1938870967742,176.77458064516128,90.80645161290325,35.91,12636.645161290322,1.88,238.16825806451607,1999.99,16.86,17006.77
2016-03-07,5.019354838709678,0.3619354838709677,98.22427419354838,176.95816129032255,90.61290322580643,37.9,12644.290322580646,1.91,238.25651612903224,2001.76,17.35,17073.95
2016-03-08,5.02258064516129,0.362258064516129,98.23440322580645,177.01935483870966,90.5483870967742,36.67,12646.83870967742,1.83,238.285935483871,1979.26,18.67,16964.1
2016-03-09,5.025806451612903,0.3625806451612903,98.24453225806452,177.08054838709677,90.48387096774194,37.62,12649.387096774191,1.9,238.31535483870968,1989.26,18.34,17000.36
2016-03-10,5.029032258064516,0.3629032258064516,98.2546612903226,177.14174193548385,90.41935483870968,37.77,12651.935483870968,1.93,238.3447741935484,1989.57,18.05,16995.13
2016-03-11,5.032258064516129,0.3632258064516129,98.26479032258064,177.20293548387096,90.35483870967742,38.51,12654.483870967742,1.98,238.3741935483871,2022.19,16.5,17213.31
2016-03-14,5.041935483870968,0.3641935483870968,98.29517741935484,177.38651612903226,90.16129032258064,37.2,12662.129032258064,1.97,238.46245161290324,2019.64,16.92,17229.13
2016-03-15,5.04516129032258,0.364516129032258,98.3053064516129,177.44770967741934,90.09677419354838,36.32,12664.67741935484,1.97,238.491870967742,2015.93,16.84,17251.53
2016-03-16,5.048387096774193,0.3648387096774193,98.31543548387096,177.50890322580645,90.03225806451613,38.43,12667.225806451614,1.94,238.52129032258063,2027.22,14.99,17325.76
2016-03-17,5.051612903225807,0.3651612903225806,98.32556451612903,177.57009677419353,89.96774193548387,40.17,12669.774193548386,1.91,238.5507096774193,2040.59,14.44,17481.49
2016-03-18,5.054838709677419,0.3654838709677419,98.3356935483871,177.63129032258064,89.90322580645162,39.47,12672.32258064516,1.88,238.58012903225807,2049.58,14.02,17602.3
2016-03-21,5.064516129032258,0.3664516129032258,98.36608064516128,177.81487096774194,89.70967741935483,39.91,12679.967741935485,1.92,238.66838709677413,2051.6,13.79,17623.87
2016-03-22,5.067741935483871,0.3667741935483871,98.37620967741935,177.87606451612902,89.64516129032258,41.45,12682.516129032258,1.94,238.6978064516129,2049.8,14.17,17582.57
2016-03-23,5.070967741935483,0.3670967741935483,98.38633870967742,177.93725806451613,89.58064516129032,38.28,12685.064516129032,1.88,238.7272258064516,2036.71,14.94,17502.59
2016-03-24,5.074193548387097,0.3674193548387097,98.39646774193548,177.9984516129032,89.51612903225806,38.14,12687.612903225809,1.91,238.75664516129032,2035.94,14.74,17515.73
2016-03-25,5.077419354838709,0.3677419354838709,98.40659677419356,178.05964516129032,89.45161290322581,38.1025,12690.16129032258,1.905,238.78606451612904,2036.2175,14.865,17520.645
2016-03-28,5.087096774193548,0.3687096774193548,98.43698387096777,178.24322580645162,89.25806451612904,37.99,12697.806451612903,1.89,238.8743225806452,2037.05,15.24,17535.39
2016-03-29,5.090322580645161,0.3690322580645161,98.4471129032258,178.3044193548387,89.19354838709677,36.91,12700.354838709678,1.81,238.90374193548385,2055.01,13.82,17633.11
2016-03-30,5.0935483870967735,0.3693548387096774,98.45724193548388,178.3656129032258,89.12903225806451,36.91,12702.90322580645,1.83,238.93316129032257,2063.95,13.56,17716.66
2016-03-31,5.096774193548387,0.3696774193548387,98.46737096774194,178.4268064516129,89.06451612903226,36.94,12705.451612903224,1.78,238.96258064516127,2059.74,13.95,17685.09
2016-04-01,5.1,0.37,98.4775,178.488,89.0,35.36,12708.0,1.79,238.992,2072.78,13.1,17792.75
2016-04-04,5.069999999999999,0.37,98.45524,178.6729,89.57,34.3,12714.7,1.78,239.0485,2066.13,14.12,17737.0
2016-04-05,5.06,0.37,98.44782,178.73453333333333,89.76,34.52,12716.933333333332,1.73,239.06733333333327,2045.17,15.42,17603.32
2016-04-06,5.05,0.37,98.4404,178.79616666666666,89.95,37.74,12719.166666666666,1.76,239.08616666666663,2066.66,14.09,17716.05
2016-04-07,5.04,0.37,98.43298,178.8578,90.14,37.3,12721.4,1.7,239.105,2041.91,16.16,17541.96
2016-04-08,5.029999999999999,0.37,98.42556,178.91943333333333,90.33,39.74,12723.633333333331,1.72,239.12383333333327,2047.6,15.36,17576.96
2016-04-11,5.0,0.37,98.4033,179.10433333333333,90.9,40.46,12730.333333333334,1.73,239.18033333333327,2041.99,16.26,17556.41
2016-04-12,4.989999999999999,0.37,98.39588,179.16596666666666,91.09,42.12,12732.566666666668,1.79,239.19916666666663,2061.72,14.85,17721.25
2016-04-13,4.98,0.37,98.38846,179.2276,91.28,41.7,12734.8,1.77,239.218,2082.42,13.84,17908.28
2016-04-14,4.97,0.37,98.38104,179.28923333333333,91.47,41.45,12737.033333333333,1.8,239.2368333333333,2082.78,13.72,17926.43
2016-04-15,4.96,0.37,98.37362,179.35086666666666,91.66,40.4,12739.266666666666,1.76,239.25566666666663,2080.73,13.62,17897.46
2016-04-18,4.93,0.37,98.35136,179.53576666666666,92.23,39.74,12745.966666666667,1.78,239.31216666666663,2094.34,13.35,18004.16
2016-04-19,4.92,0.37,98.34394,179.5974,92.42,40.88,12748.2,1.79,239.331,2100.8,13.24,18053.6
2016-04-20,4.91,0.37,98.33652,179.65903333333333,92.61,42.72,12750.433333333332,1.85,239.3498333333333,2102.4,13.28,18096.27
2016-04-21,4.9,0.37,98.3291,179.72066666666666,92.8,43.18,12752.666666666666,1.88,239.36866666666663,2091.48,13.95,17982.52
2016-04-22,4.89,0.37,98.32168,179.7823,92.99,42.76,12754.9,1.89,239.3875,2091.58,13.22,18003.75
2016-04-25,4.859999999999999,0.37,98.29942,179.9672,93.56,41.67,12761.6,1.91,239.444,2087.79,14.08,17977.24
2016-04-26,4.85,0.37,98.292,180.02883333333332,93.75,42.52,12763.833333333334,1.94,239.4628333333333,2091.7,13.96,17990.32
2016-04-27,4.84,0.37,98.28458,180.09046666666666,93.94,45.29,12766.066666666668,1.87,239.48166666666663,2095.15,13.77,18041.55
2016-04-28,4.83,0.37,98.27716,180.1521,94.13,46.03,12768.3,1.84,239.5005,2075.81,15.22,17830.76
2016-04-29,4.82,0.37,98.26974,180.21373333333327,94.32,45.98,12770.533333333333,1.83,239.5193333333333,2065.3,15.7,17773.64
2016-05-02,4.8032258064516125,0.3703225806451612,98.2702741935484,180.38764516129032,94.66129032258064,44.75,12776.948387096774,1.88,239.5784516129032,2081.43,14.68,17891.16
2016-05-03,4.806451612903226,0.3706451612903226,98.28564838709678,180.43829032258063,94.62258064516128,43.65,12778.896774193548,1.81,239.59990322580643,2063.37,15.6,17750.91
2016-05-04,4.809677419354839,0.3709677419354839,98.30102258064515,180.48893548387096,94.58387096774194,43.77,12780.845161290325,1.79,239.6213548387097,2051.12,16.05,17651.26
2016-05-05,4.812903225806451,0.3712903225806451,98.31639677419356,180.5395806451613,94.54516129032258,44.33,12782.793548387095,1.76,239.6428064516129,2050.63,15.91,17660.71
2016-05-06,4.816129032258065,0.3716129032258064,98.33177096774196,180.5902258064516,94.50645161290323,44.58,12784.741935483871,1.79,239.66425806451613,2057.14,14.72,17740.63
2016-05-09,4.825806451612904,0.3725806451612903,98.3778935483871,180.74216129032257,94.39032258064516,43.45,12790.587096774194,1.77,239.7286129032258,2058.69,14.57,17705.91
2016-05-10,4.829032258064516,0.3729032258064516,98.39326774193547,180.7928064516129,94.3516129032258,44.68,12792.535483870968,1.77,239.75006451612904,2084.39,13.63,17928.35
2016-05-11,4.832258064516129,0.3732258064516129,98.40864193548389,180.8434516129032,94.31290322580644,46.21,12794.483870967742,1.73,239.77151612903225,2064.46,14.69,17711.12
2016-05-12,4.835483870967742,0.3735483870967742,98.42401612903228,180.8940967741936,94.2741935483871,46.64,12796.432258064517,1.75,239.79296774193548,2064.11,14.41,17720.5
2016-05-13,4.838709677419355,0.3738709677419354,98.43939032258064,180.94474193548388,94.23548387096774,46.22,12798.38064516129,1.71,239.81441935483872,2046.61,15.04,17535.32
2016-05-16,4.848387096774194,0.3748387096774193,98.4855129032258,181.09667741935485,94.11935483870968,47.72,12804.225806451614,1.75,239.8787741935484,2066.66,14.68,17710.71
2016-05-17,4.851612903225806,0.3751612903225806,98.5008870967742,181.14732258064515,94.08064516129032,48.29,12806.174193548386,1.76,239.9002258064516,2047.21,15.57,17529.98
2016-05-18,4.854838709677419,0.3754838709677419,98.51626129032256,181.19796774193549,94.04193548387096,48.12,12808.12258064516,1.87,239.92167741935484,2047.63,15.95,17526.62
2016-05-19,4.858064516129033,0.3758064516129032,98.53163548387096,181.24861290322585,94.0032258064516,48.16,12810.070967741936,1.85,239.94312903225807,2040.04,16.33,17435.4
2016-05-20,4.861290322580645,0.3761290322580645,98.54700967741935,181.29925806451607,93.96451612903226,47.67,12812.019354838709,1.85,239.96458064516128,2052.32,15.2,17500.94
2016-05-23,4.870967741935484,0.3770967741935483,98.59313225806451,181.4511935483871,93.8483870967742,48.12,12817.864516129031,1.84,240.02893548387092,2048.04,15.82,17492.93
2016-05-24,4.874193548387097,0.3774193548387097,98.6085064516129,181.50183870967743,93.80967741935484,48.04,12819.812903225806,1.86,240.0503870967742,2076.06,14.42,17706.05
2016-05-25,4.87741935483871,0.3777419354838709,98.6238806451613,181.55248387096773,93.77096774193548,49.1,12821.76129032258,1.87,240.07183870967745,2090.54,13.9,17851.51
2016-05-26,4.880645161290323,0.3780645161290322,98.63925483870968,181.60312903225807,93.73225806451612,49.0,12823.709677419354,1.83,240.09329032258063,2090.1,13.43,17828.29
2016-05-27,4.883870967741935,0.3783870967741936,98.65462903225806,181.6537741935484,93.69354838709675,49.36,12825.658064516128,1.85,240.11474193548383,2099.06,13.12,17873.22
2016-05-30,4.893548387096774,0.3793548387096774,98.70075161290322,181.80570967741937,93.57741935483872,49.165,12831.503225806451,1.8425,240.1790967741936,2097.485,13.9225,17808.705
2016-05-31,4.896774193548388,0.3796774193548387,98.7161258064516,181.85635483870968,93.53870967741936,49.1,12833.451612903224,1.84,240.2005483870968,2096.96,14.19,17787.2
2016-06-01,4.9,0.38,98.7315,181.907,93.5,49.07,12835.4,1.85,240.222,2099.33,14.2,17789.67
2016-06-02,4.896666666666667,0.3803333333333333,98.73529,181.9437,93.38333333333334,49.14,12837.21,1.81,240.21796666666668,2105.26,13.63,17838.56
2016-06-03,4.8933333333333335,0.3806666666666666,98.73908,181.9804,93.26666666666668,48.69,12839.02,1.71,240.21393333333333,2099.13,13.47,17807.06
2016-06-06,4.883333333333334,0.3816666666666666,98.75045,182.0905,92.91666666666669,49.71,12844.45,1.73,240.20183333333333,2109.41,13.65,17920.33
2016-06-07,4.88,0.382,98.75424,182.1272,92.8,50.37,12846.26,1.72,240.1978,2112.13,14.05,17938.28
2016-06-08,4.876666666666667,0.3823333333333333,98.75803,182.1639,92.68333333333334,51.23,12848.07,1.71,240.19376666666668,2119.12,14.08,18005.05
2016-06-09,4.873333333333334,0.3826666666666666,98.76182,182.2006,92.56666666666666,50.52,12849.88,1.68,240.1897333333333,2115.48,14.64,17985.19
2016-06-10,4.87,0.383,98.76561,182.2373,92.45,49.09,12851.69,1.64,240.1857,2096.07,17.03,17865.34
2016-06-13,4.86,0.384,98.77698,182.3474,92.1,48.89,12857.12,1.62,240.1736,2079.06,20.97,17732.48
2016-06-14,4.8566666666666665,0.3843333333333333,98.78077,182.3841,91.98333333333332,48.49,12858.93,1.62,240.16956666666667,2075.32,20.5,17674.82
2016-06-15,4.8533333333333335,0.3846666666666666,98.78456,182.4208,91.86666666666666,47.92,12860.74,1.6,240.1655333333333,2071.5,20.14,17640.17
2016-06-16,4.85,0.385,98.78835,182.4575,91.75,46.14,12862.55,1.57,240.1615,2077.99,19.37,17733.1
2016-06-17,4.846666666666667,0.3853333333333333,98.79214,182.4942,91.63333333333334,48.0,12864.36,1.62,240.15746666666664,2071.22,19.41,17675.16
2016-06-20,4.836666666666667,0.3863333333333333,98.80351,182.6043,91.28333333333332,49.4,12869.79,1.67,240.14536666666663,2083.25,18.37,17804.87
2016-06-21,4.833333333333333,0.3866666666666666,98.8073,182.641,91.16666666666669,48.95,12871.6,1.71,240.1413333333333,2088.9,18.48,17829.73
2016-06-22,4.83,0.387,98.81109,182.6777,91.05,49.16,12873.41,1.69,240.1373,2085.45,21.17,17780.83
2016-06-23,4.826666666666666,0.3873333333333333,98.81488,182.7144,90.93333333333334,49.34,12875.22,1.74,240.13326666666663,2113.32,17.25,18011.07
2016-06-24,4.823333333333333,0.3876666666666666,98.81867,182.7511,90.81666666666666,46.7,12877.03,1.57,240.12923333333333,2037.41,25.76,17400.75
2016-06-27,4.8133333333333335,0.3886666666666666,98.83004,182.8612,90.46666666666668,45.8,12882.46,1.46,240.11713333333333,2000.54,23.85,17140.24
2016-06-28,4.81,0.389,98.83383,182.8979,90.35,47.93,12884.27,1.46,240.1131,2036.09,18.75,17409.72
2016-06-29,4.806666666666667,0.3893333333333333,98.83762,182.9346,90.23333333333332,49.85,12886.08,1.5,240.10906666666668,2070.77,16.64,17694.68
2016-06-30,4.803333333333333,0.3896666666666666,98.84141,182.9713,90.11666666666666,48.27,12887.89,1.49,240.10503333333327,2098.86,15.63,17929.99
2016-07-01,4.8,0.39,98.8452,183.008,90.0,49.02,12889.7,1.46,240.101,2102.95,14.77,17949.37
2016-07-04,4.809677419354839,0.3909677419354839,98.83528064516128,183.0696451612904,89.98064516129033,47.3025,12897.848387096776,1.3925,240.14396774193548,2092.15,15.3775,17867.8075
2016-07-05,4.812903225806451,0.3912903225806451,98.8319741935484,183.0901935483871,89.97419354838709,46.73,12900.564516129032,1.37,240.15829032258063,2088.55,15.58,17840.62
2016-07-06,4.816129032258065,0.3916129032258064,98.82866774193548,183.11074193548387,89.96774193548387,47.37,12903.28064516129,1.38,240.1726129032258,2099.73,14.96,17918.62
2016-07-07,4.819354838709677,0.3919354838709677,98.8253612903226,183.13129032258067,89.96129032258064,45.22,12905.996774193549,1.4,240.18693548387097,2097.9,14.76,17895.88
2016-07-08,4.82258064516129,0.392258064516129,98.82205483870968,183.15183870967743,89.95483870967742,45.37,12908.712903225807,1.37,240.2012580645161,2129.9,13.2,18146.74
2016-07-11,4.832258064516129,0.3932258064516129,98.81213548387096,183.21348387096776,89.93548387096774,44.73,12916.86129032258,1.43,240.2442258064516,2137.16,13.54,18226.93
2016-07-12,4.835483870967742,0.3935483870967742,98.80882903225807,183.23403225806453,89.92903225806451,46.82,12919.57741935484,1.53,240.2585483870968,2152.14,13.55,18347.67
2016-07-13,4.838709677419355,0.3938709677419355,98.80552258064516,183.2545806451613,89.92258064516129,44.87,12922.293548387095,1.48,240.272870967742,2152.43,13.04,18372.12
2016-07-14,4.841935483870968,0.3941935483870968,98.80221612903226,183.2751290322581,89.91612903225807,45.64,12925.009677419355,1.53,240.28719354838708,2163.75,12.82,18506.41
2016-07-15,4.845161290322581,0.3945161290322581,98.79890967741936,183.2956774193549,89.90967741935484,45.93,12927.725806451614,1.6,240.30151612903225,2161.74,12.67,18516.55
2016-07-18,4.854838709677419,0.3954838709677419,98.78899032258064,183.3573225806452,89.89032258064516,45.23,12935.874193548389,1.59,240.3444838709677,2166.89,12.44,18533.05
2016-07-19,4.858064516129033,0.3958064516129032,98.78568387096774,183.377870967742,89.88387096774193,44.64,12938.590322580643,1.56,240.3588064516129,2163.78,11.97,18559.01
2016-07-20,4.861290322580645,0.3961290322580645,98.78237741935484,183.39841935483872,89.87741935483871,44.96,12941.306451612903,1.59,240.37312903225805,2173.02,11.77,18595.03
2016-07-21,4.864516129032258,0.3964516129032258,98.77907096774192,183.4189677419355,89.87096774193549,43.96,12944.022580645162,1.57,240.3874516129032,2165.17,12.74,18517.23
2016-07-22,4.867741935483871,0.3967741935483871,98.77576451612904,183.43951612903223,89.86451612903225,43.41,12946.73870967742,1.57,240.4017741935484,2175.03,12.02,18570.85
2016-07-25,4.87741935483871,0.397741935483871,98.76584516129031,183.50116129032256,89.84516129032258,42.4,12954.887096774191,1.58,240.44474193548385,2168.48,12.87,18493.06
2016-07-26,4.880645161290323,0.3980645161290322,98.7625387096774,183.52170967741927,89.83870967741936,42.16,12957.603225806452,1.57,240.45906451612905,2169.18,13.05,18473.75
2016-07-27,4.883870967741935,0.3983870967741936,98.75923225806451,183.5422580645161,89.83225806451613,41.9,12960.31935483871,1.52,240.4733870967742,2166.58,12.83,18472.17
2016-07-28,4.887096774193549,0.3987096774193548,98.7559258064516,183.5628064516129,89.8258064516129,41.13,12963.035483870968,1.52,240.48770967741933,2170.06,12.72,18456.35
2016-07-29,4.890322580645162,0.3990322580645161,98.75261935483871,183.58335483870968,89.81935483870967,41.54,12965.751612903225,1.46,240.5020322580645,2173.6,11.87,18432.24
2016-08-01,4.9,0.4,98.7427,183.645,89.8,40.05,12973.9,1.51,240.545,2170.84,12.44,18404.51
2016-08-02,4.903225806451613,0.4,98.73987741935484,183.65429032258064,89.84516129032258,39.5,12975.845161290325,1.55,240.56535483870965,2157.03,13.37,18313.77
2016-08-03,4.9064516129032265,0.4,98.73705483870968,183.6635806451613,89.89032258064516,40.8,12977.790322580644,1.55,240.5857096774193,2163.79,12.86,18355.0
2016-08-04,4.909677419354839,0.4,98.73423225806452,183.672870967742,89.93548387096774,41.92,12979.735483870969,1.51,240.606064516129,2164.25,12.42,18352.05
2016-08-05,4.912903225806452,0.4,98.73140967741936,183.6821612903226,89.98064516129033,41.83,12981.68064516129,1.59,240.6264193548387,2182.87,11.39,18543.53
2016-08-08,4.922580645161291,0.4,98.72294193548387,183.71003225806453,90.11612903225806,43.06,12987.516129032258,1.59,240.68748387096767,2180.89,11.5,18529.29
2016-08-09,4.925806451612903,0.4,98.7201193548387,183.7193225806452,90.16129032258064,42.78,12989.46129032258,1.55,240.70783870967745,2181.74,11.66,18533.05
2016-08-10,4.929032258064517,0.4,98.71729677419354,183.7286129032258,90.20645161290322,41.75,12991.406451612904,1.5,240.72819354838708,2175.49,12.05,18495.66
2016-08-11,4.932258064516129,0.4,98.71447419354838,183.7379032258065,90.2516129032258,43.51,12993.351612903223,1.57,240.7485483870968,2185.79,11.68,18613.52
2016-08-12,4.935483870967742,0.4,98.71165161290322,183.7471935483871,90.2967741935484,44.47,12995.296774193548,1.51,240.76890322580644,2184.05,11.55,18576.47
2016-08-15,4.945161290322581,0.4,98.70318387096772,183.77506451612905,90.43225806451612,45.72,13001.132258064516,1.55,240.82996774193543,2190.15,11.81,18636.05
2016-08-16,4.948387096774193,0.4,98.70036129032258,183.78435483870967,90.47741935483872,46.57,13003.07741935484,1.57,240.8503225806452,2178.15,12.64,18552.02
2016-08-17,4.951612903225807,0.4,98.69753870967742,183.7936451612904,90.52258064516128,46.81,13005.022580645162,1.56,240.8706774193548,2182.22,12.19,18573.94
2016-08-18,4.95483870967742,0.4,98.69471612903226,183.80293548387093,90.56774193548388,48.2,13006.967741935485,1.53,240.8910322580645,2187.02,11.43,18597.7
2016-08-19,4.958064516129032,0.4,98.6918935483871,183.8122258064516,90.61290322580643,48.48,13008.912903225806,1.58,240.91138709677412,2183.87,11.34,18552.57
2016-08-22,4.967741935483871,0.4,98.6834258064516,183.8400967741936,90.7483870967742,46.8,13014.748387096775,1.55,240.9724516129032,2182.64,12.27,18529.42
2016-08-23,4.970967741935484,0.4,98.68060322580644,183.8493870967742,90.79354838709678,47.54,13016.693548387097,1.55,240.9928064516129,2186.9,12.38,18547.3
2016-08-24,4.974193548387097,0.4,98.67778064516128,183.85867741935485,90.83870967741936,46.29,13018.63870967742,1.56,241.01316129032256,2175.44,13.45,18481.48
2016-08-25,4.97741935483871,0.4,98.67495806451612,183.86796774193547,90.88387096774194,46.97,13020.583870967745,1.58,241.03351612903225,2172.47,13.63,18448.41
2016-08-26,4.980645161290322,0.4,98.67213548387096,183.87725806451613,90.92903225806452,47.64,13022.529032258066,1.62,241.05387096774191,2169.04,13.65,18395.4
2016-08-29,4.990322580645161,0.4,98.66366774193548,183.9051290322581,91.06451612903226,46.97,13028.364516129031,1.57,241.11493548387097,2180.38,12.94,18502.99
2016-08-30,4.993548387096774,0.4,98.66084516129033,183.9144193548387,91.10967741935484,46.32,13030.309677419356,1.57,241.13529032258063,2176.12,13.12,18454.3
2016-08-31,4.996774193548387,0.4,98.65802258064517,183.9237096774193,91.15483870967742,44.68,13032.254838709678,1.58,241.15564516129032,2170.95,13.42,18400.88
2016-09-01,5.0,0.4,98.6552,183.933,91.2,43.17,13034.2,1.57,241.176,2170.86,13.48,18419.3
2016-09-02,4.996666666666667,0.4,98.65748333333332,183.9354333333333,91.06666666666666,44.39,13036.643333333332,1.6,241.1948333333333,2179.98,11.98,18491.96
2016-09-05,4.986666666666666,0.4,98.66433333333332,183.9427333333333,90.66666666666669,44.735,13043.973333333332,1.5625,241.2513333333333,2184.855,12.01,18526.58
2016-09-06,4.983333333333333,0.4,98.66661666666666,183.9451666666667,90.53333333333332,44.85,13046.416666666668,1.55,241.27016666666665,2186.48,12.02,18538.12
2016-09-07,4.98,0.4,98.6689,183.9476,90.4,45.47,13048.86,1.54,241.289,2186.16,11.94,18526.14
2016-09-08,4.976666666666667,0.4,98.67118333333332,183.95003333333327,90.26666666666668,47.63,13051.303333333331,1.61,241.3078333333333,2181.3,12.51,18479.91
2016-09-09,4.973333333333334,0.4,98.67346666666666,183.95246666666665,90.13333333333334,45.88,13053.746666666668,1.67,241.32666666666665,2127.81,17.5,18085.45
2016-09-12,4.963333333333334,0.4,98.68031666666666,183.95976666666667,89.73333333333333,46.28,13061.076666666668,1.68,241.38316666666665,2159.04,15.16,18325.07
2016-09-13,4.96,0.4,98.6826,183.9622,89.60000000000001,44.91,13063.52,1.73,241.402,2127.02,17.85,18066.75
2016-09-14,4.956666666666667,0.4,98.68488333333332,183.96463333333327,89.46666666666667,43.62,13065.963333333331,1.7,241.4208333333333,2125.77,18.14,18034.77
2016-09-15,4.953333333333333,0.4,98.68716666666666,183.96706666666665,89.33333333333334,43.85,13068.406666666668,1.71,241.43966666666665,2147.26,16.3,18212.48
2016-09-16,4.95,0.4,98.68945,183.9695,89.2,43.04,13070.85,1.7,241.4585,2139.16,15.37,18123.8
2016-09-19,4.94,0.4,98.6963,183.9768,88.8,43.34,13078.18,1.7,241.515,2139.12,15.53,18120.17
2016-09-20,4.9366666666666665,0.4,98.69858333333332,183.97923333333333,88.66666666666667,43.85,13080.623333333331,1.69,241.5338333333333,2139.76,15.92,18129.96
2016-09-21,4.933333333333334,0.4,98.70086666666666,183.98166666666663,88.53333333333333,45.33,13083.066666666668,1.66,241.55266666666668,2163.12,13.3,18293.7
2016-09-22,4.930000000000001,0.4,98.70315,183.9841,88.4,46.1,13085.51,1.63,241.5715,2177.18,12.02,18392.46
2016-09-23,4.926666666666667,0.4,98.70543333333332,183.9865333333333,88.26666666666667,44.36,13087.953333333331,1.62,241.5903333333333,2164.69,12.29,18261.45
2016-09-26,4.916666666666667,0.4,98.71228333333332,183.99383333333333,87.86666666666667,45.6,13095.283333333333,1.59,241.6468333333333,2146.1,14.5,18094.83
2016-09-27,4.913333333333334,0.4,98.71456666666666,183.99626666666663,87.73333333333333,44.65,13097.726666666667,1.56,241.66566666666668,2159.93,13.1,18228.3
2016-09-28,4.91,0.4,98.71685,183.9987,87.60000000000001,47.07,13100.17,1.57,241.6845,2171.37,12.39,18339.24
2016-09-29,4.906666666666667,0.4,98.71913333333332,184.0011333333333,87.46666666666667,47.72,13102.613333333333,1.56,241.7033333333333,2151.13,14.02,18143.45
2016-09-30,4.903333333333333,0.4,98.72141666666666,184.00356666666667,87.33333333333334,47.72,13105.056666666667,1.6,241.72216666666668,2168.27,13.29,18308.15
2016-10-03,4.887096774193549,0.4006451612903226,98.69922258064516,184.0196129032258,87.6258064516129,48.8,13112.241935483871,1.63,241.75938709677425,2161.2,13.57,18253.85
2016-10-04,4.880645161290323,0.4009677419354839,98.68698387096774,184.0264193548387,87.83870967741936,48.67,13114.612903225809,1.69,241.7685806451613,2150.49,13.63,18168.45
2016-10-05,4.8741935483870975,0.4012903225806452,98.67474516129032,184.0332258064516,88.0516129032258,49.75,13116.983870967742,1.72,241.7777741935484,2159.73,12.99,18281.03
2016-10-06,4.867741935483871,0.4016129032258064,98.6625064516129,184.0400322580645,88.26451612903226,50.44,13119.354838709678,1.75,241.78696774193548,2160.77,12.84,18268.5
2016-10-07,4.861290322580645,0.4019354838709678,98.65026774193548,184.04683870967744,88.47741935483872,49.76,13121.725806451614,1.73,241.7961612903226,2153.74,13.48,18240.49
2016-10-10,4.841935483870968,0.4029032258064516,98.61355161290322,184.06725806451607,89.11612903225807,49.76,13128.83870967742,1.76,241.8237419354839,2163.66,13.38,18329.04
2016-10-11,4.835483870967742,0.4032258064516129,98.6013129032258,184.07406451612903,89.32903225806452,50.72,13131.209677419354,1.77,241.83293548387093,2136.73,15.36,18128.66
2016-10-12,4.829032258064516,0.4035483870967742,98.58907419354838,184.080870967742,89.54193548387097,50.14,13133.58064516129,1.79,241.84212903225807,2139.18,15.91,18144.2
2016-10-13,4.822580645161291,0.4038709677419355,98.57683548387097,184.08767741935483,89.75483870967741,50.47,13135.951612903224,1.75,241.8513225806452,2132.55,16.69,18098.94
2016-10-14,4.816129032258065,0.4041935483870967,98.56459677419356,184.0944838709677,89.96774193548387,50.35,13138.32258064516,1.8,241.86051612903228,2132.98,16.12,18138.38
2016-10-17,4.796774193548387,0.4051612903225806,98.52788064516128,184.11490322580647,90.60645161290324,49.97,13145.435483870968,1.77,241.8880967741936,2126.5,16.21,18086.4
2016-10-18,4.790322580645162,0.4054838709677419,98.51564193548388,184.12170967741932,90.81935483870969,50.3,13147.806451612903,1.75,241.89729032258063,2139.6,15.28,18161.94
2016-10-19,4.783870967741936,0.4058064516129032,98.50340322580644,184.12851612903228,91.03225806451611,51.59,13150.17741935484,1.76,241.9064838709677,2144.29,14.41,18202.62
2016-10-20,4.77741935483871,0.4061290322580645,98.49116451612905,184.1353225806452,91.2451612903226,50.31,13152.548387096776,1.76,241.9156774193549,2141.34,13.75,18162.35
2016-10-21,4.770967741935484,0.4064516129032258,98.4789258064516,184.14212903225808,91.45806451612904,50.61,13154.91935483871,1.74,241.92487096774195,2141.16,13.34,18145.71
2016-10-24,4.751612903225807,0.4074193548387096,98.44220967741936,184.1625483870968,92.09677419354838,50.18,13162.032258064515,1.77,241.95245161290325,2151.33,13.02,18223.03
2016-10-25,4.745161290322581,0.4077419354838709,98.42997096774194,184.1693548387097,92.30967741935484,49.45,13164.40322580645,1.77,241.9616451612904,2143.16,13.46,18169.27
2016-10-26,4.738709677419355,0.4080645161290322,98.41773225806452,184.1761612903226,92.52258064516128,48.75,13166.774193548386,1.79,241.97083870967745,2139.43,14.24,18199.33
2016-10-27,4.732258064516129,0.4083870967741935,98.4054935483871,184.1829677419355,92.73548387096774,49.71,13169.145161290322,1.85,241.9800322580645,2133.04,15.36,18169.68
2016-10-28,4.725806451612903,0.4087096774193548,98.39325483870968,184.1897741935484,92.9483870967742,48.72,13171.516129032258,1.86,241.98922580645163,2126.41,16.19,18161.19
2016-10-31,4.706451612903226,0.4096774193548387,98.35653870967742,184.2101935483871,93.58709677419354,46.83,13178.629032258064,1.84,242.0168064516129,2126.15,17.06,18142.42
2016-11-01,4.7,0.41,98.3443,184.217,93.8,46.66,13181.0,1.83,242.026,2111.72,18.56,18037.1
2016-11-02,4.7,0.4143333333333333,98.36751,184.2227333333333,93.94666666666666,45.32,13182.503333333334,1.81,242.04636666666667,2097.94,19.32,17959.64
2016-11-03,4.7,0.4186666666666666,98.39072,184.2284666666667,94.09333333333332,44.66,13184.006666666666,1.82,242.06673333333333,2088.66,22.08,17930.67
2016-11-04,4.7,0.423,98.41393,184.2342,94.24,44.07,13185.51,1.79,242.0871,2085.18,22.51,17888.28
2016-11-07,4.7,0.436,98.48356,184.2514,94.68,44.88,13190.02,1.83,242.1482,2131.52,18.71,18259.6
2016-11-08,4.7,0.4403333333333333,98.50677,184.2571333333333,94.82666666666668,44.96,13191.523333333333,1.88,242.16856666666664,2139.56,18.74,18332.74
2016-11-09,4.7,0.4446666666666666,98.52998,184.26286666666667,94.97333333333331,45.2,13193.026666666668,2.07,242.18893333333327,2163.26,14.38,18589.69
2016-11-10,4.7,0.449,98.55319,184.2686,95.12,44.62,13194.53,2.15,242.2093,2167.48,14.74,18807.88
2016-11-11,4.7,0.4533333333333333,98.5764,184.2743333333333,95.26666666666668,43.39,13196.033333333333,2.17,242.22966666666667,2164.45,14.17,18847.66
2016-11-14,4.7,0.4663333333333333,98.64603,184.2915333333333,95.70666666666666,43.29,13200.543333333331,2.23,242.29076666666668,2164.2,14.48,18868.69
2016-11-15,4.7,0.4706666666666667,98.66924,184.29726666666667,95.85333333333334,45.86,13202.046666666669,2.23,242.3111333333333,2180.39,13.37,18923.06
2016-11-16,4.7,0.475,98.69245,184.303,96.0,45.56,13203.55,2.22,242.3315,2176.94,13.72,18868.14
2016-11-17,4.7,0.4793333333333333,98.71566,184.3087333333333,96.14666666666666,45.37,13205.053333333331,2.29,242.35186666666667,2187.12,13.35,18903.82
2016-11-18,4.7,0.4836666666666667,98.73887,184.31446666666668,96.29333333333334,45.69,13206.556666666667,2.34,242.37223333333333,2181.9,12.85,18867.93
2016-11-21,4.7,0.4966666666666667,98.8085,184.33166666666668,96.73333333333332,47.48,13211.066666666668,2.33,242.4333333333333,2198.18,12.42,18956.69
2016-11-22,4.7,0.501,98.83171,184.3374,96.88,48.07,13212.57,2.31,242.4537,2202.94,12.41,19023.87
2016-11-23,4.7,0.5053333333333334,98.85492,184.34313333333336,97.02666666666669,46.72,13214.073333333334,2.36,242.47406666666663,2204.72,12.43,19083.18
2016-11-24,4.7,0.5096666666666667,98.87813,184.34886666666668,97.17333333333332,46.72,13215.576666666668,2.36,242.4944333333333,2209.035,12.385,19117.66
2016-11-25,4.7,0.514,98.90134,184.3546,97.32,46.72,13217.08,2.36,242.5148,2213.35,12.34,19152.14
2016-11-28,4.7,0.527,98.97097,184.3718,97.76,45.66,13221.59,2.32,242.5759,2201.72,13.15,19097.9
2016-11-29,4.7,0.5313333333333334,98.99418,184.37753333333333,97.90666666666668,45.29,13223.093333333334,2.3,242.59626666666668,2204.66,12.9,19121.6
2016-11-30,4.7,0.5356666666666667,99.01739,184.38326666666669,98.05333333333334,49.41,13224.596666666666,2.37,242.6166333333333,2198.81,13.33,19123.58
2016-12-01,4.7,0.54,99.0406,184.389,98.2,51.08,13226.1,2.45,242.637,2191.08,14.07,19191.93
2016-12-02,4.7,0.5435483870967742,99.03334838709677,184.3971612903226,98.20967741935485,51.7,13228.506451612904,2.4,242.6686451612904,2191.95,14.12,19170.42
2016-12-05,4.7,0.5541935483870968,99.0115935483871,184.4216451612904,98.23870967741937,51.72,13235.725806451614,2.39,242.76358064516128,2204.71,12.14,19216.24
2016-12-06,4.7,0.557741935483871,99.00434193548386,184.4298064516129,98.2483870967742,50.95,13238.132258064516,2.39,242.7952258064516,2212.23,11.79,19251.78
2016-12-07,4.7,0.5612903225806452,98.99709032258065,184.4379677419355,98.25806451612904,49.85,13240.53870967742,2.34,242.826870967742,2241.35,12.22,19549.62
2016-12-08,4.7,0.5648387096774193,98.9898387096774,184.44612903225809,98.26774193548388,50.84,13242.945161290325,2.4,242.85851612903227,2246.19,12.64,19614.81
2016-12-09,4.7,0.5683870967741936,98.9825870967742,184.45429032258065,98.27741935483871,51.51,13245.351612903229,2.47,242.89016129032257,2259.53,11.75,19756.85
2016-12-12,4.7,0.5790322580645162,98.96083225806451,184.4787741935484,98.30645161290325,52.74,13252.570967741936,2.49,242.98509677419355,2256.96,12.64,19796.43
2016-12-13,4.7,0.5825806451612904,98.95358064516128,184.48693548387092,98.31612903225806,52.99,13254.97741935484,2.48,243.01674193548388,2271.72,12.72,19911.21
2016-12-14,4.7,0.5861290322580646,98.94632903225806,184.4950967741936,98.3258064516129,51.01,13257.383870967742,2.54,243.04838709677412,2253.28,13.19,19792.53
2016-12-15,4.7,0.5896774193548387,98.93907741935485,184.50325806451613,98.33548387096776,50.9,13259.790322580646,2.6,243.0800322580645,2262.03,12.79,19852.24
2016-12-16,4.7,0.5932258064516129,98.9318258064516,184.51141935483872,98.34516129032258,51.93,13262.19677419355,2.6,243.11167741935483,2258.07,12.2,19843.41
2016-12-19,4.7,0.6038709677419355,98.91007096774192,184.5359032258065,98.3741935483871,52.13,13269.41612903226,2.54,243.20661290322585,2262.53,11.71,19883.06
2016-12-20,4.7,0.6074193548387097,98.90281935483873,184.54406451612903,98.38387096774194,52.22,13271.82258064516,2.57,243.2382580645161,2270.76,11.45,19974.62
2016-12-21,4.7,0.6109677419354839,98.89556774193548,184.5522258064516,98.39354838709676,51.44,13274.229032258065,2.55,243.26990322580644,2265.18,11.27,19941.96
2016-12-22,4.7,0.614516129032258,98.88831612903223,184.5603870967742,98.40322580645162,51.98,13276.635483870969,2.55,243.3015483870968,2260.96,11.43,19918.88
2016-12-23,4.7,0.6180645161290323,98.88106451612904,184.5685483870968,98.41290322580645,52.01,13279.041935483872,2.55,243.3331935483871,2263.79,11.44,19933.81
2016-12-26,4.7,0.6287096774193549,98.85930967741936,184.5930322580645,98.44193548387096,52.6175,13286.261290322582,2.565,243.42812903225808,2267.6075,11.8525,19942.2325
2016-12-27,4.7,0.6322580645161291,98.85205806451611,184.6011935483871,98.4516129032258,52.82,13288.667741935484,2.57,243.4597741935484,2268.88,11.99,19945.04
2016-12-28,4.7,0.6358064516129033,98.8448064516129,184.6093548387097,98.46129032258064,54.01,13291.074193548387,2.51,243.4914193548387,2249.92,12.95,19833.68
2016-12-29,4.7,0.6393548387096775,98.83755483870968,184.61751612903225,98.47096774193548,53.8,13293.480645161291,2.49,243.52306451612904,2249.26,13.37,19819.78
2016-12-30,4.7,0.6429032258064517,98.83030322580645,184.62567741935484,98.48064516129033,53.75,13295.887096774197,2.45,243.5547096774193,2238.83,14.04,19762.6
2017-01-02,4.696774193548388,0.6503225806451614,98.80353548387096,184.653870967742,98.42903225806452,52.7075,13302.848387096776,2.45,243.63051612903223,2253.08,13.1475,19851.97
2017-01-03,4.693548387096774,0.6506451612903226,98.79127096774194,184.66574193548388,98.35806451612903,52.36,13304.996774193549,2.45,243.6430322580645,2257.83,12.85,19881.76
2017-01-04,4.690322580645161,0.6509677419354839,98.7790064516129,184.6776129032258,98.28709677419354,53.26,13307.145161290324,2.46,243.6555483870968,2270.75,11.85,19942.16
2017-01-05,4.687096774193549,0.6512903225806452,98.76674193548386,184.6894838709677,98.21612903225808,53.77,13309.293548387095,2.37,243.66806451612905,2269.0,11.67,19899.29
2017-01-06,4.683870967741935,0.6516129032258065,98.75447741935484,184.70135483870968,98.14516129032258,53.98,13311.441935483872,2.42,243.68058064516129,2276.98,11.32,19963.8
2017-01-09,4.674193548387096,0.6525806451612903,98.71768387096772,184.73696774193547,97.93225806451612,51.95,13317.887096774191,2.38,243.71812903225805,2268.9,11.56,19887.38
2017-01-10,4.670967741935484,0.6529032258064517,98.70541935483872,184.7488387096774,97.86129032258064,50.82,13320.035483870968,2.38,243.7306451612903,2268.9,11.49,19855.53
2017-01-11,4.667741935483871,0.6532258064516129,98.69315483870967,184.76070967741936,97.79032258064515,52.19,13322.18387096774,2.38,243.74316129032252,2275.32,11.26,19954.28
2017-01-12,4.664516129032258,0.6535483870967742,98.68089032258064,184.7725806451613,97.71935483870968,53.01,13324.332258064516,2.36,243.75567741935484,2270.44,11.54,19891.0
2017-01-13,4.661290322580645,0.6538709677419355,98.6686258064516,184.7844516129032,97.6483870967742,52.36,13326.480645161291,2.4,243.7681935483871,2274.64,11.23,19885.73
2017-01-16,4.651612903225806,0.6548387096774194,98.6318322580645,184.82006451612904,97.43548387096774,52.4275,13332.925806451613,2.3475,243.8057419354839,2269.5775,11.71,19841.51
2017-01-17,4.648387096774194,0.6551612903225806,98.61956774193548,184.8319354838709,97.36451612903224,52.45,13335.074193548387,2.33,243.81825806451613,2267.89,11.87,19826.77
2017-01-18,4.645161290322581,0.655483870967742,98.60730322580643,184.8438064516129,97.29354838709678,51.12,13337.22258064516,2.42,243.8307741935484,2271.89,12.48,19804.72
2017-01-19,4.641935483870967,0.6558064516129033,98.5950387096774,184.85567741935483,97.22258064516129,51.39,13339.370967741936,2.47,243.84329032258063,2263.69,12.78,19732.4
2017-01-20,4.638709677419355,0.6561290322580645,98.5827741935484,184.8675483870968,97.1516129032258,52.33,13341.519354838709,2.48,243.8558064516129,2271.31,11.54,19827.25
2017-01-23,4.629032258064516,0.6570967741935484,98.54598064516128,184.90316129032257,96.93870967741935,52.77,13347.964516129032,2.41,243.89335483870968,2265.2,11.77,19799.85
2017-01-24,4.625806451612903,0.6574193548387097,98.53371612903226,184.9150322580645,96.86774193548386,52.38,13350.112903225809,2.47,243.90587096774195,2280.07,11.07,19912.71
2017-01-25,4.62258064516129,0.6577419354838709,98.52145161290322,184.92690322580648,96.7967741935484,52.14,13352.26129032258,2.53,243.91838709677413,2298.37,10.81,20068.51
2017-01-26,4.619354838709677,0.6580645161290323,98.50918709677418,184.9387741935484,96.7258064516129,53.24,13354.409677419357,2.51,243.93090322580645,2296.68,10.63,20100.91
2017-01-27,4.616129032258065,0.6583870967741936,98.49692258064516,184.9506451612903,96.65483870967742,53.18,13356.558064516128,2.49,243.9434193548387,2294.69,10.58,20093.78
2017-01-30,4.606451612903226,0.6593548387096775,98.46012903225804,184.9862580645161,96.44193548387096,52.63,13363.003225806451,2.49,243.98096774193547,2280.9,11.88,19971.13
2017-01-31,4.603225806451612,0.6596774193548387,98.44786451612904,184.99812903225805,96.37096774193547,52.75,13365.151612903224,2.45,243.9934838709677,2278.87,11.99,19864.09
2017-02-01,4.6,0.66,98.4356,185.01,96.3,53.9,13367.3,2.48,244.006,2279.55,11.81,19890.94
2017-02-02,4.592857142857143,0.6646428571428572,98.45751428571428,185.0638571428572,96.32142857142856,53.55,13369.492857142855,2.48,244.00192857142852,2280.85,11.93,19884.91
2017-02-03,4.585714285714285,0.6692857142857143,98.47942857142856,185.11771428571427,96.34285714285714,53.81,13371.685714285712,2.49,243.9978571428572,2297.42,10.97,20071.46
2017-02-06,4.564285714285714,0.6832142857142858,98.54517142857142,185.2792857142857,96.40714285714286,53.01,13378.264285714286,2.42,243.9856428571429,2292.56,11.37,20052.42
2017-02-07,4.557142857142857,0.687857142857143,98.56708571428572,185.3331428571429,96.42857142857144,52.19,13380.457142857142,2.4,243.98157142857144,2293.08,11.29,20090.29
2017-02-08,4.55,0.6925,98.589,185.387,96.45,52.37,13382.65,2.34,243.9775,2294.67,11.45,20054.34
2017-02-09,4.542857142857143,0.6971428571428572,98.61091428571429,185.4408571428572,96.47142857142858,52.99,13384.842857142858,2.4,243.97342857142857,2307.87,10.88,20172.4
2017-02-10,4.535714285714286,0.7017857142857143,98.63282857142856,185.49471428571428,96.49285714285716,53.84,13387.035714285714,2.41,243.96935714285715,2316.1,10.85,20269.37
2017-02-13,4.514285714285714,0.7157142857142857,98.69857142857144,185.6562857142857,96.55714285714286,52.96,13393.614285714286,2.43,243.95714285714288,2328.25,11.07,20412.16
2017-02-14,4.507142857142857,0.7203571428571429,98.72048571428572,185.71014285714284,96.57857142857144,53.21,13395.807142857142,2.47,243.95307142857143,2337.58,10.74,20504.41
2017-02-15,4.5,0.7250000000000001,98.7424,185.764,96.6,53.11,13398.0,2.51,243.949,2349.25,11.97,20611.86
2017-02-16,4.492857142857143,0.7296428571428571,98.76431428571428,185.81785714285715,96.62142857142857,53.41,13400.192857142858,2.45,243.94492857142856,2347.22,11.76,20619.77
2017-02-17,4.485714285714286,0.7342857142857143,98.78622857142857,185.8717142857143,96.64285714285714,53.41,13402.385714285714,2.42,243.9408571428572,2351.16,11.49,20624.05
2017-02-20,4.464285714285714,0.7482142857142857,98.85197142857145,186.0332857142857,96.70714285714286,53.8675,13408.964285714286,2.4275,243.92864285714285,2361.825,11.55,20713.2625
2017-02-21,4.457142857142857,0.7528571428571429,98.8738857142857,186.08714285714285,96.72857142857144,54.02,13411.157142857142,2.43,243.92457142857145,2365.38,11.57,20743.0
2017-02-22,4.45,0.7575000000000001,98.8958,186.141,96.75,53.61,13413.35,2.42,243.9205,2362.82,11.74,20775.6
2017-02-23,4.442857142857143,0.7621428571428572,98.91771428571428,186.1948571428572,96.77142857142856,54.48,13415.542857142858,2.38,243.91642857142853,2363.81,11.71,20810.32
2017-02-24,4.435714285714286,0.7667857142857143,98.93962857142856,186.24871428571427,96.79285714285714,53.99,13417.735714285714,2.31,243.9123571428572,2367.34,11.47,20821.76
2017-02-27,4.414285714285715,0.7807142857142857,99.00537142857142,186.4102857142857,96.85714285714286,54.04,13424.314285714288,2.36,243.90014285714284,2369.75,12.09,20837.44
2017-02-28,4.4071428571428575,0.7853571428571429,99.02728571428572,186.4641428571429,96.87857142857143,54.0,13426.507142857145,2.36,243.89607142857145,2363.64,12.92,20812.24
2017-03-01,4.4,0.79,99.0492,186.518,96.9,53.82,13428.7,2.46,243.892,2395.96,12.54,21115.55
2017-03-02,4.4,0.7935483870967742,99.0812129032258,186.58293548387093,96.90322580645162,52.63,13430.506451612904,2.49,243.9017096774193,2381.92,11.81,21002.97
2017-03-03,4.4,0.7970967741935484,99.1132258064516,186.647870967742,96.90645161290324,53.33,13432.312903225808,2.49,243.9114193548387,2383.12,10.96,21005.71
2017-03-06,4.4,0.807741935483871,99.20926451612902,186.84267741935483,96.91612903225808,53.19,13437.732258064518,2.49,243.9405483870968,2375.31,11.24,20954.34
2017-03-07,4.4,0.8112903225806452,99.24127741935484,186.9076129032258,96.91935483870968,52.68,13439.53870967742,2.52,243.9502580645161,2368.39,11.45,20924.76
2017-03-08,4.4,0.8148387096774193,99.27329032258064,186.9725483870968,96.92258064516128,49.83,13441.345161290325,2.57,243.9599677419355,2362.98,11.86,20855.73
2017-03-09,4.4,0.8183870967741936,99.30530322580644,187.0374838709677,96.92580645161291,48.75,13443.151612903226,2.6,243.96967741935484,2364.87,12.3,20858.19
2017-03-10,4.4,0.8219354838709678,99.33731612903226,187.1024193548387,96.92903225806452,48.05,13444.95806451613,2.58,243.9793870967742,2372.6,11.66,20902.98
2017-03-13,4.4,0.8325806451612904,99.43335483870968,187.2972258064516,96.93870967741935,47.95,13450.37741935484,2.62,244.00851612903227,2373.47,11.35,20881.48
2017-03-14,4.4,0.8361290322580646,99.46536774193548,187.36216129032252,96.94193548387098,47.24,13452.183870967743,2.6,244.0182258064516,2365.45,12.3,20837.37
2017-03-15,4.4,0.8396774193548387,99.49738064516129,187.4270967741936,96.9451612903226,48.34,13453.990322580648,2.51,244.02793548387092,2385.26,11.63,20950.1
2017-03-16,4.4,0.8432258064516129,99.52939354838708,187.4920322580645,96.9483870967742,48.3,13455.79677419355,2.53,244.0376451612904,2381.38,11.21,20934.55
2017-03-17,4.4,0.8467741935483871,99.56140645161292,187.5569677419355,96.9516129032258,48.34,13457.603225806452,2.5,244.04735483870968,2378.25,11.28,20914.62
2017-03-20,4.4,0.8574193548387097,99.65744516129033,187.7517741935484,96.96129032258064,47.79,13463.022580645162,2.47,244.0764838709677,2373.47,11.34,20905.86
2017-03-21,4.4,0.8609677419354839,99.68945806451612,187.81670967741937,96.96451612903226,47.02,13464.829032258063,2.43,244.08619354838712,2344.02,12.47,20668.01
2017-03-22,4.4,0.864516129032258,99.72147096774194,187.88164516129032,96.96774193548389,47.29,13466.635483870969,2.4,244.09590322580647,2348.45,12.81,20661.3
2017-03-23,4.4,0.8680645161290323,99.75348387096774,187.9465806451613,96.97096774193548,47.0,13468.441935483872,2.41,244.10561290322585,2345.96,13.12,20656.58
2017-03-24,4.4,0.8716129032258064,99.78549677419356,188.01151612903223,96.97419354838708,47.3,13470.248387096775,2.4,244.1153225806452,2343.98,12.96,20596.72
2017-03-27,4.4,0.8822580645161291,99.88153548387098,188.2063225806452,96.98387096774194,47.02,13475.667741935484,2.38,244.14445161290325,2341.59,12.5,20550.98
2017-03-28,4.4,0.8858064516129033,99.91354838709678,188.27125806451613,96.98709677419356,48.36,13477.474193548387,2.42,244.15416129032252,2358.57,11.53,20701.5
2017-03-29,4.4,0.8893548387096775,99.9455612903226,188.33619354838712,96.99032258064516,49.47,13479.28064516129,2.39,244.163870967742,2361.13,11.42,20659.32
2017-03-30,4.4,0.8929032258064517,99.9775741935484,188.40112903225807,96.99354838709678,50.3,13481.087096774194,2.42,244.1735806451613,2368.06,11.54,20728.49
2017-03-31,4.4,0.8964516129032258,100.0095870967742,188.46606451612905,96.9967741935484,50.54,13482.893548387096,2.4,244.18329032258063,2362.72,12.37,20663.22
2017-04-03,4.4,0.9006666666666667,100.04736,188.664,97.00666666666666,50.25,13488.166666666668,2.35,244.1804,2358.84,12.38,20650.21
2017-04-04,4.4,0.901,100.05024,188.7305,97.01,50.99,13489.9,2.36,244.1741,2360.16,11.79,20689.24
2017-04-05,4.4,0.9013333333333332,100.05312,188.797,97.01333333333334,51.14,13491.633333333331,2.34,244.1678,2352.95,12.89,20648.15
2017-04-06,4.4,0.9016666666666668,100.056,188.8635,97.01666666666668,51.69,13493.366666666669,2.34,244.1615,2357.49,12.39,20662.95
2017-04-07,4.4,0.902,100.05888,188.93,97.02,52.25,13495.1,2.38,244.1552,2355.54,12.87,20656.1
2017-04-10,4.4,0.903,100.06752,189.1295,97.03,53.06,13500.3,2.37,244.1363,2357.16,14.05,20658.02
2017-04-11,4.4,0.9033333333333332,100.0704,189.196,97.03333333333332,53.38,13502.033333333336,2.32,244.13,2353.78,15.07,20651.3
2017-04-12,4.4,0.9036666666666668,100.07328,189.2625,97.03666666666666,53.12,13503.766666666668,2.28,244.1237,2344.93,15.77,20591.86
2017-04-13,4.4,0.904,100.07616,189.329,97.04,53.19,13505.5,2.24,244.1174,2328.95,15.96,20453.25
2017-04-14,4.4,0.9043333333333332,100.07904,189.3955,97.04333333333334,53.0475,13507.233333333334,2.245,244.1111,2333.965,15.635000000000002,20499.1675
2017-04-17,4.4,0.9053333333333332,100.08768,189.595,97.05333333333331,52.62,13512.433333333334,2.26,244.0922,2349.01,14.66,20636.92
2017-04-18,4.4,0.9056666666666668,100.09056,189.6615,97.05666666666666,52.46,13514.166666666668,2.18,244.0859,2342.19,14.42,20523.28
2017-04-19,4.4,0.906,100.09344,189.728,97.06,50.49,13515.9,2.21,244.0796,2338.17,14.93,20404.49
2017-04-20,4.4,0.9063333333333332,100.09632,189.7945,97.06333333333332,50.26,13517.633333333331,2.24,244.0733,2355.84,14.15,20578.71
2017-04-21,4.4,0.9066666666666668,100.0992,189.861,97.06666666666666,49.64,13519.366666666669,2.24,244.067,2348.69,14.63,20547.76
2017-04-24,4.4,0.9076666666666668,100.10784,190.0605,97.07666666666668,48.9,13524.566666666668,2.28,244.0481,2374.15,10.84,20763.89
2017-04-25,4.4,0.908,100.11072,190.127,97.08,49.22,13526.3,2.35,244.0418,2388.61,10.76,20996.12
2017-04-26,4.4,0.9083333333333332,100.1136,190.1935,97.08333333333331,49.22,13528.033333333336,2.32,244.0355,2387.45,10.85,20975.09
2017-04-27,4.4,0.9086666666666668,100.11648,190.26,97.08666666666666,48.96,13529.766666666668,2.3,244.0292,2388.77,10.36,20981.33
2017-04-28,4.4,0.909,100.11936,190.3265,97.09,49.31,13531.5,2.29,244.0229,2384.2,10.82,20940.51
2017-05-01,4.4,0.91,100.128,190.526,97.1,48.83,13536.7,2.33,244.004,2388.33,10.11,20913.46
2017-05-02,4.396774193548388,0.9141935483870968,100.13474193548387,190.5816774193549,97.03225806451611,47.65,13537.403225806453,2.29,244.00912903225804,2391.17,10.59,20949.89
2017-05-03,4.393548387096774,0.9183870967741936,100.14148387096776,190.63735483870968,96.96451612903223,47.79,13538.106451612904,2.33,244.01425806451613,2388.13,10.68,20957.9
2017-05-04,4.390322580645162,0.9225806451612903,100.14822580645162,190.69303225806453,96.89677419354838,45.55,13538.809677419356,2.36,244.01938709677412,2389.52,10.46,20951.47
2017-05-05,4.387096774193549,0.9267741935483872,100.15496774193548,190.74870967741936,96.82903225806452,46.23,13539.512903225806,2.36,244.02451612903224,2399.29,10.57,21006.94
2017-05-08,4.37741935483871,0.9393548387096774,100.1751935483871,190.91574193548388,96.6258064516129,46.46,13541.622580645162,2.39,244.03990322580648,2399.38,9.77,21012.28
2017-05-09,4.374193548387097,0.9435483870967742,100.18193548387096,190.9714193548388,96.55806451612902,45.84,13542.325806451614,2.42,244.0450322580645,2396.92,9.96,20975.78
2017-05-10,4.370967741935484,0.947741935483871,100.18867741935485,191.02709677419355,96.49032258064516,47.28,13543.029032258066,2.41,244.05016129032256,2399.63,10.21,20943.11
2017-05-11,4.367741935483871,0.9519354838709676,100.1954193548387,191.0827741935484,96.42258064516128,47.81,13543.732258064516,2.39,244.05529032258065,2394.44,10.6,20919.42
2017-05-12,4.364516129032258,0.9561290322580646,100.20216129032258,191.1384516129032,96.3548387096774,47.83,13544.435483870968,2.33,244.0604193548387,2390.9,10.4,20896.61
2017-05-15,4.354838709677419,0.9687096774193548,100.2223870967742,191.3054838709677,96.1516129032258,48.86,13546.545161290323,2.34,244.0758064516129,2402.32,10.42,20981.94
2017-05-16,4.351612903225806,0.9729032258064516,100.22912903225809,191.3611612903226,96.08387096774192,48.64,13547.248387096775,2.33,244.08093548387097,2400.67,10.65,20979.75
2017-05-17,4.348387096774194,0.9770967741935483,100.23587096774192,191.41683870967745,96.01612903225806,49.04,13547.951612903224,2.22,244.08606451612903,2357.03,15.59,20606.93
2017-05-18,4.345161290322581,0.9812903225806452,100.2426129032258,191.47251612903227,95.9483870967742,49.36,13548.654838709675,2.23,244.0911935483871,2365.72,14.66,20663.02
2017-05-19,4.341935483870968,0.985483870967742,100.24935483870968,191.5281935483871,95.88064516129032,50.32,13549.35806451613,2.23,244.0963225806452,2381.73,12.04,20804.84
2017-05-22,4.332258064516129,0.9980645161290322,100.2695806451613,191.6952258064516,95.6774193548387,50.81,13551.467741935485,2.25,244.11170967741936,2394.02,10.93,20894.83
2017-05-23,4.329032258064516,1.002258064516129,100.27632258064516,191.75090322580647,95.60967741935484,51.12,13552.170967741937,2.29,244.11683870967744,2398.42,10.72,20937.91
2017-05-24,4.325806451612904,1.006451612903226,100.28306451612904,191.8065806451613,95.54193548387096,50.99,13552.874193548389,2.26,244.1219677419355,2404.39,10.02,21012.42
2017-05-25,4.32258064516129,1.010645161290323,100.2898064516129,191.8622580645161,95.47419354838708,48.57,13553.57741935484,2.25,244.12709677419355,2415.07,9.99,21082.95
2017-05-26,4.319354838709677,1.0148387096774194,100.29654838709678,191.917935483871,95.40645161290324,49.58,13554.28064516129,2.25,244.13222580645163,2415.82,9.81,21080.28
2017-05-29,4.309677419354839,1.0274193548387096,100.31677419354838,192.0849677419355,95.2032258064516,49.6175,13556.390322580644,2.22,244.14761290322585,2413.6375,10.2375,21042.1725
2017-05-30,4.306451612903226,1.0316129032258066,100.32351612903226,192.1406451612904,95.13548387096776,49.63,13557.093548387096,2.21,244.15274193548387,2412.91,10.38,21029.47
2017-05-31,4.3032258064516125,1.0358064516129033,100.33025806451612,192.1963225806452,95.06774193548388,48.29,13557.796774193548,2.21,244.157870967742,2411.8,10.41,21008.65
2017-06-01,4.3,1.04,100.337,192.252,95.0,48.32,13558.5,2.21,244.163,2430.06,9.89,21144.18
2017-06-02,4.3,1.0436666666666667,100.32865,192.2934666666667,94.94666666666669,47.68,13560.396666666667,2.15,244.16566666666668,2439.07,9.75,21206.29
2017-06-05,4.3,1.0546666666666666,100.3036,192.41786666666667,94.78666666666666,47.4,13566.086666666666,2.18,244.17366666666663,2436.1,10.07,21184.04
2017-06-06,4.3,1.0583333333333331,100.29525,192.4593333333333,94.73333333333332,48.13,13567.983333333334,2.14,244.17633333333333,2429.33,10.45,21136.23
2017-06-07,4.3,1.062,100.2869,192.5008,94.68,45.8,13569.88,2.18,244.179,2433.14,10.39,21173.69
2017-06-08,4.3,1.0656666666666668,100.27855,192.54226666666668,94.62666666666668,45.68,13571.776666666668,2.19,244.18166666666667,2433.79,10.16,21182.53
2017-06-09,4.3,1.0693333333333332,100.2702,192.58373333333336,94.57333333333334,45.82,13573.673333333334,2.21,244.1843333333333,2431.77,10.7,21271.97
2017-06-12,4.3,1.0803333333333334,100.24515,192.7081333333333,94.41333333333334,46.1,13579.363333333333,2.21,244.19233333333327,2429.39,11.46,21235.67
2017-06-13,4.3,1.084,100.2368,192.7496,94.36,46.41,13581.26,2.21,244.195,2440.35,10.42,21328.47
2017-06-14,4.3,1.0876666666666666,100.22845,192.7910666666667,94.30666666666669,44.79,13583.156666666666,2.15,244.19766666666663,2437.92,10.64,21374.56
2017-06-15,4.3,1.0913333333333333,100.2201,192.8325333333333,94.25333333333332,44.47,13585.053333333331,2.16,244.20033333333333,2432.46,10.9,21359.9
2017-06-16,4.3,1.095,100.21175,192.874,94.2,44.73,13586.95,2.16,244.203,2433.15,10.38,21384.28
2017-06-19,4.3,1.106,100.1867,192.9984,94.04,44.24,13592.64,2.19,244.211,2453.46,10.37,21528.99
2017-06-20,4.3,1.1096666666666666,100.17835,193.03986666666668,93.98666666666666,43.34,13594.536666666669,2.16,244.21366666666663,2437.03,10.86,21467.14
2017-06-21,4.3,1.1133333333333333,100.17,193.08133333333333,93.93333333333334,42.48,13596.433333333332,2.16,244.21633333333327,2435.61,10.75,21410.03
2017-06-22,4.3,1.117,100.16165,193.1228,93.88,42.53,13598.33,2.15,244.219,2434.5,10.48,21397.29
2017-06-23,4.3,1.1206666666666667,100.1533,193.16426666666663,93.82666666666668,42.86,13600.226666666666,2.15,244.22166666666664,2438.3,10.02,21394.76
2017-06-26,4.3,1.1316666666666666,100.12825,193.28866666666667,93.66666666666669,43.24,13605.916666666666,2.14,244.22966666666667,2439.07,9.9,21409.55
2017-06-27,4.3,1.1353333333333333,100.1199,193.3301333333333,93.61333333333334,44.25,13607.813333333334,2.21,244.2323333333333,2419.38,11.06,21310.66
2017-06-28,4.3,1.139,100.11155,193.3716,93.56,44.74,13609.71,2.22,244.235,2440.69,10.03,21454.61
2017-06-29,4.3,1.1426666666666665,100.1032,193.41306666666668,93.50666666666667,44.88,13611.606666666668,2.27,244.23766666666663,2419.7,11.44,21287.03
2017-06-30,4.3,1.1463333333333332,100.09485,193.45453333333333,93.45333333333332,46.02,13613.503333333332,2.31,244.24033333333333,2423.41,11.18,21349.63
2017-07-03,4.306451612903226,1.1506451612903226,100.05719677419354,193.5498064516129,93.61935483870968,45.474,13619.21935483871,2.35,244.30364516129032,2429.01,11.22,21479.27
2017-07-04,4.309677419354839,1.1509677419354838,100.04254516129032,193.57670967741936,93.72903225806452,45.292,13621.129032258064,2.34,244.33396774193548,2430.775,11.145,21478.72
2017-07-05,4.312903225806451,1.151290322580645,100.0278935483871,193.6036129032258,93.83870967741936,45.11,13623.03870967742,2.33,244.36429032258064,2432.54,11.07,21478.17
2017-07-06,4.316129032258065,1.1516129032258065,100.01324193548388,193.63051612903223,93.9483870967742,45.52,13624.948387096774,2.37,244.3946129032258,2409.75,12.54,21320.04
2017-07-07,4.319354838709677,1.1519354838709677,99.99859032258064,193.6574193548387,94.05806451612904,44.25,13626.85806451613,2.39,244.42493548387097,2425.18,11.19,21414.34
2017-07-10,4.329032258064516,1.1529032258064515,99.95463548387096,193.7381290322581,94.38709677419357,44.4,13632.587096774194,2.38,244.51590322580645,2427.43,11.11,21408.52
2017-07-11,4.332258064516129,1.1532258064516128,99.93998387096774,193.7650322580645,94.4967741935484,45.06,13634.496774193549,2.37,244.5462258064516,2425.53,10.89,21409.07
2017-07-12,4.335483870967742,1.1535483870967742,99.92533225806451,193.791935483871,94.60645161290324,45.48,13636.406451612904,2.33,244.5765483870968,2443.25,10.3,21532.14
2017-07-13,4.338709677419355,1.1538709677419354,99.91068064516128,193.81883870967744,94.71612903225808,46.06,13638.31612903226,2.35,244.606870967742,2447.83,9.9,21553.09
2017-07-14,4.341935483870968,1.1541935483870966,99.89602903225808,193.8457419354839,94.8258064516129,46.53,13640.225806451614,2.33,244.6371935483871,2459.27,9.51,21637.74
2017-07-17,4.351612903225806,1.1551612903225803,99.8520741935484,193.92645161290324,95.15483870967742,46.02,13645.954838709677,2.31,244.72816129032256,2459.14,9.82,21629.72
2017-07-18,4.354838709677419,1.1554838709677415,99.83742258064515,193.95335483870969,95.26451612903226,46.4,13647.864516129031,2.27,244.75848387096767,2460.61,9.89,21574.73
2017-07-19,4.358064516129033,1.1558064516129032,99.82277096774192,193.9802580645161,95.3741935483871,47.1,13649.774193548386,2.27,244.78880645161288,2473.83,9.79,21640.75
2017-07-20,4.361290322580645,1.1561290322580644,99.80811935483872,194.00716129032256,95.48387096774194,46.73,13651.68387096774,2.27,244.81912903225805,2473.45,9.58,21611.78
2017-07-21,4.364516129032258,1.1564516129032256,99.79346774193549,194.03406451612904,95.59354838709676,45.78,13653.593548387096,2.24,244.8494516129032,2472.54,9.36,21580.07
2017-07-24,4.374193548387097,1.1574193548387095,99.7495129032258,194.1147741935484,95.92258064516128,46.21,13659.32258064516,2.26,244.9404193548387,2469.91,9.43,21513.17
2017-07-25,4.37741935483871,1.157741935483871,99.73486129032258,194.1416774193549,96.03225806451611,47.77,13661.232258064516,2.33,244.97074193548383,2477.13,9.43,21613.43
2017-07-26,4.380645161290323,1.1580645161290322,99.72020967741936,194.1685806451613,96.14193548387097,48.58,13663.14193548387,2.29,245.00106451612905,2477.83,9.6,21711.01
2017-07-27,4.383870967741935,1.1583870967741934,99.70555806451613,194.19548387096776,96.2516129032258,49.05,13665.051612903226,2.32,245.03138709677413,2475.42,10.11,21796.55
2017-07-28,4.387096774193549,1.1587096774193548,99.6909064516129,194.2223870967742,96.36129032258064,49.72,13666.96129032258,2.3,245.0617096774193,2472.1,10.29,21830.31
2017-07-31,4.396774193548388,1.1596774193548387,99.64695161290322,194.3030967741936,96.69032258064516,50.21,13672.690322580644,2.3,245.15267741935483,2470.3,10.26,21891.12
2017-08-01,4.4,1.16,99.6323,194.33,96.8,49.19,13674.6,2.26,245.183,2476.35,10.09,21963.92
2017-08-02,4.396774193548388,1.1596774193548387,99.63603870967742,194.3451935483871,96.74516129032256,49.6,13676.16129032258,2.27,245.2233870967742,2477.57,10.28,22016.24
2017-08-03,4.393548387096774,1.1593548387096773,99.63977741935484,194.36038709677425,96.69032258064516,49.03,13677.722580645162,2.24,245.2637741935484,2472.16,10.44,22026.1
2017-08-04,4.390322580645162,1.159032258064516,99.64351612903226,194.3755806451613,96.63548387096772,49.57,13679.283870967742,2.27,245.30416129032253,2476.83,10.03,22092.81
2017-08-07,4.380645161290323,1.1580645161290322,99.65473225806451,194.4211612903226,96.47096774193548,49.37,13683.967741935485,2.26,245.4253225806452,2480.91,9.93,22118.42
2017-08-08,4.37741935483871,1.157741935483871,99.65847096774192,194.4363548387097,96.41612903225806,49.07,13685.529032258064,2.29,245.4657096774193,2474.92,10.96,22085.34
2017-08-09,4.374193548387097,1.1574193548387095,99.66220967741936,194.4515483870968,96.36129032258064,49.59,13687.090322580643,2.24,245.5060967741936,2474.02,11.11,22048.7
2017-08-10,4.370967741935484,1.1570967741935485,99.66594838709678,194.46674193548387,96.30645161290322,48.54,13688.651612903226,2.2,245.54648387096773,2438.21,16.04,21844.01
2017-08-11,4.367741935483871,1.156774193548387,99.6696870967742,194.48193548387096,96.2516129032258,48.81,13690.212903225807,2.19,245.586870967742,2441.32,15.51,21858.32
2017-08-14,4.358064516129033,1.1558064516129032,99.68090322580645,194.52751612903225,96.08709677419354,47.59,13694.896774193548,2.22,245.7080322580645,2465.84,12.33,21993.71
2017-08-15,4.354838709677419,1.1554838709677415,99.68464193548388,194.54270967741937,96.03225806451611,47.57,13696.45806451613,2.27,245.74841935483872,2464.61,12.04,21998.99
2017-08-16,4.351612903225806,1.1551612903225803,99.68838064516127,194.55790322580648,95.9774193548387,46.8,13698.01935483871,2.23,245.7888064516129,2468.11,11.74,22024.87
2017-08-17,4.348387096774194,1.1548387096774193,99.69211935483872,194.5730967741936,95.92258064516128,47.07,13699.58064516129,2.19,245.82919354838708,2430.01,15.55,21750.73
2017-08-18,4.345161290322581,1.154516129032258,99.69585806451612,194.58829032258063,95.86774193548386,48.59,13701.14193548387,2.19,245.86958064516128,2425.55,14.26,21674.51
2017-08-21,4.335483870967742,1.1535483870967742,99.70707419354838,194.633870967742,95.7032258064516,47.39,13705.825806451612,2.18,245.99074193548387,2428.37,13.19,21703.75
2017-08-22,4.332258064516129,1.1532258064516128,99.7108129032258,194.64906451612904,95.6483870967742,47.65,13707.387096774191,2.22,246.0311290322581,2452.51,11.35,21899.89
2017-08-23,4.329032258064516,1.1529032258064515,99.71455161290322,194.66425806451613,95.59354838709676,48.45,13708.948387096774,2.17,246.07151612903223,2444.04,12.25,21812.09
2017-08-24,4.325806451612904,1.1525806451612903,99.71829032258064,194.6794516129032,95.53870967741936,47.24,13710.509677419355,2.19,246.1119032258065,2438.97,12.23,21783.4
2017-08-25,4.32258064516129,1.1522580645161289,99.72202903225806,194.6946451612903,95.48387096774194,47.65,13712.070967741936,2.17,246.15229032258063,2443.05,11.28,21813.67
2017-08-28,4.312903225806451,1.151290322580645,99.73324516129033,194.7402258064516,95.31935483870969,46.4,13716.754838709678,2.16,246.2734516129032,2444.24,11.32,21808.4
2017-08-29,4.309677419354839,1.1509677419354838,99.73698387096772,194.7554193548387,95.26451612903226,46.46,13718.31612903226,2.13,246.3138387096774,2446.3,11.7,21865.37
2017-08-30,4.306451612903226,1.1506451612903226,99.74072258064515,194.77061290322573,95.20967741935485,45.96,13719.877419354838,2.15,246.3542258064516,2457.59,11.22,21892.43
2017-08-31,4.3032258064516125,1.1503225806451611,99.74446129032258,194.7858064516129,95.15483870967742,47.26,13721.43870967742,2.12,246.3946129032258,2471.65,10.59,21948.1
2017-09-01,4.3,1.15,99.7482,194.801,95.1,47.32,13723.0,2.16,246.435,2476.55,10.13,21987.56
2017-09-04,4.29,1.15,99.87231,194.8277,95.66,48.3025,13728.93,2.0925,246.4541,2462.525,11.705,21811.8725
2017-09-05,4.286666666666666,1.15,99.91368,194.8366,95.84666666666666,48.63,13730.906666666666,2.07,246.46046666666663,2457.85,12.23,21753.31
2017-09-06,4.283333333333333,1.15,99.95505,194.8455,96.03333333333332,49.13,13732.883333333331,2.1,246.4668333333333,2465.54,11.63,21807.64
2017-09-07,4.28,1.15,99.99642,194.8544,96.22,49.1,13734.86,2.05,246.4732,2465.1,11.55,21784.78
2017-09-08,4.276666666666666,1.15,100.03779,194.8633,96.40666666666668,47.44,13736.836666666666,2.06,246.47956666666667,2461.43,12.12,21797.79
2017-09-11,4.266666666666667,1.15,100.1619,194.89,96.96666666666668,48.06,13742.766666666666,2.14,246.49866666666668,2488.11,10.73,22057.37
2017-09-12,4.263333333333334,1.15,100.20327,194.8989,97.15333333333334,48.21,13744.743333333334,2.17,246.50503333333333,2496.48,10.58,22118.86
2017-09-13,4.26,1.15,100.24464,194.9078,97.34,49.3,13746.72,2.2,246.5114,2498.37,10.5,22158.18
2017-09-14,4.256666666666667,1.15,100.28601,194.9167,97.52666666666669,49.86,13748.696666666669,2.2,246.51776666666663,2495.62,10.44,22203.48
2017-09-15,4.253333333333333,1.15,100.32738,194.9256,97.71333333333334,49.9,13750.673333333332,2.2,246.5241333333333,2500.23,10.17,22268.34
2017-09-18,4.243333333333333,1.15,100.45149,194.9523,98.27333333333333,49.88,13756.603333333333,2.23,246.5432333333333,2503.87,10.15,22331.35
2017-09-19,4.24,1.15,100.49286,194.9612,98.46,49.54,13758.58,2.24,246.5496,2506.65,10.18,22370.8
2017-09-20,4.236666666666666,1.15,100.53423,194.9701,98.64666666666666,50.29,13760.556666666664,2.28,246.55596666666668,2508.24,9.78,22412.59
2017-09-21,4.233333333333333,1.15,100.5756,194.979,98.83333333333331,50.58,13762.533333333333,2.27,246.56233333333333,2500.6,9.67,22359.23
2017-09-22,4.23,1.15,100.61697,194.9879,99.02,50.33,13764.51,2.26,246.5687,2502.22,9.59,22349.59
2017-09-25,4.22,1.15,100.74108,195.0146,99.58,51.85,13770.44,2.22,246.5878,2496.66,10.21,22296.09
2017-09-26,4.216666666666667,1.15,100.78245,195.0235,99.76666666666668,51.59,13772.416666666666,2.24,246.59416666666667,2496.84,10.17,22284.32
2017-09-27,4.213333333333334,1.15,100.82382,195.0324,99.95333333333332,52.14,13774.393333333332,2.31,246.6005333333333,2507.04,9.87,22340.71
2017-09-28,4.21,1.15,100.86519,195.0413,100.14,51.62,13776.37,2.31,246.6069,2510.06,9.55,22381.2
2017-09-29,4.206666666666667,1.15,100.90656,195.0502,100.32666666666668,51.67,13778.346666666666,2.33,246.61326666666668,2519.36,9.51,22405.09
2017-10-02,4.2,1.1503225806451611,100.9976870967742,195.07983870967743,100.62903225806453,50.59,13783.351612903223,2.34,246.6472258064516,2529.12,9.45,22557.6
2017-10-03,4.2,1.1506451612903226,101.0060741935484,195.09167741935485,100.55806451612904,50.44,13784.40322580645,2.33,246.66845161290323,2534.58,9.51,22641.67
2017-10-04,4.2,1.1509677419354838,101.0144612903226,195.10351612903227,100.48709677419356,50.0,13785.454838709677,2.33,246.68967741935484,2537.74,9.63,22661.64
2017-10-05,4.2,1.151290322580645,101.02284838709676,195.1153548387097,100.41612903225808,50.79,13786.506451612902,2.35,246.71090322580645,2552.07,9.19,22775.39
2017-10-06,4.2,1.1516129032258065,101.03123548387096,195.1271935483871,100.34516129032258,49.34,13787.558064516128,2.37,246.7321290322581,2549.33,9.65,22773.67
2017-10-09,4.2,1.1525806451612903,101.05639677419354,195.16270967741937,100.13225806451614,49.58,13790.712903225804,2.355,246.7958064516129,2544.73,10.33,22761.07
2017-10-10,4.2,1.1529032258064515,101.06478387096774,195.1745483870968,100.06129032258065,50.93,13791.764516129031,2.35,246.81703225806453,2550.64,10.08,22830.68
2017-10-11,4.2,1.1532258064516128,101.07317096774192,195.1863870967742,99.99032258064516,51.3,13792.816129032257,2.35,246.8382580645161,2555.24,9.85,22872.89
2017-10-12,4.2,1.1535483870967742,101.08155806451612,195.19822580645163,99.91935483870968,50.61,13793.867741935484,2.33,246.8594838709677,2550.93,9.91,22841.01
2017-10-13,4.2,1.1538709677419354,101.08994516129032,195.21006451612905,99.8483870967742,51.43,13794.919354838708,2.28,246.88070967741936,2553.17,9.61,22871.72
2017-10-16,4.2,1.1548387096774193,101.1151064516129,195.2455806451613,99.63548387096776,51.86,13798.074193548386,2.3,246.9443870967742,2557.64,9.91,22956.96
2017-10-17,4.2,1.1551612903225803,101.1234935483871,195.2574193548387,99.56451612903226,51.87,13799.125806451611,2.3,246.9656129032258,2559.36,10.31,22997.44
2017-10-18,4.2,1.1554838709677415,101.13188064516127,195.26925806451607,99.49354838709678,52.05,13800.17741935484,2.34,246.9868387096774,2561.26,10.07,23157.6
2017-10-19,4.2,1.1558064516129032,101.14026774193547,195.2810967741936,99.42258064516128,51.29,13801.229032258065,2.33,247.00806451612905,2562.1,10.05,23163.04
2017-10-20,4.2,1.1561290322580644,101.14865483870967,195.29293548387096,99.3516129032258,51.63,13802.28064516129,2.39,247.02929032258064,2575.21,9.97,23328.63
2017-10-23,4.2,1.1570967741935485,101.17381612903226,195.3284516129032,99.13870967741936,51.91,13805.435483870968,2.38,247.09296774193547,2564.98,11.07,23273.96
2017-10-24,4.2,1.1574193548387095,101.18220322580646,195.34029032258064,99.06774193548388,52.32,13806.487096774194,2.42,247.11419354838708,2569.13,11.16,23441.76
2017-10-25,4.2,1.157741935483871,101.19059032258065,195.3521290322581,98.9967741935484,51.97,13807.53870967742,2.44,247.13541935483872,2557.15,11.23,23329.46
2017-10-26,4.2,1.1580645161290322,101.19897741935485,195.36396774193548,98.9258064516129,52.41,13808.590322580643,2.46,247.1566451612904,2560.4,11.3,23400.86
2017-10-27,4.2,1.1583870967741934,101.20736451612903,195.3758064516129,98.85483870967742,53.92,13809.64193548387,2.42,247.177870967742,2581.07,9.8,23434.19
2017-10-30,4.2,1.1593548387096773,101.23252580645162,195.4113225806452,98.64193548387097,54.11,13812.796774193548,2.37,247.2415483870968,2572.83,10.5,23348.74
2017-10-31,4.2,1.1596774193548387,101.2409129032258,195.42316129032253,98.57096774193548,54.36,13813.848387096774,2.38,247.2627741935484,2575.26,10.18,23377.24
2017-11-01,4.2,1.16,101.2493,195.435,98.5,54.32,13814.9,2.37,247.284,2579.36,10.2,23435.01
2017-11-02,4.196666666666667,1.1646666666666663,101.25722666666668,195.4482333333333,98.41333333333333,54.55,13816.863333333333,2.35,247.30136666666667,2579.85,9.93,23516.26
2017-11-03,4.193333333333333,1.1693333333333331,101.26515333333334,195.46146666666667,98.32666666666668,55.63,13818.826666666666,2.34,247.3187333333333,2587.84,9.14,23539.19
2017-11-06,4.183333333333334,1.1833333333333331,101.28893333333332,195.50116666666668,98.06666666666666,57.34,13824.716666666667,2.32,247.3708333333333,2591.13,9.4,23548.42
2017-11-07,4.18,1.188,101.29686,195.5144,97.98,57.19,13826.68,2.32,247.3882,2590.64,9.89,23557.23
2017-11-08,4.176666666666667,1.1926666666666663,101.30478666666669,195.5276333333333,97.89333333333332,56.82,13828.643333333332,2.32,247.40556666666663,2594.38,9.78,23563.36
2017-11-09,4.173333333333334,1.1973333333333334,101.31271333333332,195.54086666666663,97.80666666666669,57.16,13830.606666666668,2.33,247.42293333333333,2584.62,10.5,23461.94
2017-11-10,4.17,1.202,101.32064,195.5541,97.72,56.75,13832.57,2.4,247.4403,2582.3,11.29,23422.21
2017-11-13,4.16,1.216,101.34442,195.5938,97.46,56.77,13838.46,2.4,247.4924,2584.84,11.5,23439.7
2017-11-14,4.156666666666666,1.2206666666666666,101.35234666666666,195.60703333333333,97.37333333333332,55.67,13840.423333333332,2.38,247.50976666666668,2578.87,11.59,23409.47
2017-11-15,4.153333333333333,1.2253333333333334,101.36027333333334,195.62026666666665,97.28666666666668,55.28,13842.386666666664,2.33,247.52713333333327,2564.62,13.13,23271.28
2017-11-16,4.15,1.23,101.3682,195.6335,97.2,55.14,13844.35,2.37,247.5445,2585.64,11.76,23458.36
2017-11-17,4.1466666666666665,1.2346666666666666,101.37612666666666,195.6467333333333,97.11333333333332,56.21,13846.313333333334,2.35,247.56186666666667,2578.85,11.43,23358.24
2017-11-20,4.136666666666667,1.2486666666666666,101.39990666666668,195.68643333333333,96.85333333333334,56.21,13852.203333333331,2.37,247.61396666666667,2582.14,10.65,23430.33
2017-11-21,4.133333333333333,1.2533333333333334,101.40783333333331,195.69966666666667,96.76666666666668,56.84,13854.166666666666,2.36,247.6313333333333,2599.03,9.73,23590.83
2017-11-22,4.13,1.258,101.41576,195.7129,96.68,57.88,13856.13,2.32,247.6487,2597.08,9.88,23526.18
2017-11-23,4.126666666666666,1.2626666666666666,101.42368666666668,195.7261333333333,96.59333333333332,58.41,13858.093333333332,2.33,247.6660666666667,2599.75,9.775,23542.085
2017-11-24,4.123333333333333,1.2673333333333334,101.43161333333332,195.73936666666663,96.50666666666667,58.94,13860.056666666664,2.34,247.6834333333333,2602.42,9.67,23557.99
2017-11-27,4.113333333333333,1.2813333333333334,101.45539333333332,195.7790666666667,96.24666666666668,58.1,13865.946666666669,2.32,247.7355333333333,2601.42,9.87,23580.78
2017-11-28,4.109999999999999,1.286,101.46332,195.7923,96.16,57.96,13867.91,2.34,247.7529,2627.04,10.03,23836.71
2017-11-29,4.1066666666666665,1.2906666666666666,101.47124666666666,195.80553333333333,96.07333333333334,57.25,13869.873333333331,2.37,247.77026666666669,2626.07,10.7,23940.68
2017-11-30,4.103333333333333,1.2953333333333334,101.47917333333334,195.81876666666665,95.98666666666668,57.4,13871.836666666666,2.42,247.78763333333333,2647.58,11.28,24272.35
2017-12-01,4.1,1.3,101.4871,195.832,95.9,58.35,13873.8,2.37,247.805,2642.22,11.43,24231.59
2017-12-04,4.090322580645161,1.3106451612903227,101.48691612903224,195.8580322580645,95.88064516129032,57.48,13874.709677419354,2.37,247.907,2639.44,11.68,24290.05
2017-12-05,4.087096774193548,1.3141935483870968,101.48685483870968,195.8667096774193,95.8741935483871,57.66,13875.012903225806,2.36,247.941,2629.57,11.33,24180.64
2017-12-06,4.083870967741936,1.317741935483871,101.4867935483871,195.87538709677412,95.86774193548388,55.79,13875.316129032257,2.33,247.975,2629.27,11.02,24140.91
2017-12-07,4.080645161290322,1.3212903225806452,101.48673225806452,195.88406451612903,95.86129032258064,56.5,13875.61935483871,2.37,248.009,2636.98,10.16,24211.48
2017-12-08,4.077419354838709,1.3248387096774197,101.48667096774192,195.89274193548383,95.85483870967742,57.15,13875.92258064516,2.38,248.043,2651.5,9.58,24329.16
2017-12-11,4.067741935483871,1.335483870967742,101.4864870967742,195.9187741935484,95.83548387096776,57.84,13876.832258064516,2.39,248.145,2659.99,9.34,24386.03
2017-12-12,4.064516129032258,1.3390322580645162,101.48642580645162,195.9274516129032,95.82903225806452,57.12,13877.135483870969,2.4,248.179,2664.11,9.92,24504.8
2017-12-13,4.061290322580645,1.3425806451612905,101.48636451612904,195.9361290322581,95.8225806451613,56.59,13877.43870967742,2.36,248.213,2662.85,10.18,24585.43
2017-12-14,4.058064516129032,1.3461290322580646,101.48630322580644,195.9448064516129,95.81612903225808,57.0,13877.741935483871,2.35,248.247,2652.01,10.49,24508.66
2017-12-15,4.054838709677419,1.3496774193548386,101.48624193548387,195.9534838709677,95.80967741935484,57.29,13878.045161290322,2.35,248.281,2675.81,9.42,24651.74
2017-12-18,4.04516129032258,1.360322580645161,101.48605806451611,195.97951612903225,95.79032258064515,57.17,13878.954838709678,2.39,248.383,2690.16,9.53,24792.2
2017-12-19,4.041935483870968,1.3638709677419354,101.48599677419357,195.9881935483871,95.78387096774192,57.49,13879.258064516129,2.46,248.417,2681.47,10.03,24754.75
2017-12-20,4.038709677419354,1.3674193548387097,101.48593548387096,195.996870967742,95.77741935483871,58.09,13879.56129032258,2.49,248.451,2679.25,9.72,24726.65
2017-12-21,4.035483870967742,1.3709677419354838,101.48587419354838,196.0055483870968,95.7709677419355,58.34,13879.864516129031,2.48,248.485,2684.57,9.62,24782.29
2017-12-22,4.032258064516129,1.374516129032258,101.4858129032258,196.0142258064516,95.76451612903226,58.25,13880.167741935484,2.48,248.519,2683.34,9.9,24754.06
2017-12-25,4.02258064516129,1.3851612903225805,101.48562903225807,196.0402580645161,95.7451612903226,59.225,13881.07741935484,2.4725,248.621,2681.21,10.1625,24748.1725
2017-12-26,4.019354838709678,1.3887096774193548,101.48556774193548,196.04893548387096,95.73870967741937,59.55,13881.38064516129,2.47,248.655,2680.5,10.25,24746.21
2017-12-27,4.016129032258064,1.3922580645161289,101.4855064516129,196.05761290322585,95.73225806451612,59.67,13881.683870967743,2.42,248.689,2682.62,10.47,24774.3
2017-12-28,4.012903225806451,1.3958064516129032,101.48544516129031,196.06629032258064,95.72580645161293,59.84,13881.987096774194,2.43,248.723,2687.54,10.18,24837.51
2017-12-29,4.009677419354839,1.3993548387096773,101.48538387096777,196.0749677419355,95.71935483870968,60.46,13882.290322580646,2.4,248.757,2673.61,11.04,24719.22
2018-01-01,4.0,1.41,101.4852,196.101,95.7,60.3925,13883.2,2.445,248.859,2690.26,10.0875,24797.8125
2018-01-02,4.003225806451613,1.4103225806451611,101.49315806451614,196.1264838709677,95.82903225806452,60.37,13884.364516129031,2.46,248.88061290322585,2695.81,9.77,24824.01
2018-01-03,4.006451612903226,1.4106451612903226,101.50111612903228,196.1519677419355,95.95806451612904,61.61,13885.529032258066,2.44,248.9022258064516,2713.06,9.15,24922.68
2018-01-04,4.009677419354839,1.4109677419354838,101.5090741935484,196.1774516129032,96.08709677419355,61.98,13886.693548387097,2.46,248.92383870967743,2723.99,9.22,25075.13
2018-01-05,4.012903225806451,1.411290322580645,101.51703225806452,196.20293548387096,96.21612903225808,61.49,13887.85806451613,2.47,248.94545161290324,2743.15,9.22,25295.87
2018-01-08,4.02258064516129,1.412258064516129,101.54090645161293,196.2793870967742,96.60322580645162,61.73,13891.351612903229,2.49,249.01029032258063,2747.71,9.52,25283.0
2018-01-09,4.025806451612903,1.4125806451612903,101.54886451612904,196.30487096774192,96.73225806451612,62.92,13892.516129032258,2.55,249.03190322580645,2751.29,10.08,25385.8
2018-01-10,4.029032258064516,1.4129032258064516,101.55682258064516,196.33035483870967,96.86129032258064,63.6,13893.68064516129,2.55,249.05351612903223,2748.23,9.82,25369.13
2018-01-11,4.032258064516129,1.4132258064516128,101.56478064516128,196.3558387096774,96.99032258064516,63.81,13894.845161290325,2.54,249.07512903225808,2767.56,9.88,25574.73
2018-01-12,4.035483870967742,1.4135483870967742,101.57273870967742,196.3813225806452,97.11935483870968,64.22,13896.009677419355,2.55,249.09674193548383,2786.24,10.16,25803.19
2018-01-15,4.04516129032258,1.414516129032258,101.5966129032258,196.4577741935484,97.50645161290323,63.92,13899.503225806451,2.5425,249.16158064516128,2778.875,11.285,25795.4425
2018-01-16,4.048387096774193,1.414838709677419,101.60457096774194,196.4832580645161,97.63548387096776,63.82,13900.667741935484,2.54,249.1831935483871,2776.42,11.66,25792.86
2018-01-17,4.051612903225807,1.4151612903225803,101.61252903225808,196.50874193548387,97.76451612903226,63.92,13901.832258064516,2.57,249.2048064516129,2802.56,11.91,26115.65
2018-01-18,4.054838709677419,1.4154838709677418,101.6204870967742,196.5342258064516,97.89354838709676,63.96,13902.996774193549,2.62,249.22641935483875,2798.03,12.22,26017.81
2018-01-19,4.058064516129032,1.4158064516129032,101.62844516129032,196.55970967741936,98.0225806451613,63.38,13904.16129032258,2.64,249.2480322580645,2810.3,11.27,26071.72
2018-01-22,4.067741935483871,1.416774193548387,101.65231935483872,196.63616129032252,98.40967741935484,63.66,13907.654838709675,2.66,249.312870967742,2832.97,11.03,26214.6
2018-01-23,4.070967741935483,1.4170967741935483,101.66027741935484,196.66164516129032,98.53870967741936,64.45,13908.81935483871,2.63,249.3344838709677,2839.13,11.1,26210.81
2018-01-24,4.074193548387097,1.4174193548387095,101.66823548387096,196.68712903225807,98.66774193548387,65.69,13909.983870967742,2.65,249.3560967741936,2837.54,11.47,26252.12
2018-01-25,4.077419354838709,1.417741935483871,101.67619354838708,196.7126129032258,98.7967741935484,65.62,13911.148387096771,2.63,249.3777096774193,2839.25,11.58,26392.79
2018-01-26,4.080645161290322,1.4180645161290322,101.68415161290322,196.7380967741936,98.9258064516129,66.27,13912.312903225806,2.66,249.3993225806452,2872.87,11.08,26616.71
2018-01-29,4.090322580645161,1.419032258064516,101.70802580645162,196.8145483870968,99.31290322580644,65.71,13915.806451612903,2.7,249.46416129032252,2853.53,13.84,26439.48
2018-01-30,4.0935483870967735,1.4193548387096773,101.71598387096772,196.8400322580645,99.44193548387096,64.64,13916.970967741934,2.73,249.4857741935484,2822.43,14.79,26076.89
2018-01-31,4.096774193548387,1.4196774193548387,101.72394193548386,196.86551612903224,99.57096774193548,64.82,13918.135483870969,2.72,249.50738709677412,2823.81,13.54,26149.39
2018-02-01,4.1,1.42,101.7319,196.891,99.7,65.92,13919.3,2.78,249.529,2821.98,13.47,26186.71
2018-02-02,4.096428571428572,1.4232142857142855,101.74841428571428,196.9505357142857,99.76071428571429,65.5,13921.325,2.84,249.53071428571428,2762.13,17.31,25520.96
2018-02-05,4.085714285714285,1.4328571428571428,101.79795714285714,197.12914285714285,99.94285714285716,64.18,13927.4,2.77,249.5358571428572,2648.94,37.32,24345.75
2018-02-06,4.082142857142857,1.4360714285714284,101.81447142857142,197.18867857142857,100.00357142857143,63.48,13929.425,2.79,249.53757142857145,2695.14,29.98,24912.77
2018-02-07,4.078571428571428,1.4392857142857145,101.83098571428572,197.24821428571428,100.06428571428572,61.91,13931.45,2.84,249.5392857142857,2681.66,27.73,24893.35
2018-02-08,4.074999999999999,1.4425,101.8475,197.30775,100.125,61.3,13933.475,2.85,249.541,2581.0,33.46,23860.46
2018-02-09,4.071428571428571,1.4457142857142855,101.86401428571428,197.3672857142857,100.18571428571428,59.2,13935.5,2.83,249.54271428571428,2619.55,29.06,24190.9
2018-02-12,4.060714285714285,1.4553571428571428,101.91355714285714,197.5458928571429,100.36785714285716,59.41,13941.575,2.86,249.5478571428572,2656.0,25.61,24601.27
2018-02-13,4.057142857142857,1.4585714285714286,101.93007142857142,197.60542857142852,100.42857142857144,59.33,13943.6,2.83,249.54957142857145,2662.94,24.97,24640.45
2018-02-14,4.053571428571429,1.4617857142857142,101.94658571428572,197.6649642857143,100.48928571428571,60.7,13945.625,2.91,249.5512857142857,2698.63,19.26,24893.49
2018-02-15,4.05,1.465,101.9631,197.7245,100.55,61.48,13947.65,2.9,249.553,2731.2,19.13,25200.37
2018-02-16,4.046428571428571,1.4682142857142857,101.97961428571428,197.7840357142857,100.6107142857143,61.89,13949.675,2.87,249.55471428571428,2732.22,19.46,25219.38
2018-02-19,4.035714285714286,1.4778571428571428,102.02915714285714,197.96264285714284,100.79285714285714,61.905,13955.75,2.8775,249.5598571428572,2720.25,20.315,25028.4075
2018-02-20,4.032142857142857,1.4810714285714286,102.04567142857142,198.02217857142853,100.85357142857144,61.91,13957.775,2.88,249.56157142857143,2716.26,20.6,24964.75
2018-02-21,4.0285714285714285,1.4842857142857142,102.06218571428572,198.08171428571427,100.91428571428573,61.73,13959.8,2.94,249.5632857142857,2701.33,20.02,24797.78
2018-02-22,4.025,1.4875,102.0787,198.14125,100.975,62.72,13961.825,2.92,249.565,2703.96,18.72,24962.48
2018-02-23,4.021428571428571,1.4907142857142857,102.09521428571428,198.2007857142857,101.03571428571428,63.52,13963.85,2.88,249.56671428571428,2747.3,16.49,25309.99
2018-02-26,4.010714285714286,1.500357142857143,102.14475714285716,198.37939285714285,101.21785714285714,63.81,13969.925,2.86,249.5718571428572,2779.6,15.8,25709.27
2018-02-27,4.007142857142857,1.5035714285714286,102.16127142857142,198.43892857142856,101.27857142857144,62.94,13971.95,2.9,249.57357142857143,2744.28,18.59,25410.03
2018-02-28,4.003571428571428,1.5067857142857144,102.17778571428572,198.49846428571428,101.33928571428572,61.43,13973.975,2.87,249.5752857142857,2713.83,19.85,25029.2
2018-03-01,4.0,1.51,102.1943,198.558,101.4,60.98,13976.0,2.81,249.577,2677.67,22.47,24608.98
2018-03-02,4.0,1.5158064516129033,102.23174516129032,198.6237741935484,101.31612903225808,61.19,13976.57741935484,2.86,249.5979677419355,2691.25,19.59,24538.06
2018-03-05,4.0,1.5332258064516129,102.34408064516128,198.8210967741936,101.06451612903226,62.49,13978.309677419356,2.88,249.660870967742,2720.94,18.73,24874.76
2018-03-06,4.0,1.5390322580645162,102.3815258064516,198.886870967742,100.98064516129033,62.54,13978.887096774191,2.88,249.6818387096774,2728.12,18.36,24884.12
2018-03-07,4.0,1.5448387096774194,102.41897096774191,198.95264516129032,100.8967741935484,61.09,13979.464516129032,2.89,249.7028064516129,2726.8,17.76,24801.36
2018-03-08,4.0,1.5506451612903225,102.45641612903223,199.0184193548387,100.81290322580644,60.13,13980.04193548387,2.86,249.7237741935484,2738.97,16.54,24895.21
2018-03-09,4.0,1.5564516129032258,102.49386129032258,199.0841935483871,100.72903225806452,62.02,13980.61935483871,2.9,249.74474193548383,2786.57,14.64,25335.74
2018-03-12,4.0,1.5738709677419354,102.60619677419356,199.28151612903227,100.47741935483872,61.35,13982.351612903223,2.87,249.8076451612903,2783.02,15.78,25178.61
2018-03-13,4.0,1.5796774193548386,102.64364193548388,199.34729032258065,100.39354838709676,60.69,13982.929032258064,2.84,249.8286129032258,2765.31,16.35,25007.03
2018-03-14,4.0,1.585483870967742,102.6810870967742,199.41306451612903,100.30967741935484,60.89,13983.506451612902,2.81,249.8495806451613,2749.48,17.23,24758.12
2018-03-15,4.0,1.5912903225806452,102.71853225806451,199.47883870967743,100.22580645161293,61.16,13984.08387096774,2.82,249.8705483870968,2747.33,16.59,24873.66
2018-03-16,4.0,1.5970967741935485,102.75597741935483,199.5446129032258,100.14193548387097,62.29,13984.66129032258,2.85,249.89151612903223,2752.01,15.8,24946.51
2018-03-19,4.0,1.614516129032258,102.8683129032258,199.74193548387092,99.89032258064516,62.01,13986.393548387096,2.85,249.9544193548387,2712.92,19.02,24610.91
2018-03-20,4.0,1.620322580645161,102.90575806451612,199.80770967741933,99.80645161290325,63.37,13986.970967741936,2.89,249.9753870967742,2716.94,18.2,24727.27
2018-03-21,4.0,1.6261290322580644,102.94320322580644,199.87348387096773,99.72258064516129,65.1,13987.548387096776,2.89,249.9963548387097,2711.93,17.86,24682.31
2018-03-22,4.0,1.6319354838709677,102.98064838709676,199.9392580645161,99.63870967741936,64.25,13988.125806451611,2.83,250.0173225806452,2643.69,23.34,23957.89
2018-03-23,4.0,1.637741935483871,103.01809354838709,200.0050322580645,99.55483870967744,65.8,13988.703225806452,2.82,250.03829032258065,2588.26,24.87,23533.2
2018-03-26,4.0,1.6551612903225803,103.13042903225806,200.20235483870968,99.3032258064516,65.49,13990.435483870968,2.85,250.1011935483871,2658.55,21.03,24202.6
2018-03-27,4.0,1.6609677419354838,103.1678741935484,200.2681290322581,99.21935483870968,65.21,13991.012903225806,2.78,250.1221612903226,2612.62,22.5,23857.71
2018-03-28,4.0,1.666774193548387,103.20531935483872,200.33390322580647,99.13548387096776,64.3,13991.590322580643,2.77,250.1431290322581,2605.0,22.87,23848.42
2018-03-29,4.0,1.6725806451612903,103.24276451612904,200.39967741935484,99.0516129032258,64.87,13992.167741935484,2.74,250.16409677419355,2640.87,19.97,24103.11
2018-03-30,4.0,1.6783870967741934,103.28020967741936,200.4654516129032,98.96774193548389,64.415,13992.745161290322,2.7375000000000003,250.18506451612905,2626.1225,20.8825,23988.38
2018-04-02,3.993333333333333,1.6903333333333332,103.32263,200.65823333333333,98.77333333333333,63.05,13995.756666666666,2.73,250.2458333333333,2581.88,23.62,23644.19
2018-04-03,3.986666666666667,1.6906666666666663,103.29016,200.71946666666668,98.74666666666668,63.41,13997.613333333333,2.79,250.26466666666667,2614.45,21.1,24033.36
2018-04-04,3.98,1.6909999999999998,103.25769,200.7807,98.72,63.35,13999.47,2.79,250.2835,2644.69,20.06,24264.3
2018-04-05,3.973333333333333,1.6913333333333334,103.22522,200.8419333333333,98.69333333333331,63.53,14001.326666666666,2.83,250.3023333333333,2662.84,18.94,24505.22
2018-04-06,3.966666666666667,1.6916666666666669,103.19275,200.90316666666664,98.66666666666666,62.03,14003.183333333332,2.77,250.32116666666667,2604.47,21.49,23932.76
2018-04-09,3.9466666666666654,1.6926666666666663,103.09534,201.08686666666668,98.58666666666666,63.4,14008.753333333334,2.78,250.37766666666667,2613.16,21.77,23979.1
2018-04-10,3.94,1.693,103.06287,201.1481,98.56,65.48,14010.61,2.8,250.3965,2656.87,20.47,24408.0
2018-04-11,3.933333333333333,1.6933333333333334,103.0304,201.2093333333333,98.53333333333332,66.81,14012.466666666667,2.79,250.4153333333333,2642.19,20.24,24189.45
2018-04-12,3.9266666666666654,1.6936666666666669,102.99793,201.27056666666667,98.50666666666666,67.07,14014.323333333334,2.83,250.43416666666667,2663.99,18.49,24483.05
2018-04-13,3.92,1.694,102.96546,201.3318,98.48,67.35,14016.18,2.82,250.453,2656.3,17.41,24360.14
2018-04-16,3.9,1.6949999999999998,102.86805,201.5155,98.4,66.23,14021.75,2.83,250.5095,2677.84,16.56,24573.04
2018-04-17,3.893333333333333,1.6953333333333334,102.83558,201.57673333333327,98.37333333333332,66.5,14023.606666666668,2.82,250.5283333333333,2706.39,15.25,24786.63
2018-04-18,3.8866666666666654,1.6956666666666669,102.80311,201.63796666666667,98.34666666666666,68.44,14025.463333333331,2.87,250.54716666666667,2708.64,15.6,24748.07
2018-04-19,3.88,1.696,102.77064,201.6992,98.32,68.3,14027.32,2.92,250.566,2693.13,15.96,24664.89
2018-04-20,3.873333333333333,1.6963333333333332,102.73817,201.7604333333333,98.29333333333334,68.26,14029.176666666666,2.96,250.5848333333333,2670.14,16.88,24462.94
2018-04-23,3.853333333333333,1.6973333333333334,102.64076,201.94413333333333,98.21333333333334,67.61,14034.746666666666,2.98,250.6413333333333,2670.29,16.34,24448.69
2018-04-24,3.846666666666666,1.6976666666666669,102.60829,202.00536666666667,98.18666666666668,67.66,14036.603333333334,3.0,250.66016666666667,2634.56,18.02,24024.13
2018-04-25,3.84,1.698,102.57582,202.0666,98.16,68.0,14038.46,3.03,250.679,2639.4,17.84,24083.83
2018-04-26,3.833333333333333,1.6983333333333333,102.54335,202.1278333333333,98.13333333333333,68.18,14040.316666666668,3.0,250.6978333333333,2666.94,16.24,24322.34
2018-04-27,3.826666666666666,1.6986666666666663,102.51088,202.18906666666663,98.10666666666668,68.11,14042.173333333334,2.96,250.71666666666667,2669.91,15.41,24311.19
2018-04-30,3.806666666666666,1.6996666666666669,102.41347,202.37276666666668,98.02666666666669,68.56,14047.743333333334,2.95,250.77316666666667,2648.05,15.93,24163.15
2018-05-01,3.8,1.7,102.381,202.434,98.0,67.28,14049.6,2.97,250.792,2654.8,15.49,24099.05
2018-05-02,3.8064516129032255,1.7038709677419357,102.40824516129032,202.48535483870967,98.00645161290322,67.91,14051.545161290323,2.97,250.79929032258065,2635.67,15.97,23924.98
2018-05-03,3.8129032258064512,1.707741935483871,102.43549032258063,202.53670967741937,98.01290322580644,68.45,14053.490322580645,2.94,250.8065806451613,2629.73,15.9,23930.15
2018-05-04,3.819354838709677,1.7116129032258065,102.46273548387096,202.58806451612904,98.01935483870967,69.71,14055.435483870968,2.95,250.813870967742,2663.42,14.77,24262.51
2018-05-07,3.8387096774193545,1.7232258064516128,102.54447096774192,202.74212903225808,98.03870967741936,70.74,14061.270967741935,2.95,250.83574193548387,2672.63,14.75,24357.32
2018-05-08,3.8451612903225807,1.7270967741935483,102.57171612903224,202.7934838709677,98.04516129032258,68.83,14063.216129032258,2.97,250.8430322580645,2671.92,14.71,24360.21
2018-05-09,3.8516129032258064,1.730967741935484,102.59896129032258,202.84483870967745,98.0516129032258,71.16,14065.16129032258,3.0,250.8503225806452,2697.79,13.42,24542.54
2018-05-10,3.858064516129032,1.7348387096774194,102.6262064516129,202.8961935483871,98.05806451612904,71.36,14067.106451612904,2.97,250.8576129032258,2723.07,13.23,24739.53
2018-05-11,3.864516129032258,1.738709677419355,102.65345161290324,202.9475483870968,98.06451612903226,70.69,14069.051612903226,2.97,250.86490322580644,2727.72,12.65,24831.17
2018-05-14,3.883870967741936,1.7503225806451612,102.7351870967742,203.1016129032258,98.08387096774192,71.01,14074.887096774191,3.0,250.8867741935484,2730.13,12.93,24899.41
2018-05-15,3.890322580645161,1.7541935483870967,102.76243225806452,203.1529677419355,98.09032258064516,71.34,14076.832258064516,3.08,250.89406451612905,2711.45,14.63,24706.41
2018-05-16,3.896774193548387,1.7580645161290325,102.78967741935485,203.2043225806452,98.09677419354838,71.43,14078.77741935484,3.09,250.9013548387097,2722.46,13.42,24768.93
2018-05-17,3.903225806451613,1.7619354838709678,102.81692258064515,203.25567741935484,98.10322580645162,71.47,14080.72258064516,3.11,250.9086451612904,2720.13,13.43,24713.98
2018-05-18,3.909677419354839,1.7658064516129033,102.84416774193548,203.3070322580645,98.10967741935484,71.23,14082.667741935484,3.06,250.91593548387092,2712.97,13.42,24715.09
2018-05-21,3.929032258064516,1.7774193548387096,102.92590322580644,203.46109677419355,98.12903225806453,72.26,14088.503225806451,3.06,250.9378064516129,2733.01,13.08,25013.29
2018-05-22,3.935483870967742,1.7812903225806451,102.95314838709676,203.5124516129032,98.13548387096776,72.09,14090.448387096774,3.06,250.9450967741936,2724.44,13.22,24834.41
2018-05-23,3.941935483870968,1.7851612903225806,102.9803935483871,203.5638064516129,98.14193548387097,71.85,14092.393548387096,3.01,250.9523870967742,2733.29,12.58,24886.81
2018-05-24,3.9483870967741934,1.7890322580645162,103.00763870967742,203.6151612903226,98.1483870967742,70.77,14094.33870967742,2.98,250.95967741935485,2727.76,12.53,24811.76
2018-05-25,3.954838709677419,1.7929032258064517,103.03488387096776,203.66651612903223,98.15483870967742,67.92,14096.283870967742,2.93,250.9669677419355,2721.33,13.22,24753.09
2018-05-28,3.9741935483870967,1.8045161290322584,103.1166193548387,203.8205806451613,98.1741935483871,67.08,14102.11935483871,2.81,250.98883870967745,2697.7275,16.07,24459.36
2018-05-29,3.9806451612903215,1.8083870967741933,103.14386451612904,203.87193548387097,98.18064516129031,66.8,14104.064516129032,2.77,250.99612903225807,2689.86,17.02,24361.45
2018-05-30,3.987096774193549,1.812258064516129,103.17110967741937,203.92329032258064,98.18709677419356,68.24,14106.009677419355,2.84,251.0034193548387,2724.01,14.94,24667.78
2018-05-31,3.9935483870967743,1.8161290322580643,103.19835483870968,203.9746451612904,98.19354838709678,66.98,14107.954838709677,2.83,251.01070967741936,2705.27,15.43,24415.84
2018-06-01,4.0,1.82,103.2256,204.026,98.2,65.81,14109.9,2.89,251.018,2734.62,13.46,24635.21
2018-06-04,3.98,1.829,103.23865,204.1169,98.17,64.76,14113.33,2.94,251.0376,2746.87,12.74,24813.69
2018-06-05,3.973333333333333,1.832,103.243,204.1472,98.16,65.51,14114.473333333332,2.92,251.0441333333333,2748.8,12.4,24799.98
2018-06-06,3.966666666666667,1.835,103.24735,204.1775,98.15,64.75,14115.616666666669,2.97,251.05066666666667,2772.35,11.64,25146.39
2018-06-07,3.96,1.838,103.2517,204.2078,98.14,65.96,14116.76,2.93,251.0572,2770.37,12.13,25241.41
2018-06-08,3.953333333333333,1.841,103.25605,204.2381,98.13,65.77,14117.903333333334,2.93,251.0637333333333,2779.03,12.18,25316.53
2018-06-11,3.933333333333333,1.85,103.2691,204.329,98.1,66.1,14121.333333333334,2.96,251.0833333333333,2782.0,12.35,25322.31
2018-06-12,3.9266666666666654,1.853,103.27345,204.3593,98.09,66.38,14122.476666666667,2.96,251.0898666666667,2786.85,12.34,25320.73
2018-06-13,3.92,1.856,103.2778,204.3896,98.08,66.63,14123.62,2.98,251.0964,2775.63,12.94,25201.2
2018-06-14,3.913333333333333,1.859,103.28215,204.4199,98.07,66.91,14124.763333333334,2.94,251.1029333333333,2782.49,12.12,25175.31
2018-06-15,3.9066666666666654,1.862,103.2865,204.4502,98.06,65.01,14125.906666666668,2.93,251.10946666666663,2779.66,11.98,25090.48
2018-06-18,3.8866666666666654,1.871,103.29955,204.5411,98.03,65.91,14129.336666666666,2.92,251.12906666666663,2773.75,12.31,24987.47
2018-06-19,3.88,1.874,103.3039,204.5714,98.02,65.09,14130.48,2.89,251.1356,2762.59,13.35,24700.21
2018-06-20,3.873333333333333,1.877,103.30825,204.6017,98.01,65.92,14131.623333333331,2.93,251.14213333333333,2767.32,12.79,24657.8
2018-06-21,3.866666666666666,1.88,103.3126,204.632,98.0,65.68,14132.766666666666,2.9,251.14866666666663,2749.76,14.64,24461.7
2018-06-22,3.86,1.883,103.31695,204.6623,97.99,69.02,14133.91,2.9,251.1552,2754.88,13.77,24580.89
2018-06-25,3.84,1.892,103.33,204.7532,97.96,69.91,14137.34,2.87,251.1748,2717.07,17.33,24252.8
2018-06-26,3.833333333333333,1.895,103.33435,204.7835,97.95,75.23,14138.483333333334,2.88,251.18133333333333,2723.06,15.92,24283.11
2018-06-27,3.826666666666666,1.898,103.3387,204.8138,97.94,77.41,14139.626666666669,2.83,251.18786666666668,2699.63,17.91,24117.59
2018-06-28,3.82,1.901,103.34305,204.8441,97.93,73.45,14140.77,2.84,251.1944,2716.31,16.85,24216.05
2018-06-29,3.813333333333333,1.904,103.3474,204.8744,97.92,74.13,14141.913333333334,2.85,251.20093333333327,2718.37,16.09,24271.41
2018-07-02,3.8,1.91,103.37875806451612,204.9471935483871,97.84516129032258,73.89,14145.803225806452,2.87,251.2284838709677,2726.71,15.6,24307.18
2018-07-03,3.8,1.91,103.40141612903226,204.9593870967742,97.79032258064515,74.19,14147.406451612904,2.83,251.24296774193547,2713.22,16.14,24174.82
2018-07-04,3.8,1.91,103.42407419354838,204.97158064516128,97.73548387096774,73.62,14149.009677419355,2.835,251.2574516129032,2724.915,15.555,24265.78
2018-07-05,3.8,1.91,103.44673225806451,204.9837741935484,97.68064516129031,73.05,14150.612903225809,2.84,251.27193548387092,2736.61,14.97,24356.74
2018-07-06,3.8,1.91,103.46939032258064,204.9959677419355,97.6258064516129,73.78,14152.216129032258,2.82,251.2864193548387,2759.82,13.37,24456.48
2018-07-09,3.8,1.91,103.53736451612905,205.0325483870968,97.46129032258064,73.93,14157.025806451613,2.86,251.32987096774195,2784.17,12.69,24776.59
2018-07-10,3.8,1.91,103.56002258064515,205.04474193548387,97.40645161290324,74.11,14158.629032258064,2.87,251.34435483870968,2793.84,12.64,24919.66
2018-07-11,3.8,1.91,103.58268064516128,205.05693548387097,97.3516129032258,70.47,14160.232258064516,2.85,251.35883870967743,2774.02,13.63,24700.45
2018-07-12,3.8,1.91,103.6053387096774,205.06912903225808,97.2967741935484,70.28,14161.835483870967,2.85,251.37332258064515,2798.29,12.58,24924.89
2018-07-13,3.8,1.91,103.62799677419356,205.08132258064515,97.24193548387098,71.03,14163.43870967742,2.83,251.3878064516129,2801.31,12.18,25019.41
2018-07-16,3.8,1.91,103.69597096774191,205.1179032258065,97.07741935483872,68.22,14168.248387096774,2.85,251.43125806451613,2798.43,12.83,25064.36
2018-07-17,3.8,1.91,103.71862903225806,205.1300967741936,97.0225806451613,68.03,14169.851612903229,2.86,251.44574193548388,2809.55,12.06,25119.89
2018-07-18,3.8,1.91,103.7412870967742,205.14229032258064,96.96774193548389,68.78,14171.454838709678,2.88,251.46022580645163,2815.62,12.1,25199.29
2018-07-19,3.8,1.91,103.76394516129032,205.1544838709677,96.91290322580646,69.42,14173.05806451613,2.84,251.47470967741936,2804.49,12.87,25064.5
2018-07-20,3.8,1.91,103.78660322580645,205.16667741935484,96.85806451612903,70.31,14174.66129032258,2.89,251.4891935483871,2801.83,12.86,25058.12
2018-07-23,3.8,1.91,103.85457741935484,205.2032580645161,96.69354838709678,67.9,14179.470967741936,2.96,251.5326451612904,2806.98,12.62,25044.29
2018-07-24,3.8,1.91,103.87723548387096,205.2154516129032,96.63870967741936,70.77,14181.074193548387,2.95,251.54712903225808,2820.4,12.41,25241.94
2018-07-25,3.8,1.91,103.8998935483871,205.22764516129035,96.58387096774194,71.13,14182.67741935484,2.94,251.5616129032258,2846.07,12.29,25414.1
2018-07-26,3.8,1.91,103.92255161290322,205.2398387096774,96.52903225806452,71.59,14184.28064516129,2.98,251.5760967741936,2837.44,12.14,25527.07
2018-07-27,3.8,1.91,103.94520967741936,205.2520322580645,96.4741935483871,68.66,14185.883870967742,2.96,251.5905806451613,2818.82,13.03,25451.06
2018-07-30,3.8,1.91,104.01318387096774,205.28861290322573,96.30967741935484,71.19,14190.693548387097,2.98,251.6340322580645,2802.6,14.26,25306.83
2018-07-31,3.8,1.91,104.03584193548387,205.30080645161289,96.25483870967744,69.88,14192.296774193548,2.96,251.64851612903223,2816.29,12.83,25415.19
2018-08-01,3.8,1.91,104.0585,205.313,96.2,68.8,14193.9,3.0,251.663,2813.36,13.15,25333.82
2018-08-02,3.7967741935483854,1.911290322580645,104.05996129032258,205.3144838709677,96.3258064516129,68.95,14195.04193548387,2.98,251.6797419354839,2827.22,12.19,25326.16
2018-08-03,3.793548387096774,1.9125806451612903,104.06142258064516,205.31596774193548,96.4516129032258,68.49,14196.18387096774,2.95,251.6964838709677,2840.35,11.64,25462.58
2018-08-06,3.7838709677419353,1.9164516129032256,104.0658064516129,205.3204193548387,96.82903225806452,69.01,14199.609677419354,2.94,251.74670967741932,2850.4,11.27,25502.18
2018-08-07,3.780645161290322,1.917741935483871,104.06726774193548,205.32190322580644,96.95483870967742,69.17,14200.751612903225,2.98,251.7634516129032,2858.45,10.93,25628.91
2018-08-08,3.7774193548387096,1.919032258064516,104.06872903225806,205.32338709677416,97.08064516129032,66.92,14201.893548387096,2.96,251.7801935483871,2857.7,10.85,25583.75
2018-08-09,3.774193548387097,1.9203225806451607,104.07019032258064,205.324870967742,97.20645161290322,66.81,14203.035483870968,2.93,251.79693548387093,2853.58,11.27,25509.23
2018-08-10,3.770967741935484,1.9216129032258065,104.07165161290322,205.32635483870968,97.33225806451613,67.61,14204.17741935484,2.87,251.81367741935483,2833.28,13.16,25313.14
2018-08-13,3.761290322580645,1.925483870967741,104.07603548387095,205.3308064516129,97.70967741935485,67.25,14207.603225806452,2.88,251.86390322580647,2821.93,14.78,25187.7
2018-08-14,3.758064516129032,1.926774193548387,104.07749677419356,205.33229032258063,97.83548387096774,67.04,14208.745161290322,2.89,251.88064516129032,2839.96,13.31,25299.92
2018-08-15,3.7548387096774194,1.928064516129032,104.07895806451612,205.3337741935484,97.96129032258064,65.07,14209.887096774191,2.86,251.8973870967742,2818.37,14.64,25162.41
2018-08-16,3.7516129032258063,1.9293548387096773,104.08041935483872,205.33525806451613,98.08709677419355,65.44,14211.029032258064,2.87,251.91412903225807,2840.69,13.45,25558.73
2018-08-17,3.7483870967741937,1.9306451612903224,104.08188064516128,205.33674193548387,98.21290322580646,65.93,14212.170967741937,2.87,251.93087096774192,2850.13,12.64,25669.32
2018-08-20,3.738709677419355,1.934516129032258,104.08626451612903,205.3411935483871,98.59032258064516,66.5,14215.596774193547,2.82,251.9810967741936,2857.05,12.49,25758.69
2018-08-21,3.735483870967742,1.9358064516129032,104.08772580645162,205.34267741935483,98.71612903225808,67.32,14216.738709677418,2.85,251.9978387096774,2862.96,12.86,25822.29
2018-08-22,3.732258064516129,1.9370967741935483,104.0891870967742,205.34416129032252,98.84193548387096,67.85,14217.880645161287,2.82,252.0145806451613,2861.82,12.25,25733.6
2018-08-23,3.729032258064516,1.9383870967741927,104.09064838709678,205.34564516129032,98.96774193548389,69.13,14219.02258064516,2.82,252.0313225806452,2856.98,12.41,25656.98
2018-08-24,3.725806451612904,1.9396774193548387,104.09210967741936,205.34712903225807,99.09354838709676,69.71,14220.16451612903,2.82,252.04806451612905,2874.69,11.99,25790.35
2018-08-27,3.7161290322580647,1.9435483870967745,104.0964935483871,205.3515806451613,99.47096774193548,69.97,14223.590322580643,2.85,252.09829032258065,2896.74,12.16,26049.64
2018-08-28,3.712903225806452,1.94483870967742,104.09795483870968,205.35306451612905,99.59677419354838,68.54,14224.732258064516,2.88,252.1150322580645,2897.52,12.5,26064.02
2018-08-29,3.709677419354839,1.9461290322580644,104.09941612903226,205.3545483870968,99.72258064516129,69.68,14225.874193548389,2.89,252.1317741935484,2914.04,12.25,26124.57
2018-08-30,3.706451612903226,1.947419354838709,104.10087741935484,205.3560322580645,99.8483870967742,70.25,14227.016129032258,2.86,252.14851612903223,2901.13,13.53,25986.92
2018-08-31,3.703225806451613,1.9487096774193549,104.10233870967744,205.35751612903223,99.97419354838708,69.84,14228.158064516128,2.86,252.1652580645161,2901.52,12.86,25964.82
2018-09-03,3.706666666666667,1.966,104.09219333333334,205.35866666666664,100.0,69.82499999999999,14230.106666666668,2.89,252.2213333333333,2897.92,13.085,25955.565
2018-09-04,3.71,1.974,104.08639,205.3585,99.95,69.82,14230.509999999998,2.9,252.241,2896.72,13.16,25952.48
2018-09-05,3.713333333333333,1.982,104.08058666666668,205.3583333333333,99.9,68.69,14230.913333333332,2.9,252.26066666666665,2888.6,13.91,25974.99
2018-09-06,3.716666666666667,1.99,104.07478333333334,205.35816666666668,99.85,67.81,14231.316666666666,2.88,252.2803333333333,2878.05,14.65,25995.87
2018-09-07,3.72,1.998,104.06898,205.358,99.8,67.73,14231.72,2.94,252.3,2871.68,14.88,25916.54
2018-09-10,3.73,2.022,104.05157,205.3575,99.65,67.55,14232.93,2.94,252.359,2877.13,14.16,25857.07
2018-09-11,3.733333333333333,2.03,104.04576666666668,205.3573333333333,99.6,69.29,14233.333333333332,2.98,252.37866666666665,2887.89,13.22,25971.06
2018-09-12,3.736666666666667,2.038,104.03996333333332,205.35716666666667,99.55,70.37,14233.736666666666,2.97,252.3983333333333,2888.92,13.14,25998.92
2018-09-13,3.74,2.046,104.03416,205.357,99.5,68.6,14234.14,2.97,252.418,2904.18,12.37,26145.99
2018-09-14,3.743333333333333,2.054,104.02835666666668,205.35683333333336,99.45,68.98,14234.543333333331,2.99,252.43766666666664,2904.98,12.07,26154.67
2018-09-17,3.753333333333333,2.078,104.01094666666668,205.3563333333333,99.3,68.86,14235.753333333332,2.99,252.49666666666667,2888.8,13.68,26062.12
2018-09-18,3.756666666666667,2.086,104.00514333333334,205.35616666666667,99.25,69.87,14236.156666666666,3.05,252.5163333333333,2904.31,12.79,26246.96
2018-09-19,3.76,2.094,103.99934,205.356,99.2,71.08,14236.56,3.08,252.536,2907.95,11.75,26405.76
2018-09-20,3.763333333333333,2.102,103.99353666666669,205.3558333333333,99.15,70.77,14236.963333333331,3.07,252.55566666666667,2930.75,11.8,26656.98
2018-09-21,3.7666666666666666,2.11,103.98773333333334,205.35566666666668,99.1,70.8,14237.366666666669,3.07,252.57533333333333,2929.67,11.68,26743.5
2018-09-24,3.7766666666666655,2.134,103.97032333333333,205.3551666666667,98.95,73.23,14238.576666666666,3.08,252.63433333333333,2919.37,12.2,26562.05
2018-09-25,3.78,2.142,103.96452,205.355,98.9,73.4,14238.98,3.1,252.654,2915.56,12.42,26492.21
2018-09-26,3.783333333333333,2.15,103.95871666666666,205.3548333333333,98.85,72.22,14239.383333333331,3.06,252.67366666666663,2905.97,12.89,26385.28
2018-09-27,3.786666666666666,2.158,103.95291333333331,205.35466666666667,98.8,72.18,14239.786666666669,3.06,252.69333333333333,2914.0,12.41,26439.93
2018-09-28,3.79,2.166,103.94711,205.3545,98.75,73.16,14240.19,3.05,252.713,2913.98,12.12,26458.31
2018-10-01,3.8,2.19,103.9297,205.354,98.6,75.37,14241.4,3.09,252.772,2924.59,12.0,26651.21
2018-10-02,3.8,2.1903225806451614,103.93237419354838,205.3455483870968,98.56451612903226,75.16,14242.025806451613,3.05,252.7662580645161,2923.43,12.05,26773.94
2018-10-03,3.8,2.1906451612903224,103.93504838709676,205.33709677419355,98.5290322580645,76.4,14242.651612903226,3.15,252.76051612903225,2925.51,11.61,26828.39
2018-10-04,3.8,2.190967741935484,103.93772258064516,205.32864516129032,98.49354838709677,74.44,14243.277419354838,3.19,252.7547741935484,2901.61,14.22,26627.48
2018-10-05,3.8,2.1912903225806453,103.94039677419354,205.32019354838712,98.45806451612904,74.26,14243.90322580645,3.23,252.7490322580645,2885.57,14.82,26447.05
2018-10-08,3.8,2.192258064516129,103.9484193548387,205.29483870967744,98.3516129032258,74.27,14245.78064516129,3.215,252.7318064516129,2884.43,15.69,26486.78
2018-10-09,3.8,2.19258064516129,103.95109354838708,205.2863870967742,98.31612903225806,74.95,14246.406451612902,3.21,252.726064516129,2880.34,15.95,26430.57
2018-10-10,3.8,2.192903225806452,103.95376774193548,205.27793548387092,98.28064516129032,73.18,14247.032258064515,3.22,252.7203225806452,2785.68,22.96,25598.74
2018-10-11,3.8,2.193225806451613,103.95644193548388,205.2694838709677,98.24516129032256,70.97,14247.658064516128,3.14,252.71458064516128,2728.37,24.98,25052.83
2018-10-12,3.8,2.193548387096774,103.95911612903224,205.2610322580645,98.20967741935485,71.41,14248.283870967742,3.15,252.70883870967745,2767.13,21.31,25339.99
2018-10-15,3.8,2.194516129032258,103.9671387096774,205.2356774193549,98.1032258064516,71.84,14250.16129032258,3.16,252.6916129032258,2750.79,21.3,25250.55
2018-10-16,3.8,2.19483870967742,103.9698129032258,205.22722580645163,98.06774193548388,71.93,14250.787096774193,3.16,252.68587096774192,2809.92,17.62,25798.42
2018-10-17,3.8,2.195161290322581,103.9724870967742,205.2187741935484,98.03225806451611,69.63,14251.412903225806,3.19,252.6801290322581,2809.21,17.4,25706.68
2018-10-18,3.8,2.1954838709677422,103.9751612903226,205.2103225806452,97.9967741935484,68.63,14252.03870967742,3.17,252.67438709677413,2768.78,20.06,25379.45
2018-10-19,3.8,2.195806451612903,103.97783548387098,205.201870967742,97.96129032258064,69.16,14252.664516129033,3.2,252.6686451612904,2767.78,19.89,25444.34
2018-10-22,3.8,2.196774193548387,103.98585806451614,205.17651612903228,97.85483870967742,69.25,14254.54193548387,3.2,252.6514193548387,2755.88,19.64,25317.41
2018-10-23,3.8,2.1970967741935485,103.98853225806452,205.16806451612905,97.81935483870969,66.49,14255.167741935484,3.17,252.64567741935485,2740.69,20.71,25191.43
2018-10-24,3.8,2.19741935483871,103.99120645161292,205.15961290322585,97.78387096774192,66.56,14255.793548387095,3.1,252.63993548387097,2656.1,25.23,24583.42
2018-10-25,3.8,2.197741935483871,103.9938806451613,205.1511612903226,97.7483870967742,67.25,14256.419354838708,3.14,252.6341935483871,2705.57,24.22,24984.55
2018-10-26,3.8,2.1980645161290324,103.99655483870968,205.14270967741936,97.71290322580646,67.58,14257.045161290322,3.08,252.6284516129032,2658.69,24.16,24688.31
2018-10-29,3.8,2.1990322580645163,104.00457741935485,205.1173548387097,97.60645161290324,67.0,14258.92258064516,3.08,252.6112258064516,2641.25,24.7,24442.92
2018-10-30,3.8,2.1993548387096777,104.00725161290325,205.10890322580647,97.57096774193548,66.18,14259.548387096773,3.12,252.60548387096773,2682.63,23.35,24874.64
2018-10-31,3.8,2.1996774193548387,104.00992580645162,205.10045161290324,97.53548387096774,65.31,14260.174193548386,3.15,252.59974193548388,2711.74,21.23,25115.76
2018-11-01,3.8,2.2,104.0126,205.092,97.5,63.67,14260.8,3.14,252.594,2740.37,19.34,25380.74
2018-11-02,3.803333333333333,2.2023333333333337,104.01368333333332,205.0783,97.52666666666669,63.12,14264.86,3.22,252.59976666666665,2723.06,19.51,25270.83
2018-11-05,3.813333333333333,2.2093333333333334,104.01693333333334,205.0372,97.60666666666668,63.12,14277.04,3.2,252.61706666666663,2738.31,19.96,25461.7
2018-11-06,3.8166666666666655,2.211666666666667,104.01801666666668,205.0235,97.63333333333333,62.16,14281.1,3.22,252.6228333333333,2755.45,19.91,25635.01
2018-11-07,3.82,2.214,104.0191,205.0098,97.66,61.69,14285.16,3.22,252.6286,2813.89,16.36,26180.3
2018-11-08,3.823333333333333,2.216333333333333,104.02018333333334,204.9961,97.68666666666668,60.71,14289.22,3.24,252.63436666666664,2806.83,16.72,26191.22
2018-11-09,3.826666666666666,2.218666666666667,104.02126666666668,204.9824,97.71333333333334,60.19,14293.28,3.19,252.64013333333327,2781.01,17.36,25989.3
2018-11-12,3.8366666666666656,2.2256666666666667,104.02451666666668,204.9413,97.79333333333334,59.85,14305.46,3.1525,252.65743333333333,2726.22,20.45,25387.18
2018-11-13,3.84,2.228,104.0256,204.9276,97.82,55.63,14309.52,3.14,252.6632,2722.18,20.02,25286.49
2018-11-14,3.843333333333333,2.2303333333333333,104.02668333333334,204.9139,97.84666666666666,56.16,14313.58,3.12,252.66896666666665,2701.58,21.25,25080.5
2018-11-15,3.846666666666666,2.232666666666667,104.02776666666668,204.9002,97.87333333333332,56.45,14317.64,3.11,252.6747333333333,2730.2,19.98,25289.27
2018-11-16,3.85,2.2350000000000003,104.02885,204.8865,97.9,56.49,14321.7,3.08,252.6805,2736.27,18.14,25413.22
2018-11-19,3.86,2.242,104.0321,204.8454,97.98,57.16,14333.88,3.06,252.6978,2690.73,20.1,25017.44
2018-11-20,3.863333333333333,2.244333333333333,104.03318333333334,204.8317,98.00666666666666,53.39,14337.94,3.06,252.70356666666663,2641.89,22.48,24465.64
2018-11-21,3.866666666666666,2.2466666666666666,104.03426666666668,204.818,98.03333333333332,54.41,14342.0,3.06,252.7093333333333,2649.93,20.8,24464.69
2018-11-22,3.87,2.249,104.03535,204.8043,98.06,53.82,14346.06,3.055,252.7151,2641.245,21.16,24375.32
2018-11-23,3.873333333333333,2.251333333333333,104.03643333333332,204.7906,98.08666666666666,53.23,14350.12,3.05,252.72086666666667,2632.56,21.52,24285.95
2018-11-26,3.883333333333333,2.2583333333333333,104.03968333333334,204.7495,98.16666666666666,51.46,14362.3,3.07,252.73816666666667,2673.45,18.9,24640.24
2018-11-27,3.8866666666666654,2.260666666666667,104.04076666666668,204.7358,98.19333333333331,51.31,14366.36,3.06,252.74393333333333,2682.17,19.02,24748.73
2018-11-28,3.89,2.263,104.04185,204.7221,98.22,50.06,14370.42,3.06,252.7497,2743.79,18.49,25366.43
2018-11-29,3.893333333333333,2.2653333333333334,104.04293333333334,204.7084,98.24666666666668,51.46,14374.48,3.03,252.75546666666665,2737.76,18.79,25338.84
2018-11-30,3.8966666666666665,2.2676666666666665,104.04401666666668,204.6947,98.27333333333333,50.78,14378.54,3.01,252.7612333333333,2760.17,18.07,25538.46
2018-12-03,3.9064516129032256,2.278387096774193,104.0008870967742,204.64880645161293,97.84193548387096,52.98,14386.69677419355,2.98,252.75370967741927,2790.37,16.44,25826.43
2018-12-04,3.909677419354839,2.2825806451612904,103.9787806451613,204.63270967741937,97.61290322580643,53.21,14388.745161290322,2.91,252.74706451612903,2700.06,20.74,25027.07
2018-12-05,3.9129032258064513,2.286774193548387,103.9566741935484,204.6166129032258,97.38387096774191,52.64,14390.793548387095,2.89,252.7404193548387,2698.005,20.965,24987.37
2018-12-06,3.916129032258064,2.290967741935484,103.9345677419355,204.60051612903223,97.15483870967742,51.54,14392.841935483872,2.87,252.7337741935484,2695.95,21.19,24947.67
2018-12-07,3.9193548387096775,2.2951612903225804,103.91246129032258,204.5844193548388,96.9258064516129,52.76,14394.890322580646,2.85,252.7271290322581,2633.08,23.23,24388.95
2018-12-10,3.929032258064516,2.307741935483871,103.84614193548389,204.5361290322581,96.23870967741937,51.07,14401.035483870968,2.85,252.7071935483871,2637.72,22.64,24423.26
2018-12-11,3.932258064516129,2.311935483870968,103.82403548387096,204.52003225806453,96.00967741935484,51.65,14403.083870967745,2.89,252.7005483870968,2636.78,21.76,24370.24
2018-12-12,3.935483870967742,2.3161290322580643,103.80192903225807,204.50393548387092,95.78064516129032,51.04,14405.132258064516,2.91,252.69390322580645,2651.07,21.46,24527.27
2018-12-13,3.938709677419354,2.3203225806451613,103.77982258064516,204.48783870967745,95.5516129032258,52.69,14407.18064516129,2.91,252.68725806451613,2650.54,20.65,24597.38
2018-12-14,3.941935483870968,2.3245161290322582,103.75771612903226,204.47174193548383,95.3225806451613,51.26,14409.229032258065,2.89,252.6806129032258,2599.95,21.63,24100.51
2018-12-17,3.951612903225808,2.337096774193548,103.69139677419356,204.4234516129032,94.63548387096776,49.8,14415.374193548389,2.86,252.66067741935484,2545.94,24.52,23592.98
2018-12-18,3.954838709677419,2.341290322580645,103.66929032258064,204.4073548387097,94.40645161290324,46.12,14417.42258064516,2.82,252.6540322580645,2546.16,25.58,23675.64
2018-12-19,3.958064516129032,2.3454838709677417,103.64718387096777,204.3912580645161,94.1774193548387,47.96,14419.470967741936,2.77,252.6473870967742,2506.96,25.58,23323.66
2018-12-20,3.961290322580645,2.349677419354838,103.62507741935484,204.37516129032252,93.9483870967742,45.64,14421.51935483871,2.79,252.64074193548387,2467.42,28.38,22859.6
2018-12-21,3.964516129032258,2.353870967741936,103.60297096774194,204.35906451612905,93.71935483870968,45.38,14423.567741935483,2.79,252.63409677419355,2416.62,30.11,22445.37
2018-12-24,3.9741935483870967,2.3664516129032256,103.53665161290324,204.3107741935484,93.03225806451611,45.776,14429.712903225807,2.74,252.61416129032256,2351.1,36.07,21792.2
2018-12-25,3.97741935483871,2.3706451612903225,103.51454516129031,204.29467741935483,92.80322580645162,45.908,14431.761290322582,2.7750000000000004,252.60751612903223,2409.4,33.24,22335.325
2018-12-26,3.9806451612903215,2.3748387096774195,103.49243870967744,204.27858064516127,92.5741935483871,46.04,14433.809677419356,2.81,252.600870967742,2467.7,30.41,22878.45
2018-12-27,3.983870967741936,2.379032258064516,103.47033225806452,204.2624838709677,92.34516129032258,44.48,14435.85806451613,2.77,252.5942258064516,2488.83,29.96,23138.82
2018-12-28,3.987096774193549,2.383225806451613,103.44822580645162,204.24638709677416,92.11612903225809,45.15,14437.906451612904,2.72,252.5875806451613,2485.74,28.34,23062.4
2018-12-31,3.996774193548387,2.395806451612903,103.3819064516129,204.1980967741936,91.42903225806452,45.846,14444.051612903226,2.69,252.5676451612904,2506.85,25.42,23327.46
2019-01-01,4.0,2.4,103.3598,204.182,91.2,46.078,14446.1,2.675,252.561,2508.44,24.32,23336.85
2019-01-02,3.9935483870967743,2.4,103.34255161290324,204.1892258064516,91.28387096774192,46.31,14447.232258064516,2.66,252.58545161290323,2510.03,23.22,23346.24
2019-01-03,3.987096774193549,2.4,103.32530322580646,204.1964516129032,91.36774193548388,46.92,14448.364516129031,2.56,252.60990322580645,2447.89,25.45,22686.22
2019-01-04,3.9806451612903215,2.4,103.30805483870968,204.2036774193548,91.4516129032258,47.76,14449.496774193549,2.67,252.63435483870967,2531.94,21.38,23433.16
2019-01-07,3.961290322580645,2.4,103.25630967741937,204.22535483870968,91.7032258064516,48.27,14452.893548387096,2.7,252.70770967741936,2549.69,21.4,23531.35
2019-01-08,3.954838709677419,2.4,103.23906129032258,204.23258064516128,91.78709677419354,49.58,14454.025806451613,2.73,252.73216129032252,2574.41,20.47,23787.45
2019-01-09,3.9483870967741934,2.4,103.2218129032258,204.2398064516129,91.87096774193547,52.19,14455.15806451613,2.74,252.7566129032258,2584.96,19.98,23879.12
2019-01-10,3.941935483870968,2.4,103.20456451612904,204.2470322580645,91.95483870967742,52.42,14456.290322580646,2.74,252.78106451612905,2596.64,19.5,24001.92
2019-01-11,3.935483870967742,2.4,103.18731612903228,204.2542580645161,92.03870967741936,51.44,14457.42258064516,2.71,252.80551612903227,2596.26,18.19,23995.95
2019-01-14,3.916129032258064,2.4,103.13557096774194,204.27593548387097,92.29032258064515,50.31,14460.81935483871,2.71,252.878870967742,2582.61,19.07,23909.84
2019-01-15,3.909677419354839,2.4,103.11832258064516,204.28316129032257,92.3741935483871,51.8,14461.951612903227,2.72,252.90332258064515,2610.3,18.6,24065.59
2019-01-16,3.903225806451613,2.4,103.1010741935484,204.2903870967742,92.45806451612904,52.08,14463.083870967745,2.73,252.9277741935484,2616.1,19.04,24207.16
2019-01-17,3.896774193548387,2.4,103.0838258064516,204.2976129032258,92.54193548387096,51.83,14464.216129032258,2.75,252.9522258064516,2635.96,18.06,24370.1
2019-01-18,3.890322580645161,2.4,103.06657741935484,204.30483870967743,92.6258064516129,53.6,14465.348387096774,2.79,252.97667741935484,2670.71,17.8,24706.35
2019-01-21,3.870967741935484,2.4,103.01483225806452,204.32651612903223,92.87741935483872,52.8425,14468.745161290322,2.7525000000000004,253.0500322580645,2642.3525,20.05,24479.9475
2019-01-22,3.864516129032258,2.4,102.99758387096774,204.33374193548383,92.96129032258064,52.59,14469.87741935484,2.74,253.07448387096773,2632.9,20.8,24404.48
2019-01-23,3.858064516129032,2.4,102.98033548387096,204.3409677419355,93.04516129032258,52.44,14471.009677419355,2.76,253.09893548387092,2638.7,19.52,24575.62
2019-01-24,3.8516129032258064,2.4,102.9630870967742,204.3481935483871,93.12903225806453,52.94,14472.14193548387,2.72,253.1233870967742,2642.33,18.89,24553.24
2019-01-25,3.8451612903225807,2.4,102.94583870967745,204.35541935483872,93.21290322580646,53.53,14473.274193548388,2.76,253.14783870967744,2664.76,17.42,24737.2
2019-01-28,3.825806451612903,2.4,102.8940935483871,204.37709677419355,93.46451612903226,51.79,14476.670967741937,2.75,253.22119354838708,2643.85,18.87,24528.22
2019-01-29,3.819354838709677,2.4,102.87684516129032,204.3843225806452,93.5483870967742,53.07,14477.803225806452,2.72,253.24564516129035,2640.0,19.13,24579.96
2019-01-30,3.8129032258064512,2.4,102.85959677419356,204.3915483870968,93.63225806451612,54.18,14478.935483870968,2.7,253.27009677419355,2681.05,17.66,25014.86
2019-01-31,3.8064516129032255,2.4,102.84234838709678,204.3987741935484,93.71612903225808,53.84,14480.067741935483,2.63,253.2945483870968,2704.1,16.57,24999.67
2019-02-01,3.8,2.4,102.8251,204.406,93.8,55.29,14481.2,2.7,253.319,2706.53,16.14,25063.89
2019-02-04,3.8,2.4010714285714285,102.82627857142856,204.55053571428573,94.29285714285714,54.57,14486.02142857143,2.73,253.42164285714284,2724.87,15.73,25239.37
2019-02-05,3.8,2.4014285714285712,102.82667142857144,204.5987142857143,94.45714285714286,53.69,14487.628571428571,2.71,253.4558571428572,2737.7,15.57,25411.52
2019-02-06,3.8,2.4017857142857144,102.82706428571429,204.6468928571429,94.62142857142857,53.94,14489.235714285714,2.7,253.4900714285714,2731.61,15.38,25390.3
2019-02-07,3.8,2.402142857142857,102.82745714285714,204.69507142857145,94.78571428571428,52.68,14490.842857142858,2.65,253.5242857142857,2706.05,16.37,25169.53
2019-02-08,3.8,2.4025,102.82785,204.74325,94.95,52.75,14492.45,2.63,253.5585,2707.88,15.72,25106.33
2019-02-11,3.8,2.4035714285714285,102.82902857142858,204.8877857142857,95.44285714285716,52.43,14497.27142857143,2.65,253.66114285714283,2709.8,15.97,25053.11
2019-02-12,3.8,2.403928571428572,102.82942142857144,204.93596428571428,95.60714285714286,53.14,14498.878571428571,2.68,253.69535714285712,2744.73,15.43,25425.76
2019-02-13,3.8,2.4042857142857144,102.82981428571428,204.98414285714287,95.77142857142856,53.84,14500.485714285714,2.71,253.7295714285714,2753.03,15.65,25543.27
2019-02-14,3.8,2.404642857142857,102.83020714285716,205.03232142857144,95.93571428571428,54.4,14502.092857142858,2.66,253.7637857142857,2745.73,16.22,25439.39
2019-02-15,3.8,2.405,102.8306,205.0805,96.1,55.58,14503.7,2.66,253.798,2775.6,14.91,25883.25
2019-02-18,3.8,2.4060714285714284,102.83177857142856,205.22503571428567,96.59285714285714,55.985,14508.52142857143,2.6525,253.90064285714288,2778.7200000000003,14.8875,25889.3025
2019-02-19,3.8,2.406428571428572,102.83217142857144,205.2732142857143,96.75714285714288,56.12,14510.128571428571,2.65,253.9348571428572,2779.76,14.88,25891.32
2019-02-20,3.8,2.4067857142857143,102.83256428571428,205.32139285714285,96.92142857142858,56.9,14511.735714285714,2.65,253.96907142857145,2784.7,14.02,25954.44
2019-02-21,3.8,2.407142857142857,102.83295714285714,205.36957142857145,97.08571428571427,56.95,14513.342857142858,2.69,254.0032857142857,2774.88,14.46,25850.63
2019-02-22,3.8,2.4075,102.83335,205.41775,97.25,57.01,14514.95,2.65,254.0375,2792.67,13.51,26031.81
2019-02-25,3.8,2.408571428571429,102.83452857142858,205.5622857142857,97.74285714285716,55.32,14519.77142857143,2.67,254.14014285714285,2796.11,14.85,26091.95
2019-02-26,3.8,2.4089285714285715,102.83492142857143,205.61046428571427,97.90714285714286,55.4,14521.378571428571,2.64,254.1743571428572,2793.9,15.17,26057.98
2019-02-27,3.8,2.4092857142857143,102.83531428571428,205.6586428571429,98.07142857142858,56.92,14522.985714285714,2.69,254.20857142857145,2792.38,14.7,25985.16
2019-02-28,3.8,2.4096428571428574,102.83570714285716,205.70682142857143,98.2357142857143,57.21,14524.592857142858,2.73,254.2427857142857,2784.49,14.78,25916.0
2019-03-01,3.8,2.41,102.8361,205.755,98.4,55.76,14526.2,2.76,254.277,2803.69,13.57,26026.32
2019-03-04,3.790322580645161,2.410967741935484,102.78178064516128,205.94051612903223,98.28387096774196,56.6,14528.93870967742,2.72,254.36951612903223,2792.81,14.63,25819.65
2019-03-05,3.787096774193549,2.411290322580645,102.76367419354838,206.0023548387097,98.2451612903226,56.55,14529.851612903229,2.72,254.4003548387097,2789.65,14.74,25806.63
2019-03-06,3.7838709677419353,2.4116129032258065,102.74556774193547,206.0641935483871,98.20645161290324,56.22,14530.764516129031,2.69,254.43119354838709,2771.45,15.74,25673.46
2019-03-07,3.780645161290322,2.411935483870968,102.72746129032258,206.1260322580645,98.16774193548387,56.6,14531.67741935484,2.64,254.4620322580645,2748.93,16.59,25473.23
2019-03-08,3.7774193548387096,2.4122580645161293,102.70935483870969,206.187870967742,98.12903225806453,55.77,14532.590322580643,2.62,254.492870967742,2743.07,16.05,25450.24
2019-03-11,3.767741935483871,2.4132258064516128,102.65503548387098,206.3733870967742,98.01290322580644,56.79,14535.329032258063,2.64,254.58538709677416,2783.3,14.33,25650.88
2019-03-12,3.764516129032258,2.413548387096774,102.63692903225808,206.4352258064516,97.9741935483871,56.89,14536.241935483871,2.61,254.6162258064516,2791.52,13.77,25554.66
2019-03-13,3.761290322580645,2.413870967741936,102.61882258064516,206.49706451612903,97.93548387096774,58.27,14537.154838709675,2.61,254.64706451612903,2810.92,13.41,25702.89
2019-03-14,3.758064516129032,2.4141935483870967,102.60071612903226,206.5589032258065,97.8967741935484,58.59,14538.067741935483,2.63,254.67790322580643,2808.48,13.5,25709.94
2019-03-15,3.7548387096774194,2.414516129032258,102.58260967741936,206.62074193548384,97.85806451612903,58.51,14538.980645161291,2.59,254.70874193548383,2822.48,12.88,25848.87
2019-03-18,3.7451612903225806,2.415483870967742,102.52829032258065,206.80625806451613,97.74193548387098,59.09,14541.71935483871,2.6,254.80125806451613,2832.94,13.1,25914.1
2019-03-19,3.741935483870968,2.4158064516129034,102.51018387096774,206.8680967741936,97.7032258064516,59.12,14542.632258064516,2.61,254.8320967741936,2832.57,13.56,25887.38
2019-03-20,3.738709677419355,2.4161290322580644,102.49207741935484,206.92993548387096,97.66451612903226,60.12,14543.545161290323,2.54,254.86293548387096,2824.23,13.91,25745.67
2019-03-21,3.735483870967742,2.416451612903226,102.47397096774192,206.9917741935484,97.6258064516129,59.98,14544.45806451613,2.54,254.8937741935484,2854.88,13.63,25962.51
2019-03-22,3.732258064516129,2.416774193548388,102.45586451612904,207.0536129032258,97.58709677419355,58.87,14545.370967741936,2.44,254.9246129032258,2800.71,16.48,25502.32
2019-03-25,3.7225806451612895,2.4177419354838707,102.40154516129031,207.2391290322581,97.47096774193548,58.71,14548.109677419356,2.43,255.01712903225803,2798.36,16.33,25516.83
2019-03-26,3.719354838709677,2.418064516129032,102.38343870967742,207.3009677419355,97.43225806451612,59.87,14549.022580645162,2.41,255.04796774193548,2818.46,14.68,25657.73
2019-03-27,3.7161290322580647,2.4183870967741936,102.36533225806453,207.3628064516129,97.39354838709676,59.39,14549.935483870968,2.39,255.0788064516129,2805.37,15.15,25625.59
2019-03-28,3.712903225806452,2.4187096774193546,102.34722580645162,207.4246451612904,97.35483870967742,59.29,14550.848387096774,2.39,255.1096451612904,2815.44,14.43,25717.46
2019-03-29,3.709677419354839,2.419032258064516,102.32911935483872,207.48648387096773,97.31612903225806,60.19,14551.76129032258,2.41,255.14048387096776,2834.4,13.71,25928.68
2019-04-01,3.7,2.42,102.2748,207.672,97.2,61.59,14554.5,2.49,255.233,2867.19,13.4,26258.42
2019-04-02,3.6966666666666654,2.419,102.27956,207.7275,97.29333333333334,62.53,14557.763333333332,2.48,255.2351,2867.24,13.36,26179.13
2019-04-03,3.693333333333333,2.418,102.28432,207.783,97.38666666666668,62.46,14561.026666666668,2.52,255.2372,2873.4,13.74,26218.13
2019-04-04,3.69,2.417,102.28908,207.8385,97.48,62.12,14564.29,2.51,255.2393,2879.39,13.58,26384.63
2019-04-05,3.686666666666667,2.416,102.29384,207.894,97.57333333333334,63.1,14567.553333333331,2.5,255.2414,2892.74,12.82,26424.99
2019-04-08,3.6766666666666654,2.413,102.30812,208.0605,97.85333333333334,64.37,14577.343333333334,2.52,255.2477,2895.77,13.18,26341.02
2019-04-09,3.673333333333333,2.412,102.31288,208.116,97.94666666666669,64.05,14580.606666666668,2.51,255.2498,2878.2,14.28,26150.58
2019-04-10,3.67,2.411,102.31764,208.1715,98.04,64.62,14583.87,2.48,255.2519,2888.21,13.3,26157.16
2019-04-11,3.666666666666667,2.41,102.3224,208.227,98.13333333333334,63.61,14587.133333333331,2.51,255.254,2888.32,13.02,26143.05
2019-04-12,3.6633333333333336,2.409,102.32716,208.2825,98.22666666666667,63.86,14590.396666666667,2.56,255.2561,2907.41,12.01,26412.3
2019-04-15,3.653333333333333,2.406,102.34144,208.449,98.50666666666667,63.43,14600.186666666666,2.55,255.2624,2905.58,12.32,26384.77
2019-04-16,3.65,2.405,102.3462,208.5045,98.6,64.01,14603.45,2.6,255.2645,2907.06,12.18,26452.66
2019-04-17,3.646666666666667,2.404,102.35096,208.56,98.69333333333331,63.74,14606.713333333331,2.59,255.2666,2900.45,12.6,26449.54
2019-04-18,3.6433333333333335,2.403,102.35572,208.6155,98.78666666666666,64.02,14609.976666666666,2.57,255.2687,2905.03,12.09,26559.54
2019-04-19,3.64,2.402,102.36048,208.671,98.88,64.42999999999999,14613.24,2.575,255.2708,2905.7650000000003,12.1725,26547.4175
2019-04-22,3.63,2.399,102.37476,208.8375,99.16,65.66,14623.03,2.59,255.2771,2907.97,12.42,26511.05
2019-04-23,3.626666666666667,2.398,102.37952,208.893,99.25333333333332,66.24,14626.293333333331,2.57,255.2792,2933.68,12.28,26656.39
2019-04-24,3.6233333333333335,2.397,102.38428,208.9485,99.34666666666666,65.96,14629.556666666667,2.53,255.2813,2927.25,13.14,26597.05
2019-04-25,3.62,2.396,102.38904,209.004,99.44,65.23,14632.82,2.54,255.2834,2926.17,13.25,26462.08
2019-04-26,3.616666666666666,2.395,102.3938,209.0595,99.53333333333332,63.29,14636.083333333332,2.51,255.2855,2939.88,12.73,26543.33
2019-04-29,3.606666666666667,2.392,102.40808,209.226,99.81333333333332,63.39,14645.873333333331,2.54,255.2918,2943.03,13.11,26554.39
2019-04-30,3.6033333333333335,2.391,102.41284,209.2815,99.90666666666668,63.83,14649.136666666664,2.51,255.2939,2945.83,13.12,26592.91
2019-05-01,3.6,2.39,102.4176,209.337,100.0,63.55,14652.4,2.52,255.296,2923.73,14.8,26430.14
2019-05-02,3.6,2.3896774193548387,102.42162903225804,209.37680645161288,99.94193548387096,61.75,14656.238709677418,2.55,255.2933225806452,2917.52,14.42,26307.79
2019-05-03,3.6,2.3893548387096777,102.42565806451611,209.4166129032258,99.88387096774194,61.98,14660.07741935484,2.54,255.2906451612903,2945.64,12.87,26504.95
2019-05-06,3.6,2.388387096774194,102.43774516129032,209.5360322580645,99.70967741935485,62.3,14671.593548387096,2.51,255.2826129032258,2932.47,15.44,26438.48
2019-05-07,3.6,2.3880645161290324,102.44177419354838,209.5758387096774,99.6516129032258,61.41,14675.432258064517,2.45,255.27993548387096,2884.05,19.32,25965.09
2019-05-08,3.6,2.387741935483871,102.44580322580644,209.6156451612903,99.59354838709676,62.13,14679.270967741935,2.49,255.27725806451613,2879.42,19.4,25967.33
2019-05-09,3.6,2.38741935483871,102.44983225806452,209.6554516129032,99.53548387096774,61.58,14683.109677419354,2.45,255.27458064516128,2870.72,19.1,25828.36
2019-05-10,3.6,2.3870967741935485,102.45386129032258,209.6952580645161,99.47741935483872,61.65,14686.948387096774,2.47,255.27190322580643,2881.4,16.04,25942.37
2019-05-13,3.6,2.3861290322580646,102.46594838709676,209.81467741935484,99.3032258064516,60.97,14698.464516129032,2.4,255.26387096774192,2811.87,20.55,25324.99
2019-05-14,3.6,2.385806451612903,102.46997741935483,209.85448387096773,99.2451612903226,61.82,14702.30322580645,2.42,255.2611935483871,2834.41,18.06,25532.05
2019-05-15,3.6,2.385483870967742,102.47400645161292,209.89429032258064,99.18709677419356,62.03,14706.14193548387,2.37,255.25851612903224,2850.96,16.44,25648.02
2019-05-16,3.6,2.3851612903225807,102.47803548387095,209.9340967741936,99.12903225806453,62.93,14709.98064516129,2.4,255.25583870967745,2876.32,15.29,25862.68
2019-05-17,3.6,2.38483870967742,102.48206451612904,209.97390322580645,99.07096774193548,62.77,14713.81935483871,2.39,255.25316129032257,2859.53,15.96,25764.0
2019-05-20,3.6,2.3838709677419354,102.49415161290322,210.09332258064515,98.8967741935484,63.12,14725.335483870967,2.41,255.2451290322581,2840.23,16.31,25679.9
2019-05-21,3.6,2.383548387096774,102.49818064516128,210.13312903225807,98.83870967741936,63.02,14729.174193548386,2.43,255.2424516129032,2864.36,14.95,25877.33
2019-05-22,3.6,2.383225806451613,102.50220967741936,210.17293548387096,98.78064516129032,61.42,14733.012903225806,2.39,255.2397741935484,2856.27,14.75,25776.61
2019-05-23,3.6,2.3829032258064515,102.50623870967742,210.21274193548388,98.72258064516129,57.65,14736.851612903223,2.31,255.2370967741936,2822.24,16.92,25490.47
2019-05-24,3.6,2.38258064516129,102.51026774193548,210.2525483870968,98.66451612903226,58.4,14740.690322580644,2.32,255.2344193548387,2826.06,15.85,25585.69
2019-05-27,3.6,2.381612903225806,102.52235483870967,210.3719677419355,98.49032258064516,58.7825,14752.206451612905,2.275,255.22638709677412,2808.3075,17.0875,25407.25
2019-05-28,3.6,2.381290322580645,102.52638387096776,210.4117741935484,98.43225806451612,58.91,14756.045161290322,2.26,255.2237096774193,2802.39,17.5,25347.77
2019-05-29,3.6,2.380967741935484,102.5304129032258,210.4515806451613,98.3741935483871,58.84,14759.883870967742,2.25,255.2210322580645,2783.02,17.9,25126.41
2019-05-30,3.6,2.3806451612903223,102.53444193548388,210.4913870967742,98.31612903225806,56.47,14763.72258064516,2.22,255.21835483870967,2788.86,17.3,25169.88
2019-05-31,3.6,2.3803225806451613,102.53847096774194,210.5311935483871,98.25806451612904,53.49,14767.56129032258,2.14,255.2156774193548,2752.06,18.71,24815.04
2019-06-03,3.606666666666667,2.381333333333333,102.50671333333334,210.621,98.21333333333334,53.25,14776.873333333331,2.07,255.25226666666663,2744.45,18.86,24819.78
2019-06-04,3.61,2.382,102.48882,210.646,98.22,53.5,14779.61,2.12,255.2719,2803.27,16.97,25332.18
2019-06-05,3.613333333333333,2.3826666666666667,102.47092666666668,210.671,98.22666666666667,51.57,14782.346666666666,2.12,255.2915333333333,2826.15,16.09,25539.57
2019-06-06,3.616666666666666,2.3833333333333333,102.45303333333334,210.696,98.23333333333332,52.59,14785.083333333332,2.12,255.31116666666665,2843.49,15.93,25720.66
2019-06-07,3.62,2.384,102.43514,210.721,98.24,53.95,14787.82,2.09,255.3308,2873.34,16.3,25983.94
2019-06-10,3.63,2.386,102.38146,210.796,98.26,53.33,14796.03,2.15,255.3897,2886.73,15.94,26062.68
2019-06-11,3.633333333333333,2.3866666666666667,102.36356666666669,210.821,98.26666666666668,53.3,14798.766666666666,2.15,255.4093333333333,2885.72,15.99,26048.51
2019-06-12,3.6366666666666654,2.3873333333333333,102.34567333333334,210.846,98.27333333333334,51.13,14801.503333333334,2.13,255.42896666666667,2879.84,15.91,26004.83
2019-06-13,3.64,2.388,102.32778,210.871,98.28,52.38,14804.24,2.1,255.4486,2891.64,15.82,26106.77
2019-06-14,3.6433333333333335,2.3886666666666665,102.30988666666669,210.896,98.28666666666668,52.47,14806.976666666666,2.09,255.46823333333333,2886.98,15.28,26089.61
2019-06-17,3.653333333333333,2.3906666666666667,102.25620666666669,210.971,98.30666666666669,51.94,14815.186666666666,2.09,255.52713333333327,2889.67,15.35,26112.53
2019-06-18,3.6566666666666654,2.3913333333333333,102.23831333333334,210.996,98.31333333333332,53.86,14817.923333333332,2.06,255.54676666666663,2917.75,15.15,26465.54
2019-06-19,3.66,2.392,102.22042,211.021,98.32,53.74,14820.66,2.03,255.5664,2926.46,14.33,26504.0
2019-06-20,3.6633333333333336,2.3926666666666665,102.20252666666669,211.046,98.32666666666668,56.88,14823.396666666667,2.01,255.5860333333333,2954.18,14.75,26753.17
2019-06-21,3.666666666666667,2.393333333333333,102.18463333333334,211.071,98.33333333333334,57.35,14826.133333333331,2.07,255.60566666666665,2950.46,15.4,26719.13
2019-06-24,3.6766666666666654,2.3953333333333333,102.13095333333334,211.146,98.35333333333334,57.73,14834.343333333334,2.02,255.66456666666667,2945.35,15.26,26727.54
2019-06-25,3.68,2.396,102.11306,211.171,98.36,57.63,14837.08,2.0,255.6842,2917.38,16.28,26548.22
2019-06-26,3.6833333333333336,2.3966666666666665,102.09516666666669,211.196,98.36666666666667,59.17,14839.816666666666,2.05,255.7038333333333,2913.78,16.21,26536.82
2019-06-27,3.686666666666667,2.397333333333333,102.07727333333334,211.221,98.37333333333332,59.18,14842.553333333331,2.01,255.72346666666667,2924.92,15.82,26526.58
2019-06-28,3.69,2.398,102.05938,211.246,98.38,58.2,14845.29,2.0,255.7431,2941.76,15.08,26599.96
2019-07-01,3.7,2.4,102.0057,211.321,98.4,58.91,14853.5,2.03,255.802,2964.33,14.06,26717.43
2019-07-02,3.696774193548387,2.391290322580645,102.03072258064516,211.3325806451613,98.12258064516128,56.0,14856.11935483871,1.98,255.80954838709675,2973.01,12.93,26786.68
2019-07-03,3.693548387096776,2.38258064516129,102.05574516129032,211.34416129032252,97.84516129032258,57.06,14858.73870967742,1.96,255.8170967741936,2995.82,12.57,26966.0
2019-07-04,3.6903225806451614,2.373870967741935,102.08076774193547,211.35574193548388,97.56774193548388,57.118,14861.35806451613,2.0,255.8246451612903,2993.115,12.925,26944.06
2019-07-05,3.6870967741935488,2.3651612903225807,102.10579032258065,211.36732258064515,97.29032258064515,57.176,14863.977419354838,2.04,255.8321935483871,2990.41,13.28,26922.12
2019-07-08,3.67741935483871,2.339032258064516,102.18085806451612,211.40206451612903,96.45806451612904,57.35,14871.835483870967,2.05,255.8548387096774,2975.95,13.96,26806.14
2019-07-09,3.674193548387097,2.330322580645161,102.2058806451613,211.4136451612904,96.18064516129031,57.57,14874.454838709678,2.07,255.8623870967742,2979.63,14.09,26783.49
2019-07-10,3.670967741935484,2.321612903225806,102.23090322580646,211.4252258064516,95.90322580645162,60.28,14877.074193548387,2.07,255.86993548387096,2993.07,13.03,26860.2
2019-07-11,3.667741935483871,2.312903225806452,102.2559258064516,211.4368064516129,95.6258064516129,59.93,14879.693548387097,2.13,255.8774838709677,2999.91,12.93,27088.08
2019-07-12,3.664516129032258,2.304193548387097,102.2809483870968,211.44838709677416,95.3483870967742,59.99,14882.312903225808,2.12,255.8850322580645,3013.77,12.39,27332.03
2019-07-15,3.6548387096774193,2.278064516129032,102.35601612903228,211.4831290322581,94.51612903225806,59.3,14890.170967741937,2.09,255.90767741935483,3014.3,12.68,27359.16
2019-07-16,3.651612903225807,2.269354838709677,102.38103870967744,211.49470967741937,94.23870967741937,57.44,14892.790322580646,2.13,255.9152258064516,3004.04,12.86,27335.63
2019-07-17,3.6483870967741936,2.2606451612903227,102.40606129032258,211.50629032258064,93.96129032258064,56.5,14895.409677419357,2.06,255.9227741935484,2984.42,13.97,27219.85
2019-07-18,3.645161290322581,2.251935483870968,102.43108387096774,211.517870967742,93.68387096774194,55.08,14898.029032258064,2.04,255.9303225806452,2995.11,13.53,27222.97
2019-07-19,3.641935483870968,2.243225806451613,102.45610645161292,211.5294516129032,93.40645161290324,55.42,14900.648387096777,2.05,255.937870967742,2976.61,14.45,27154.2
2019-07-22,3.632258064516129,2.217096774193548,102.5311741935484,211.5641935483871,92.5741935483871,55.87,14908.506451612904,2.05,255.96051612903224,2985.03,13.53,27171.9
2019-07-23,3.629032258064516,2.208387096774193,102.55619677419357,211.5757741935484,92.2967741935484,56.58,14911.125806451611,2.08,255.96806451612903,3005.47,12.61,27349.19
2019-07-24,3.625806451612904,2.1996774193548387,102.58121935483872,211.58735483870967,92.01935483870967,55.9,14913.745161290322,2.05,255.9756129032258,3019.56,12.07,27269.97
2019-07-25,3.6225806451612894,2.190967741935484,102.60624193548388,211.59893548387092,91.74193548387096,55.88,14916.364516129031,2.08,255.98316129032256,3003.67,12.74,27140.98
2019-07-26,3.6193548387096777,2.182258064516129,102.63126451612904,211.61051612903228,91.46451612903226,56.04,14918.983870967742,2.08,255.9907096774193,3025.86,12.16,27192.45
2019-07-29,3.609677419354839,2.1561290322580646,102.70633225806452,211.64525806451613,90.63225806451612,56.85,14926.841935483872,2.06,256.0133548387097,3020.97,12.83,27221.35
2019-07-30,3.606451612903226,2.1474193548387097,102.73135483870968,211.65683870967743,90.35483870967742,58.04,14929.46129032258,2.06,256.0209032258065,3013.18,13.94,27198.02
2019-07-31,3.603225806451613,2.138709677419355,102.75637741935483,211.6684193548387,90.07741935483872,58.53,14932.080645161292,2.02,256.0284516129032,2980.38,16.12,26864.27
2019-08-01,3.6,2.13,102.7814,211.68,89.8,53.64,14934.7,1.9,256.036,2953.56,17.87,26583.42
2019-08-02,3.596774193548387,2.1270967741935483,102.77103548387096,211.6857419354839,89.90967741935484,55.67,14937.81935483871,1.86,256.04870967741937,2932.05,17.61,26485.01
2019-08-05,3.5870967741935487,2.1183870967741933,102.73994193548388,211.70296774193548,90.23870967741937,54.63,14947.17741935484,1.75,256.0868387096774,2844.74,24.59,25717.74
2019-08-06,3.583870967741936,2.1154838709677417,102.72957741935484,211.70870967741936,90.3483870967742,53.6,14950.296774193548,1.73,256.0995483870968,2881.77,20.17,26029.52
2019-08-07,3.5806451612903225,2.11258064516129,102.7192129032258,211.7144516129032,90.45806451612904,51.14,14953.41612903226,1.71,256.11225806451614,2883.98,19.49,26007.07
2019-08-08,3.57741935483871,2.1096774193548384,102.70884838709678,211.7201935483871,90.56774193548388,52.6,14956.535483870968,1.72,256.1249677419355,2938.09,16.91,26378.19
2019-08-09,3.574193548387097,2.1067741935483872,102.69848387096776,211.72593548387096,90.6774193548387,54.41,14959.654838709675,1.74,256.1376774193548,2918.65,17.97,26287.44
2019-08-12,3.564516129032258,2.0980645161290323,102.66739032258064,211.74316129032252,91.00645161290322,54.98,14969.012903225806,1.65,256.1758064516129,2883.75,21.09,25907.37
2019-08-13,3.5612903225806454,2.0951612903225807,102.6570258064516,211.7489032258065,91.11612903225806,57.05,14972.132258064516,1.68,256.1885161290323,2926.32,17.52,26279.91
2019-08-14,3.5580645161290323,2.092258064516129,102.64666129032258,211.7546451612904,91.2258064516129,55.16,14975.251612903226,1.59,256.2012258064516,2840.6,22.1,25479.42
2019-08-15,3.554838709677419,2.0893548387096774,102.63629677419355,211.7603870967742,91.33548387096774,54.51,14978.370967741936,1.52,256.21393548387096,2847.6,21.18,25579.39
2019-08-16,3.5516129032258066,2.086451612903226,102.62593225806452,211.76612903225808,91.44516129032256,54.83,14981.490322580645,1.55,256.2266451612903,2888.68,18.47,25886.01
2019-08-19,3.541935483870968,2.077741935483871,102.59483870967742,211.78335483870967,91.7741935483871,56.24,14990.848387096774,1.6,256.2647741935484,2923.65,16.88,26135.79
2019-08-20,3.5387096774193547,2.0748387096774192,102.5844741935484,211.78909677419355,91.88387096774194,56.18,14993.967741935485,1.55,256.2774838709677,2900.51,17.5,25962.44
2019-08-21,3.535483870967742,2.071935483870968,102.57410967741936,211.79483870967744,91.99354838709678,55.65,14997.087096774194,1.59,256.2901935483871,2924.43,15.8,26202.73
2019-08-22,3.532258064516129,2.069032258064516,102.56374516129031,211.8005806451613,92.10322580645162,55.33,15000.206451612905,1.62,256.30290322580646,2922.95,16.68,26252.24
2019-08-23,3.5290322580645164,2.0661290322580643,102.55338064516128,211.8063225806452,92.21290322580646,54.08,15003.325806451612,1.52,256.3156129032258,2847.11,19.87,25628.9
2019-08-26,3.5193548387096776,2.05741935483871,102.5222870967742,211.8235483870968,92.54193548387096,53.54,15012.68387096774,1.54,256.35374193548387,2878.38,19.32,25898.83
2019-08-27,3.5161290322580645,2.054516129032258,102.51192258064516,211.82929032258065,92.6516129032258,54.99,15015.803225806452,1.49,256.36645161290323,2869.16,20.31,25777.9
2019-08-28,3.5129032258064514,2.0516129032258066,102.50155806451612,211.83503225806453,92.76129032258063,55.76,15018.92258064516,1.47,256.3791612903226,2887.94,19.35,26036.1
2019-08-29,3.509677419354839,2.048709677419355,102.49119354838707,211.8407741935484,92.87096774193547,56.67,15022.04193548387,1.5,256.391870967742,2924.58,17.88,26362.25
2019-08-30,3.5064516129032257,2.045806451612904,102.48082903225806,211.84651612903227,92.98064516129033,55.07,15025.16129032258,1.5,256.4045806451613,2926.46,18.98,26403.28
2019-09-02,3.5033333333333334,2.033,102.43102333333331,211.86113333333333,93.27666666666669,54.2,15035.93,1.4775,256.45416666666665,2911.3175,19.49,26189.335
2019-09-03,3.506666666666667,2.026,102.40194666666666,211.86426666666668,93.35333333333334,53.91,15040.46,1.47,256.4783333333333,2906.27,19.66,26118.02
2019-09-04,3.51,2.019,102.37287,211.8674,93.43,56.22,15044.99,1.47,256.5025,2937.78,17.33,26355.47
2019-09-05,3.513333333333333,2.012,102.34379333333334,211.87053333333333,93.50666666666667,56.33,15049.52,1.57,256.52666666666664,2976.0,16.27,26728.15
2019-09-06,3.5166666666666666,2.005,102.31471666666668,211.87366666666668,93.58333333333334,56.45,15054.05,1.55,256.55083333333334,2978.71,15.0,26797.46
2019-09-09,3.526666666666667,1.984,102.22748666666666,211.88306666666668,93.81333333333332,57.88,15067.64,1.63,256.62333333333333,2978.43,15.27,26835.51
2019-09-10,3.53,1.977,102.19841,211.8862,93.89,57.37,15072.17,1.72,256.6475,2979.39,15.2,26909.43
2019-09-11,3.533333333333333,1.97,102.16933333333331,211.88933333333333,93.96666666666668,55.66,15076.7,1.75,256.6716666666667,3000.93,14.61,27137.04
2019-09-12,3.536666666666666,1.963,102.14025666666666,211.89246666666668,94.04333333333334,55.13,15081.23,1.79,256.6958333333333,3009.57,14.22,27182.45
2019-09-13,3.54,1.956,102.11118,211.8956,94.12,54.76,15085.76,1.9,256.72,3007.39,13.74,27219.52
2019-09-16,3.55,1.935,102.02395,211.905,94.35,63.1,15099.35,1.84,256.7925,2997.96,14.67,27076.82
2019-09-17,3.553333333333333,1.928,101.99487333333332,211.90813333333327,94.42666666666666,59.26,15103.88,1.81,256.81666666666666,3005.7,14.44,27110.8
2019-09-18,3.556666666666666,1.921,101.96579666666666,211.91126666666668,94.50333333333332,58.19,15108.41,1.8,256.8408333333333,3006.73,13.95,27147.08
2019-09-19,3.56,1.914,101.93672,211.9144,94.58,58.19,15112.94,1.79,256.865,3006.79,14.05,27094.79
2019-09-20,3.563333333333333,1.907,101.90764333333334,211.91753333333327,94.65666666666668,57.92,15117.47,1.74,256.88916666666665,2992.07,15.32,26935.07
2019-09-23,3.5733333333333333,1.886,101.82041333333332,211.92693333333327,94.88666666666668,58.69,15131.06,1.72,256.96166666666664,2991.78,14.91,26949.99
2019-09-24,3.5766666666666667,1.879,101.79133666666668,211.93006666666668,94.96333333333334,57.22,15135.59,1.64,256.9858333333333,2966.6,17.05,26807.77
2019-09-25,3.58,1.872,101.76226,211.9332,95.04,56.38,15140.12,1.73,257.01,2984.87,15.96,26970.71
2019-09-26,3.583333333333333,1.865,101.73318333333332,211.93633333333327,95.11666666666667,56.24,15144.65,1.7,257.03416666666664,2977.62,16.07,26891.12
2019-09-27,3.586666666666667,1.858,101.70410666666666,211.93946666666668,95.19333333333331,55.95,15149.179999999998,1.69,257.05833333333334,2961.79,17.22,26820.25
2019-09-30,3.5966666666666667,1.837,101.61687666666668,211.94886666666667,95.42333333333332,54.09,15162.77,1.68,257.1308333333333,2976.74,16.24,26916.83
2019-10-01,3.6,1.83,101.5878,211.952,95.5,53.6,15167.3,1.65,257.155,2940.25,18.56,26573.04
2019-10-02,3.6,1.820967741935484,101.60591612903228,211.95648387096773,95.54193548387096,52.67,15170.835483870967,1.6,257.17835483870965,2887.61,20.56,26078.62
2019-10-03,3.6,1.811935483870968,101.62403225806452,211.9609677419355,95.58387096774192,52.41,15174.370967741936,1.54,257.20170967741933,2910.63,19.12,26201.04
2019-10-04,3.6,1.802903225806452,101.64214838709678,211.9654516129032,95.6258064516129,52.84,15177.906451612902,1.52,257.225064516129,2952.01,17.04,26573.72
2019-10-07,3.6,1.7758064516129033,101.69649677419356,211.97890322580645,95.7516129032258,52.76,15188.512903225806,1.56,257.29512903225805,2938.79,17.86,26478.02
2019-10-08,3.6,1.7667741935483872,101.7146129032258,211.98338709677412,95.79354838709678,52.64,15192.048387096773,1.54,257.3184838709677,2893.06,20.28,26164.04
2019-10-09,3.6,1.757741935483871,101.73272903225806,211.987870967742,95.83548387096774,52.63,15195.58387096774,1.59,257.3418387096774,2919.4,18.64,26346.01
2019-10-10,3.6,1.748709677419355,101.75084516129031,211.99235483870967,95.87741935483872,53.57,15199.11935483871,1.67,257.3651935483871,2938.13,17.57,26496.67
2019-10-11,3.6,1.7396774193548388,101.76896129032258,211.99683870967743,95.91935483870968,54.76,15202.654838709675,1.76,257.3885483870968,2970.27,15.58,26816.59
2019-10-14,3.6,1.7125806451612904,101.82330967741936,212.01029032258063,96.04516129032258,53.57,15213.26129032258,1.7675,257.4586129032258,2966.15,14.57,26787.36
2019-10-15,3.6,1.7035483870967745,101.8414258064516,212.0147741935484,96.08709677419354,52.81,15216.796774193548,1.77,257.4819677419355,2995.68,13.54,27024.8
2019-10-16,3.6,1.694516129032258,101.85954193548388,212.01925806451607,96.12903225806453,53.42,15220.332258064516,1.75,257.5053225806452,2989.69,13.68,27001.98
2019-10-17,3.6,1.685483870967742,101.87765806451613,212.02374193548388,96.17096774193548,53.89,15223.867741935484,1.76,257.52867741935484,2997.95,13.79,27025.88
2019-10-18,3.6,1.676451612903226,101.8957741935484,212.0282258064516,96.21290322580646,53.75,15227.40322580645,1.76,257.5520322580645,2986.2,14.25,26770.2
2019-10-21,3.6,1.6493548387096777,101.95012258064516,212.04167741935484,96.33870967741936,53.28,15238.009677419352,1.8,257.62209677419355,3006.72,14.0,26827.64
2019-10-22,3.6,1.6403225806451611,101.96823870967742,212.04616129032257,96.38064516129032,54.21,15241.545161290322,1.78,257.64545161290323,2995.99,14.46,26788.1
2019-10-23,3.6,1.6312903225806452,101.98635483870969,212.0506451612904,96.42258064516128,55.9,15245.08064516129,1.77,257.6688064516129,3004.52,14.01,26833.95
2019-10-24,3.6,1.622258064516129,102.00447096774194,212.0551290322581,96.46451612903226,56.11,15248.616129032258,1.77,257.6921612903226,3010.29,13.71,26805.53
2019-10-25,3.6,1.613225806451613,102.0225870967742,212.05961290322583,96.50645161290322,56.52,15252.151612903226,1.8,257.71551612903227,3022.55,12.65,26958.06
2019-10-28,3.6,1.5861290322580646,102.07693548387095,212.07306451612905,96.63225806451612,55.6,15262.758064516129,1.85,257.7855806451613,3039.42,13.11,27090.72
2019-10-29,3.6,1.5770967741935484,102.09505161290322,212.0775483870968,96.6741935483871,55.34,15266.293548387095,1.84,257.808935483871,3036.89,13.2,27071.42
2019-10-30,3.6,1.5680645161290323,102.11316774193548,212.0820322580645,96.71612903225808,54.85,15269.829032258063,1.78,257.83229032258066,3046.77,12.33,27186.69
2019-10-31,3.6,1.5590322580645162,102.13128387096774,212.08651612903228,96.75806451612902,54.02,15273.364516129031,1.69,257.85564516129034,3037.56,13.22,27046.23
2019-11-01,3.6,1.55,102.1494,212.091,96.8,56.04,15276.9,1.73,257.879,3066.91,12.3,27347.36
2019-11-04,3.6,1.55,102.12867,212.1042,97.05,56.33,15284.01,1.79,257.95410000000004,3078.27,12.83,27462.11
2019-11-05,3.6,1.55,102.12176,212.1086,97.13333333333333,57.04,15286.38,1.86,257.9791333333333,3074.62,13.1,27492.63
2019-11-06,3.6,1.55,102.11485,212.113,97.21666666666668,56.15,15288.75,1.81,258.00416666666666,3076.78,12.62,27492.56
2019-11-07,3.6,1.55,102.10794,212.1174,97.3,56.91,15291.12,1.92,258.0292,3085.18,12.73,27674.8
2019-11-08,3.6,1.55,102.10103,212.1218,97.38333333333333,57.02,15293.49,1.94,258.05423333333334,3093.08,12.07,27681.24
2019-11-11,3.6,1.55,102.0803,212.135,97.63333333333333,56.7575,15300.6,1.925,258.12933333333336,3087.01,12.69,27691.49
2019-11-12,3.6,1.55,102.07339,212.1394,97.71666666666668,56.67,15302.97,1.92,258.1543666666667,3091.84,12.68,27691.49
2019-11-13,3.6,1.55,102.06648,212.1438,97.8,56.88,15305.34,1.88,258.1794,3094.04,13.0,27783.59
2019-11-14,3.6,1.55,102.05957,212.1482,97.88333333333333,56.57,15307.71,1.82,258.2044333333333,3096.63,13.05,27781.96
2019-11-15,3.6,1.55,102.05266,212.1526,97.96666666666668,57.54,15310.08,1.84,258.22946666666667,3120.46,12.05,28004.89
2019-11-18,3.6,1.55,102.03193,212.1658,98.21666666666668,56.82,15317.19,1.81,258.3045666666667,3122.03,12.46,28036.22
2019-11-19,3.6,1.55,102.02502,212.1702,98.3,54.93,15319.56,1.79,258.3296,3120.18,12.86,27934.02
2019-11-20,3.6,1.55,102.01811,212.1746,98.38333333333333,56.71,15321.93,1.73,258.3546333333333,3108.46,12.78,27821.09
2019-11-21,3.6,1.55,102.0112,212.179,98.46666666666668,58.36,15324.3,1.77,258.37966666666665,3103.54,13.13,27766.29
2019-11-22,3.6,1.55,102.00429,212.1834,98.55,57.68,15326.67,1.77,258.4047,3110.29,12.34,27875.62
2019-11-25,3.6,1.55,101.98356,212.1966,98.8,57.79,15333.78,1.76,258.4798,3133.64,11.87,28066.47
2019-11-26,3.6,1.55,101.97665,212.201,98.88333333333333,58.25,15336.15,1.74,258.5048333333333,3140.52,11.54,28121.68
2019-11-27,3.6,1.55,101.96974,212.20540000000005,98.96666666666668,58.12,15338.52,1.77,258.5298666666667,3153.63,11.75,28164.0
2019-11-28,3.6,1.55,101.96283,212.2098,99.05,58.12,15340.89,1.775,258.5549,3147.3050000000003,12.185,28107.705
2019-11-29,3.6,1.55,101.95592,212.2142,99.13333333333333,58.12,15343.26,1.78,258.5799333333333,3140.98,12.62,28051.41
2019-12-02,3.6,1.55,101.9225870967742,212.22822580645163,99.31612903225806,55.97,15350.21935483871,1.83,258.6460322580645,3113.87,14.91,27783.04
2019-12-03,3.6,1.55,101.90307419354838,212.2334516129032,99.33225806451613,56.15,15352.43870967742,1.72,258.662064516129,3093.2,15.96,27502.81
2019-12-04,3.6,1.55,101.88356129032258,212.23867741935484,99.3483870967742,58.46,15354.658064516128,1.77,258.67809677419353,3112.76,14.8,27649.78
2019-12-05,3.6,1.55,101.86404838709676,212.2439032258065,99.36451612903224,58.42,15356.877419354838,1.8,258.69412903225805,3117.43,14.52,27677.79
2019-12-06,3.6,1.55,101.84453548387096,212.24912903225808,99.38064516129032,59.2,15359.096774193547,1.84,258.71016129032256,3145.91,13.62,28015.06
2019-12-09,3.6,1.55,101.78599677419356,212.2648064516129,99.42903225806452,58.99,15365.754838709678,1.83,258.75825806451616,3135.96,15.86,27909.6
2019-12-10,3.6,1.55,101.76648387096772,212.27003225806453,99.44516129032256,59.22,15367.974193548387,1.85,258.77429032258067,3132.52,15.68,27881.72
2019-12-11,3.6,1.55,101.74697096774192,212.27525806451607,99.46129032258064,58.74,15370.193548387097,1.79,258.7903225806452,3141.63,14.99,27911.3
2019-12-12,3.6,1.55,101.72745806451611,212.2804838709677,99.4774193548387,59.18,15372.412903225806,1.9,258.8063548387097,3168.57,13.94,28132.05
2019-12-13,3.6,1.55,101.70794516129033,212.28570967741936,99.49354838709677,60.11,15374.632258064516,1.82,258.8223870967742,3168.8,12.63,28135.38
2019-12-16,3.6,1.55,101.6494064516129,212.3013870967742,99.54193548387096,60.21,15381.290322580644,1.89,258.87048387096775,3191.45,12.14,28235.89
2019-12-17,3.6,1.55,101.62989354838707,212.3066129032258,99.55806451612904,60.88,15383.509677419355,1.89,258.88651612903226,3192.52,12.29,28267.16
2019-12-18,3.6,1.55,101.61038064516129,212.31183870967743,99.5741935483871,60.93,15385.729032258065,1.92,258.9025483870968,3191.14,12.58,28239.28
2019-12-19,3.6,1.55,101.59086774193548,212.31706451612905,99.59032258064516,61.3,15387.948387096774,1.92,258.9185806451613,3205.37,12.5,28376.96
2019-12-20,3.6,1.55,101.57135483870968,212.32229032258064,99.60645161290324,60.43,15390.167741935484,1.92,258.9346129032258,3221.22,12.51,28455.09
2019-12-23,3.6,1.55,101.51281612903226,212.33796774193547,99.65483870967742,60.51,15396.825806451612,1.93,258.98270967741934,3224.01,12.61,28551.53
2019-12-24,3.6,1.55,101.49330322580644,212.3431935483871,99.67096774193548,61.17,15399.045161290322,1.9,258.99874193548385,3223.38,12.67,28515.45
2019-12-25,3.6,1.55,101.47379032258064,212.3484193548387,99.68709677419356,61.445,15401.264516129031,1.9,259.0147741935484,3231.645,12.66,28568.42
2019-12-26,3.6,1.55,101.45427741935484,212.3536451612904,99.7032258064516,61.72,15403.48387096774,1.9,259.03080645161293,3239.91,12.65,28621.39
2019-12-27,3.6,1.55,101.43476451612902,212.35887096774192,99.71935483870968,61.76,15405.703225806452,1.88,259.04683870967744,3240.02,13.43,28645.26
2019-12-30,3.6,1.55,101.3762258064516,212.3745483870968,99.76774193548388,61.66,15412.36129032258,1.9,259.094935483871,3221.29,14.82,28462.14
2019-12-31,3.6,1.55,101.3567129032258,212.3797741935484,99.78387096774192,61.14,15414.58064516129,1.92,259.1109677419355,3230.78,13.78,28538.44
2020-01-01,3.6,1.55,101.3372,212.385,99.8,61.155,15416.8,1.9,259.127,3244.315,13.125,28703.62
2020-01-02,3.596774193548387,1.550967741935484,101.3479935483871,212.4114516129032,99.83870967741936,61.17,15418.419354838708,1.88,259.1309677419355,3257.85,12.47,28868.8
2020-01-03,3.5935483870967744,1.5519354838709678,101.3587870967742,212.43790322580645,99.87741935483872,63.0,15420.03870967742,1.8,259.134935483871,3234.85,14.02,28634.88
2020-01-06,3.583870967741936,1.5548387096774194,101.39116774193548,212.5172580645161,99.99354838709677,63.27,15424.896774193548,1.81,259.1468387096774,3246.28,13.85,28703.38
2020-01-07,3.5806451612903225,1.555806451612903,101.40196129032256,212.5437096774193,100.03225806451611,62.7,15426.516129032258,1.83,259.15080645161294,3237.18,13.79,28583.68
2020-01-08,3.57741935483871,1.5567741935483872,101.41275483870967,212.57016129032257,100.07096774193548,59.65,15428.135483870969,1.87,259.1547741935484,3253.05,13.45,28745.09
2020-01-09,3.574193548387097,1.557741935483871,101.42354838709676,212.5966129032258,100.10967741935484,59.56,15429.754838709678,1.85,259.1587419354839,3274.7,12.54,28956.9
2020-01-10,3.570967741935484,1.558709677419355,101.43434193548389,212.62306451612903,100.1483870967742,59.02,15431.374193548389,1.83,259.16270967741934,3265.35,12.56,28823.77
2020-01-13,3.5612903225806454,1.5616129032258066,101.46672258064515,212.7024193548387,100.26451612903226,58.17,15436.232258064516,1.85,259.1746129032258,3288.13,12.32,28907.05
2020-01-14,3.5580645161290323,1.5625806451612905,101.47751612903224,212.72887096774195,100.3032258064516,58.34,15437.851612903223,1.82,259.1785806451613,3283.15,12.39,28939.67
2020-01-15,3.554838709677419,1.5635483870967744,101.48830967741937,212.7553225806452,100.34193548387096,57.86,15439.470967741936,1.79,259.1825483870968,3289.29,12.42,29030.22
2020-01-16,3.5516129032258066,1.5645161290322582,101.49910322580644,212.7817741935484,100.38064516129032,58.52,15441.090322580643,1.81,259.18651612903227,3316.81,12.32,29297.64
2020-01-17,3.548387096774193,1.565483870967742,101.50989677419356,212.8082258064516,100.41935483870968,58.55,15442.709677419354,1.84,259.19048387096774,3329.62,12.1,29348.1
2020-01-20,3.5387096774193547,1.5683870967741935,101.54227741935485,212.8875806451613,100.53548387096774,58.325,15447.567741935483,1.795,259.2023870967742,3322.9975,12.6625,29234.055
2020-01-21,3.535483870967742,1.5693548387096774,101.55307096774192,212.9140322580645,100.5741935483871,58.25,15449.187096774192,1.78,259.2063548387097,3320.79,12.85,29196.04
2020-01-22,3.532258064516129,1.5703225806451613,101.56386451612904,212.9404838709677,100.61290322580643,56.76,15450.806451612903,1.77,259.21032258064514,3321.75,12.91,29186.27
2020-01-23,3.5290322580645164,1.5712903225806452,101.57465806451611,212.96693548387097,100.6516129032258,55.51,15452.425806451613,1.74,259.21429032258067,3325.54,12.98,29160.09
2020-01-24,3.525806451612904,1.572258064516129,101.58545161290324,212.9933870967742,100.69032258064516,54.09,15454.045161290322,1.7,259.21825806451614,3295.47,14.56,28989.73
2020-01-27,3.5161290322580645,1.575161290322581,101.61783225806452,213.0727419354839,100.80645161290325,53.09,15458.90322580645,1.61,259.2301612903226,3243.63,18.23,28535.8
2020-01-28,3.5129032258064514,1.5761290322580646,101.62862580645162,213.09919354838712,100.84516129032258,53.33,15460.522580645162,1.65,259.23412903225807,3276.24,16.28,28722.85
2020-01-29,3.509677419354839,1.5770967741935484,101.63941935483872,213.12564516129032,100.88387096774194,53.29,15462.14193548387,1.6,259.23809677419354,3273.4,16.39,28734.45
2020-01-30,3.5064516129032257,1.5780645161290323,101.6502129032258,213.15209677419355,100.92258064516128,52.19,15463.76129032258,1.57,259.242064516129,3283.66,15.49,28859.44
2020-01-31,3.503225806451613,1.5790322580645162,101.6610064516129,213.1785483870968,100.96129032258064,51.58,15465.38064516129,1.51,259.24603225806453,3225.52,18.84,28256.03
2020-02-03,3.5620689655172413,1.5158620689655171,101.3914,213.3411379310345,100.17931034482758,50.06,15503.33103448276,1.54,259.1690344827586,3248.92,17.97,28399.81
2020-02-04,3.593103448275862,1.483793103448276,101.2512,213.40920689655167,99.76896551724138,49.59,15521.496551724138,1.61,259.12855172413794,3297.59,16.05,28807.63
2020-02-05,3.624137931034483,1.4517241379310346,101.111,213.47727586206892,99.35862068965515,50.87,15539.662068965516,1.66,259.08806896551727,3334.69,15.15,29290.85
2020-02-06,3.655172413793104,1.4196551724137931,100.9708,213.5453448275862,98.94827586206895,50.94,15557.827586206897,1.65,259.04758620689654,3345.78,14.96,29379.77
2020-02-07,3.686206896551724,1.387586206896552,100.8306,213.61341379310343,98.53793103448275,50.34,15575.993103448276,1.59,259.00710344827587,3327.71,15.47,29102.51
2020-02-10,3.779310344827586,1.2913793103448277,100.41,213.8176206896552,97.30689655172414,49.59,15630.489655172414,1.56,258.8856551724138,3352.09,15.04,29276.82
2020-02-11,3.810344827586207,1.2593103448275862,100.2698,213.88568965517243,96.89655172413794,50.0,15648.655172413792,1.59,258.84517241379314,3357.75,15.18,29276.34
2020-02-12,3.841379310344828,1.227241379310345,100.1296,213.95375862068963,96.48620689655172,51.13,15666.820689655173,1.62,258.8046896551724,3379.45,13.74,29551.42
2020-02-13,3.872413793103449,1.1951724137931037,99.9894,214.0218275862069,96.07586206896552,51.41,15684.986206896552,1.61,258.76420689655174,3373.94,14.15,29423.31
2020-02-14,3.903448275862069,1.1631034482758622,99.8492,214.0898965517241,95.6655172413793,52.03,15703.151724137932,1.59,258.7237241379311,3380.16,13.68,29398.08
2020-02-17,3.996551724137931,1.066896551724138,99.4286,214.29410344827588,94.43448275862067,52.0825,15757.648275862068,1.56,258.6022758620689,3372.7575,14.5425,29273.6625
2020-02-18,4.027586206896552,1.0348275862068967,99.2884,214.3621724137931,94.02413793103447,52.1,15775.813793103447,1.55,258.5617931034483,3370.29,14.83,29232.19
2020-02-19,4.058620689655172,1.0027586206896553,99.1482,214.4302413793104,93.61379310344827,53.31,15793.979310344826,1.56,258.5213103448276,3386.15,14.38,29348.03
2020-02-20,4.089655172413793,0.970689655172414,99.008,214.4983103448276,93.20344827586206,53.77,15812.144827586206,1.52,258.4808275862069,3373.23,15.56,29219.98
2020-02-21,4.120689655172414,0.9386206896551724,98.8678,214.56637931034484,92.79310344827586,53.36,15830.310344827583,1.46,258.4403448275862,3337.75,17.08,28992.41
2020-02-24,4.2137931034482765,0.8424137931034483,98.4472,214.77058620689647,91.56206896551724,51.36,15884.806896551723,1.38,258.3188965517241,3225.89,25.03,27960.8
2020-02-25,4.244827586206897,0.810344827586207,98.307,214.8386551724138,91.15172413793104,49.78,15902.972413793104,1.33,258.2784137931035,3128.21,27.85,27081.36
2020-02-26,4.275862068965518,0.7782758620689656,98.1668,214.90672413793104,90.74137931034484,48.67,15921.137931034482,1.33,258.2379310344828,3116.39,27.56,26957.59
2020-02-27,4.306896551724138,0.7462068965517242,98.0266,214.9747931034483,90.3310344827586,47.17,15939.30344827586,1.3,258.1974482758621,2978.76,39.16,25766.64
2020-02-28,4.337931034482759,0.7141379310344829,97.8864,215.04286206896552,89.92068965517241,44.83,15957.46896551724,1.13,258.1569655172414,2954.22,40.11,25409.36
2020-03-02,4.735483870967743,0.6306451612903226,97.18907096774193,215.24487096774195,88.54193548387096,46.78,16026.44516129032,1.1,258.01006451612903,3090.23,33.42,26703.32
2020-03-03,5.070967741935484,0.6112903225806452,96.77214193548387,215.31074193548383,87.98387096774194,47.27,16059.090322580643,1.02,257.9441290322581,3003.37,36.82,25917.41
2020-03-04,5.4064516129032265,0.5919354838709677,96.3552129032258,215.3766129032258,87.4258064516129,46.78,16091.735483870969,1.02,257.8781935483871,3130.12,31.99,27090.86
2020-03-05,5.741935483870968,0.5725806451612904,95.93828387096774,215.4424838709677,86.86774193548386,45.9,16124.380645161287,0.92,257.81225806451613,3023.94,39.62,26121.28
2020-03-06,6.07741935483871,0.5532258064516129,95.52135483870968,215.5083548387097,86.30967741935483,41.14,16157.025806451613,0.74,257.7463225806452,2972.37,41.94,25864.78
2020-03-09,7.083870967741936,0.4951612903225806,94.27056774193548,215.7059677419355,84.63548387096773,31.05,16254.96129032258,0.54,257.5485161290323,2746.56,54.46,23851.02
2020-03-10,7.419354838709678,0.4758064516129032,93.8536387096774,215.7718387096774,84.07741935483871,34.47,16287.606451612904,0.76,257.4825806451613,2882.23,47.3,25018.16
2020-03-11,7.75483870967742,0.4564516129032258,93.43670967741936,215.83770967741933,83.51935483870967,33.13,16320.251612903225,0.82,257.4166451612903,2741.38,53.9,23553.22
2020-03-12,8.09032258064516,0.4370967741935484,93.01978064516128,215.9035806451613,82.96129032258064,31.56,16352.896774193548,0.88,257.3507096774194,2480.64,75.47,21200.62
2020-03-13,8.425806451612903,0.4177419354838709,92.60285161290322,215.96945161290324,82.40322580645162,31.72,16385.54193548387,0.94,257.2847741935484,2711.02,57.83,23185.62
2020-03-16,9.43225806451613,0.3596774193548387,91.35206451612903,216.16706451612905,80.7290322580645,28.96,16483.477419354836,0.73,257.0869677419355,2386.13,82.69,20188.52
2020-03-17,9.767741935483873,0.3403225806451613,90.93513548387097,216.23293548387096,80.17096774193548,26.96,16516.122580645162,1.02,257.0210322580645,2529.19,75.91,21237.38
2020-03-18,10.103225806451617,0.3209677419354839,90.5182064516129,216.2988064516129,79.61290322580645,20.48,16548.767741935484,1.18,256.9550967741935,2398.1,76.45,19898.92
2020-03-19,10.438709677419356,0.3016129032258065,90.10127741935484,216.36467741935485,79.05483870967741,25.09,16581.412903225806,1.12,256.8891612903226,2409.39,72.0,20087.19
2020-03-20,10.774193548387098,0.282258064516129,89.68434838709678,216.4305483870968,78.49677419354839,19.48,16614.058064516128,0.92,256.8232258064516,2304.92,66.04,19173.98
2020-03-23,11.780645161290323,0.2241935483870967,88.43356129032259,216.6281612903226,76.82258064516128,23.33,16711.993548387098,0.76,256.6254193548387,2237.4,61.59,18591.93
2020-03-24,12.116129032258064,0.2048387096774193,88.01663225806452,216.6940322580645,76.26451612903226,21.03,16744.63870967742,0.84,256.5594838709677,2447.33,61.67,20704.91
2020-03-25,12.451612903225808,0.1854838709677419,87.59970322580645,216.75990322580645,75.70645161290322,20.75,16777.28387096774,0.88,256.4935483870968,2475.56,63.95,21200.55
2020-03-26,12.78709677419355,0.1661290322580645,87.1827741935484,216.8257741935484,75.14838709677419,16.6,16809.929032258064,0.83,256.4276129032258,2630.07,61.0,22552.17
2020-03-27,13.12258064516129,0.146774193548387,86.76584516129033,216.8916451612903,74.59032258064516,15.48,16842.574193548386,0.72,256.3616774193548,2541.47,65.54,21636.78
2020-03-30,14.129032258064518,0.0887096774193548,85.51505806451613,217.0892580645161,72.91612903225806,14.1,16940.509677419355,0.7,256.1638709677419,2626.65,57.08,22327.48
2020-03-31,14.464516129032258,0.0693548387096774,85.09812903225807,217.1551290322581,72.35806451612903,20.51,16973.154838709677,0.7,256.09793548387097,2584.59,53.54,21917.16
2020-04-01,14.8,0.05,84.6812,217.221,71.8,20.28,17005.8,0.62,256.032,2470.5,57.06,20943.51
2020-04-02,14.746666666666668,0.05,84.72552,217.26253333333327,71.81666666666666,25.18,17034.053333333333,0.63,256.0243333333333,2526.9,50.91,21413.44
2020-04-03,14.693333333333332,0.05,84.76984,217.30406666666667,71.83333333333333,28.36,17062.306666666667,0.62,256.01666666666665,2488.65,46.8,21052.53
2020-04-06,14.533333333333331,0.05,84.9028,217.4286666666667,71.88333333333333,26.21,17147.066666666666,0.67,255.99366666666663,2663.68,45.24,22679.99
2020-04-07,14.48,0.05,84.94712,217.4702,71.89999999999999,23.54,17175.32,0.75,255.986,2659.41,46.7,22653.86
2020-04-08,14.426666666666668,0.05,84.99144,217.51173333333327,71.91666666666666,24.97,17203.573333333334,0.77,255.97833333333327,2749.98,43.35,23433.57
2020-04-09,14.373333333333331,0.05,85.03576000000001,217.55326666666667,71.93333333333334,22.9,17231.826666666668,0.73,255.97066666666663,2789.82,41.67,23719.37
2020-04-10,14.32,0.05,85.08008000000001,217.5948,71.95,22.765,17260.08,0.7375,255.963,2782.7725,41.545,23637.22
2020-04-13,14.16,0.05,85.21304,217.7194,72.0,22.36,17344.84,0.76,255.94,2761.63,41.17,23390.77
2020-04-14,14.106666666666667,0.05,85.25736,217.76093333333336,72.01666666666667,20.15,17373.093333333334,0.76,255.93233333333333,2846.06,37.76,23949.76
2020-04-15,14.053333333333333,0.05,85.30168,217.80246666666667,72.03333333333333,19.96,17401.346666666668,0.63,255.92466666666667,2783.36,40.84,23504.35
2020-04-16,14.0,0.05,85.346,217.844,72.05,19.82,17429.6,0.61,255.917,2799.55,40.11,23537.68
2020-04-17,13.946666666666667,0.05,85.39032,217.8855333333333,72.06666666666666,18.31,17457.853333333333,0.65,255.9093333333333,2874.56,38.15,24242.49
2020-04-20,13.786666666666669,0.05,85.52328,218.01013333333333,72.11666666666666,-36.98,17542.613333333335,0.63,255.8863333333333,2823.16,43.83,23650.44
2020-04-21,13.733333333333333,0.05,85.5676,218.05166666666668,72.13333333333333,8.91,17570.86666666667,0.58,255.87866666666665,2736.56,45.41,23018.88
2020-04-22,13.68,0.05,85.61192,218.0932,72.14999999999999,13.64,17599.120000000003,0.63,255.871,2799.31,41.98,23475.82
2020-04-23,13.626666666666669,0.05,85.65624,218.1347333333333,72.16666666666666,15.06,17627.373333333333,0.61,255.8633333333333,2797.8,41.38,23515.26
2020-04-24,13.573333333333332,0.05,85.70056000000001,218.17626666666663,72.18333333333334,15.99,17655.626666666667,0.6,255.85566666666665,2836.74,35.93,23775.27
2020-04-27,13.413333333333332,0.05,85.83352000000001,218.30086666666668,72.23333333333333,12.17,17740.38666666667,0.67,255.83266666666665,2878.48,33.29,24133.78
2020-04-28,13.36,0.05,85.87784,218.3424,72.25,12.4,17768.64,0.62,255.825,2863.39,33.57,24101.55
2020-04-29,13.306666666666668,0.05,85.92216,218.3839333333333,72.26666666666667,15.04,17796.893333333333,0.63,255.81733333333327,2939.51,31.23,24633.86
2020-04-30,13.253333333333332,0.05,85.96648,218.4254666666667,72.28333333333333,19.23,17825.146666666667,0.64,255.80966666666663,2912.43,34.15,24345.72
2020-05-01,13.2,0.05,86.0108,218.467,72.3,19.72,17853.4,0.64,255.802,2830.71,37.19,23723.69
2020-05-04,12.987096774193548,0.0529032258064516,86.55890000000001,218.59541935483875,72.86129032258064,20.47,17881.24193548387,0.64,255.922,2842.74,35.97,23749.76
2020-05-05,12.916129032258064,0.0538709677419354,86.7416,218.63822580645163,73.04838709677419,24.56,17890.522580645164,0.66,255.962,2868.44,33.61,23883.09
2020-05-06,12.84516129032258,0.0548387096774193,86.9243,218.68103225806453,73.23548387096774,23.88,17899.803225806452,0.72,256.002,2848.42,34.12,23664.64
2020-05-07,12.774193548387096,0.0558064516129032,87.107,218.72383870967744,73.42258064516129,23.68,17909.083870967745,0.63,256.042,2881.19,31.44,23875.89
2020-05-08,12.703225806451613,0.0567741935483871,87.2897,218.7666451612904,73.60967741935484,24.73,17918.364516129033,0.69,256.082,2929.8,27.98,24331.32
2020-05-11,12.49032258064516,0.0596774193548387,87.8378,218.89506451612905,74.17096774193548,24.02,17946.206451612903,0.73,256.202,2930.32,27.57,24221.99
2020-05-12,12.419354838709676,0.0606451612903225,88.0205,218.937870967742,74.35806451612903,25.76,17955.487096774195,0.69,256.242,2870.12,33.04,23764.78
2020-05-13,12.348387096774193,0.0616129032258064,88.2032,218.9806774193549,74.54516129032258,25.37,17964.767741935484,0.64,256.282,2820.0,35.28,23247.97
2020-05-14,12.27741935483871,0.0625806451612903,88.38589999999999,219.02348387096777,74.73225806451613,27.4,17974.048387096773,0.63,256.322,2852.5,32.61,23625.34
2020-05-15,12.206451612903226,0.0635483870967742,88.5686,219.06629032258067,74.91935483870968,29.44,17983.329032258065,0.64,256.362,2863.7,31.89,23685.42
2020-05-18,11.993548387096771,0.0664516129032258,89.1167,219.19470967741933,75.48064516129031,31.83,18011.170967741935,0.73,256.482,2953.91,29.3,24597.37
2020-05-19,11.92258064516129,0.0674193548387096,89.29939999999999,219.23751612903223,75.66774193548386,32.3,18020.451612903227,0.7,256.522,2922.94,30.53,24206.86
2020-05-20,11.851612903225806,0.0683870967741935,89.4821,219.2803225806452,75.85483870967741,33.56,18029.73225806452,0.68,256.56199999999995,2971.61,27.99,24575.9
2020-05-21,11.780645161290323,0.0693548387096774,89.6648,219.32312903225807,76.04193548387096,34.3,18039.012903225805,0.68,256.602,2948.51,29.53,24474.12
2020-05-22,11.709677419354838,0.0703225806451613,89.8475,219.36593548387097,76.2290322580645,33.49,18048.293548387097,0.66,256.642,2955.45,28.16,24465.16
2020-05-25,11.496774193548386,0.0732258064516129,90.3956,219.49435483870968,76.79032258064515,34.3975,18076.135483870967,0.6825,256.762,2982.69,28.0475,24862.6225
2020-05-26,11.425806451612903,0.0741935483870967,90.5783,219.5371612903226,76.9774193548387,34.7,18085.41612903225,0.69,256.802,2991.77,28.01,24995.11
2020-05-27,11.35483870967742,0.0751612903225806,90.761,219.5799677419355,77.16451612903225,32.8,18094.696774193548,0.68,256.842,3036.13,27.62,25548.27
2020-05-28,11.283870967741937,0.0761290322580645,90.9437,219.6227741935484,77.3516129032258,33.67,18103.97741935484,0.7,256.88199999999995,3029.73,28.59,25400.64
2020-05-29,11.212903225806452,0.0770967741935483,91.1264,219.6655806451613,77.53870967741935,35.57,18113.25806451613,0.65,256.922,3044.31,27.51,25383.11
2020-06-01,11.0,0.08,91.6745,219.794,78.1,35.49,18141.1,0.66,257.042,3055.73,28.23,25475.02
2020-06-02,10.973333333333333,0.0803333333333333,91.78547333333331,219.85266666666664,77.91333333333333,36.88,18146.33,0.68,257.0856666666666,3080.82,26.84,25742.65
2020-06-03,10.946666666666667,0.0806666666666666,91.89644666666666,219.9113333333333,77.72666666666666,37.33,18151.56,0.77,257.1293333333333,3122.87,25.66,26269.89
2020-06-04,10.92,0.081,92.00742,219.97,77.53999999999999,37.42,18156.79,0.82,257.173,3112.35,25.81,26281.82
2020-06-05,10.893333333333333,0.0813333333333333,92.11839333333332,220.02866666666668,77.35333333333332,39.49,18162.02,0.91,257.21666666666664,3193.93,24.52,27110.98
2020-06-08,10.813333333333333,0.0823333333333333,92.45131333333332,220.20466666666667,76.79333333333332,38.17,18177.71,0.88,257.34766666666667,3232.39,25.81,27572.44
2020-06-09,10.786666666666669,0.0826666666666666,92.56228666666668,220.2633333333333,76.60666666666667,38.98,18182.94,0.84,257.3913333333333,3207.18,27.57,27272.3
2020-06-10,10.76,0.083,92.67326,220.322,76.42,39.54,18188.17,0.75,257.43499999999995,3190.14,27.57,26989.99
2020-06-11,10.733333333333333,0.0833333333333333,92.78423333333332,220.38066666666668,76.23333333333333,36.43,18193.4,0.66,257.47866666666664,3002.1,40.79,25128.17
2020-06-12,10.706666666666669,0.0836666666666666,92.89520666666668,220.4393333333333,76.04666666666667,36.24,18198.63,0.71,257.52233333333334,3041.31,36.09,25605.54
2020-06-15,10.626666666666669,0.0846666666666666,93.22812666666668,220.61533333333333,75.48666666666666,37.07,18214.32,0.71,257.6533333333333,3066.59,34.4,25763.16
2020-06-16,10.6,0.0849999999999999,93.3391,220.674,75.3,38.26,18219.55,0.75,257.697,3124.74,33.67,26289.98
2020-06-17,10.573333333333332,0.0853333333333333,93.45007333333332,220.73266666666663,75.11333333333333,37.91,18224.78,0.74,257.74066666666664,3113.49,33.47,26119.61
2020-06-18,10.546666666666669,0.0856666666666666,93.56104666666666,220.7913333333333,74.92666666666666,38.79,18230.01,0.71,257.7843333333333,3115.34,32.94,26080.1
2020-06-19,10.52,0.086,93.67202,220.85,74.74,39.72,18235.24,0.7,257.828,3097.74,35.12,25871.46
2020-06-22,10.44,0.087,94.00494,221.026,74.17999999999999,40.6,18250.93,0.71,257.95899999999995,3117.86,31.77,26024.96
2020-06-23,10.413333333333332,0.0873333333333333,94.11591333333332,221.08466666666664,73.99333333333333,40.4,18256.16,0.72,258.00266666666664,3131.29,31.37,26156.1
2020-06-24,10.386666666666668,0.0876666666666666,94.22688666666666,221.1433333333333,73.80666666666667,37.91,18261.39,0.69,258.04633333333334,3050.33,33.84,25445.94
2020-06-25,10.36,0.088,94.33786,221.202,73.62,38.66,18266.62,0.68,258.09,3083.76,32.22,25745.6
2020-06-26,10.333333333333332,0.0883333333333333,94.44883333333333,221.26066666666668,73.43333333333334,38.53,18271.85,0.64,258.1336666666666,3009.05,34.73,25015.55
2020-06-29,10.253333333333332,0.0893333333333333,94.78175333333331,221.43666666666667,72.87333333333333,39.67,18287.54,0.64,258.26466666666664,3053.24,31.78,25595.8
2020-06-30,10.226666666666668,0.0896666666666666,94.89272666666666,221.4953333333333,72.68666666666667,39.27,18292.77,0.66,258.3083333333333,3100.29,30.43,25812.88
2020-07-01,10.2,0.09,95.0037,221.554,72.5,39.88,18298.0,0.69,258.352,3115.86,28.62,25734.97
2020-07-02,10.141935483870968,0.0903225806451612,95.03356129032258,221.63406451612903,72.5516129032258,40.57,18300.13870967742,0.68,258.3830967741935,3130.01,27.68,25827.36
2020-07-03,10.083870967741936,0.0906451612903225,95.06342258064517,221.71412903225809,72.60322580645162,40.555,18302.27741935484,0.6825,258.41419354838706,3142.4375,27.745,25942.2775
2020-07-06,9.909677419354836,0.0916129032258064,95.1530064516129,221.9543225806452,72.75806451612902,40.51,18308.6935483871,0.69,258.5074838709677,3179.72,27.94,26287.03
2020-07-07,9.851612903225806,0.0919354838709677,95.18286774193548,222.0343870967742,72.80967741935484,40.59,18310.832258064514,0.65,258.5385806451613,3145.32,29.43,25890.18
2020-07-08,9.793548387096774,0.092258064516129,95.21272903225808,222.1144516129032,72.86129032258064,40.91,18312.97096774193,0.67,258.56967741935483,3169.94,28.08,26067.28
2020-07-09,9.73548387096774,0.0925806451612903,95.24259032258064,222.19451612903225,72.91290322580645,39.64,18315.10967741936,0.62,258.6007741935484,3152.05,29.26,25706.09
2020-07-10,9.67741935483871,0.0929032258064516,95.27245161290324,222.27458064516128,72.96451612903226,40.56,18317.248387096774,0.65,258.6318709677419,3185.04,27.29,26075.3
2020-07-13,9.503225806451614,0.0938709677419354,95.36203548387095,222.5147741935484,73.11935483870967,40.06,18323.66451612904,0.64,258.72516129032255,3155.22,32.19,26085.8
2020-07-14,9.44516129032258,0.0941935483870967,95.39189677419354,222.59483870967745,73.17096774193548,40.3,18325.80322580645,0.63,258.7562580645161,3197.52,29.52,26642.59
2020-07-15,9.387096774193548,0.094516129032258,95.42175806451613,222.67490322580645,73.22258064516129,41.2,18327.941935483872,0.64,258.78735483870963,3226.56,27.76,26870.1
2020-07-16,9.329032258064515,0.0948387096774193,95.45161935483873,222.75496774193547,73.27419354838709,40.74,18330.08064516129,0.62,258.8184516129032,3215.57,28.0,26734.71
2020-07-17,9.270967741935484,0.0951612903225806,95.48148064516128,222.83503225806453,73.3258064516129,40.55,18332.219354838708,0.64,258.8495483870968,3224.73,25.68,26671.95
2020-07-20,9.096774193548388,0.0961290322580645,95.57106451612904,223.0752258064516,73.48064516129033,40.83,18338.635483870967,0.62,258.9428387096774,3251.84,24.46,26680.87
2020-07-21,9.038709677419355,0.0964516129032258,95.6009258064516,223.15529032258064,73.53225806451613,41.76,18340.774193548383,0.61,258.97393548387095,3257.3,24.84,26840.4
2020-07-22,8.980645161290322,0.0967741935483871,95.6307870967742,223.23535483870967,73.58387096774193,41.88,18342.91290322581,0.6,259.0050322580645,3276.02,24.32,27005.84
2020-07-23,8.92258064516129,0.0970967741935484,95.66064838709676,223.31541935483872,73.63548387096773,40.99,18345.051612903226,0.59,259.03612903225803,3235.66,26.08,26652.33
2020-07-24,8.864516129032259,0.0974193548387096,95.69050967741936,223.39548387096767,73.68709677419355,41.23,18347.190322580645,0.59,259.0672258064516,3215.63,25.84,26469.89
2020-07-27,8.690322580645162,0.0983870967741935,95.7800935483871,223.63567741935483,73.84193548387097,41.46,18353.6064516129,0.62,259.16051612903226,3239.41,24.74,26584.77
2020-07-28,8.63225806451613,0.0987096774193548,95.80995483870969,223.71574193548383,73.89354838709677,40.89,18355.74516129032,0.59,259.1916129032258,3218.44,25.44,26379.28
2020-07-29,8.574193548387097,0.0990322580645161,95.83981612903226,223.7958064516129,73.94516129032257,41.13,18357.88387096774,0.58,259.22270967741935,3258.44,24.1,26539.57
2020-07-30,8.516129032258064,0.0993548387096774,95.86967741935484,223.87587096774195,73.99677419354838,39.85,18360.02258064516,0.55,259.2538064516129,3246.22,24.76,26313.65
2020-07-31,8.458064516129033,0.0996774193548387,95.89953870967742,223.95593548387097,74.04838709677419,40.1,18362.16129032258,0.55,259.28490322580643,3271.12,24.46,26428.32
2020-08-03,8.361290322580645,0.0993548387096774,95.92694838709676,224.2134838709677,74.50645161290322,40.83,18379.28709677419,0.56,259.35993548387097,3294.61,24.28,26664.4
2020-08-04,8.341935483870968,0.0990322580645161,95.92572258064516,224.3022258064516,74.70967741935483,41.67,18386.78064516129,0.52,259.3819032258064,3306.51,23.76,26828.47
2020-08-05,8.32258064516129,0.0987096774193548,95.92449677419356,224.3909677419355,74.91290322580645,42.25,18394.274193548383,0.55,259.4038709677419,3327.77,22.99,27201.52
2020-08-06,8.303225806451612,0.0983870967741935,95.92327096774194,224.4797096774193,75.11612903225806,41.93,18401.767741935484,0.55,259.4258387096774,3349.16,22.65,27386.98
2020-08-07,8.283870967741935,0.0980645161290322,95.92204516129031,224.56845161290323,75.31935483870967,41.16,18409.26129032257,0.57,259.4478064516129,3351.28,22.21,27433.48
2020-08-10,8.225806451612904,0.0970967741935484,95.91836774193548,224.83467741935485,75.92903225806451,41.94,18431.74193548387,0.59,259.51370967741934,3360.47,22.13,27791.44
2020-08-11,8.206451612903226,0.0967741935483871,95.91714193548388,224.9234193548387,76.13225806451612,41.53,18439.235483870965,0.64,259.53567741935484,3333.69,24.03,27686.91
2020-08-12,8.187096774193549,0.0964516129032258,95.91591612903224,225.01216129032252,76.33548387096774,42.6,18446.729032258063,0.69,259.55764516129034,3380.35,22.28,27976.84
2020-08-13,8.167741935483871,0.0961290322580645,95.91469032258064,225.1009032258065,76.53870967741935,42.26,18454.22258064516,0.71,259.5796129032258,3373.43,22.13,27896.72
2020-08-14,8.148387096774194,0.0958064516129032,95.91346451612904,225.18964516129031,76.74193548387096,42.05,18461.71612903226,0.71,259.6015806451613,3372.85,22.05,27931.02
2020-08-17,8.09032258064516,0.0948387096774193,95.9097870967742,225.455870967742,77.35161290322581,42.89,18484.196774193548,0.69,259.6674838709677,3381.99,21.35,27844.91
2020-08-18,8.070967741935483,0.094516129032258,95.90856129032258,225.5446129032258,77.55483870967743,42.89,18491.690322580645,0.67,259.6894516129032,3389.78,21.51,27778.07
2020-08-19,8.051612903225806,0.0941935483870967,95.90733548387097,225.6333548387097,77.75806451612904,42.91,18499.18387096774,0.68,259.7114193548387,3374.85,22.54,27692.88
2020-08-20,8.03225806451613,0.0938709677419354,95.90610967741937,225.7220967741936,77.96129032258065,42.62,18506.67741935484,0.65,259.7333870967742,3385.51,22.72,27739.73
2020-08-21,8.012903225806452,0.0935483870967742,95.90488387096777,225.81083870967743,78.16451612903226,42.32,18514.17096774193,0.64,259.75535483870965,3397.16,22.54,27930.33
2020-08-24,7.95483870967742,0.0925806451612903,95.90120645161292,226.07706451612904,78.7741935483871,42.44,18536.651612903224,0.65,259.82125806451614,3431.28,22.37,28308.46
2020-08-25,7.935483870967742,0.092258064516129,95.89998064516128,226.1658064516129,78.97741935483872,43.17,18544.14516129032,0.69,259.84322580645164,3443.62,22.03,28248.44
2020-08-26,7.916129032258064,0.0919354838709677,95.89875483870968,226.2545483870968,79.18064516129033,43.21,18551.63870967742,0.69,259.8651935483871,3478.73,23.27,28331.92
2020-08-27,7.896774193548387,0.0916129032258064,95.89752903225806,226.34329032258063,79.38387096774194,42.88,18559.13225806452,0.74,259.8871612903226,3484.55,24.47,28492.27
2020-08-28,7.877419354838709,0.0912903225806451,95.89630322580643,226.4320322580645,79.58709677419355,42.96,18566.62580645161,0.74,259.9091290322581,3508.01,22.96,28653.87
2020-08-31,7.819354838709677,0.0903225806451612,95.89262580645162,226.69825806451607,80.19677419354839,42.61,18589.1064516129,0.72,259.9750322580645,3500.31,26.41,28430.05
2020-09-01,7.8,0.09,95.8914,226.787,80.4,42.76,18596.6,0.68,259.997,3526.65,26.12,28645.66
2020-09-02,7.77,0.09,95.91254,226.8873333333333,80.44666666666667,42.76,18601.756666666664,0.66,260.00773333333336,3580.84,26.57,29100.5
2020-09-03,7.74,0.09,95.93368,226.98766666666668,80.49333333333334,41.39,18606.91333333333,0.63,260.01846666666665,3455.06,33.6,28292.73
2020-09-04,7.71,0.09,95.95482,227.088,80.54,39.69,18612.07,0.72,260.0292,3426.96,30.75,28133.31
2020-09-07,7.62,0.09,96.01824,227.389,80.68,37.575,18627.54,0.6975,260.0614,3355.62,31.2825,27658.995
2020-09-08,7.59,0.09,96.03938,227.4893333333333,80.72666666666667,36.87,18632.696666666667,0.69,260.07213333333334,3331.84,31.46,27500.89
2020-09-09,7.56,0.09,96.06052,227.58966666666663,80.77333333333334,38.05,18637.853333333333,0.71,260.0828666666667,3398.96,28.81,27940.47
2020-09-10,7.53,0.09,96.08166,227.69,80.82000000000001,37.25,18643.01,0.68,260.09360000000004,3339.19,29.71,27534.58
2020-09-11,7.5,0.09,96.1028,227.7903333333333,80.86666666666667,37.33,18648.166666666664,0.67,260.10433333333333,3340.97,26.87,27665.64
2020-09-14,7.41,0.09,96.16622,228.09133333333327,81.00666666666667,37.23,18663.636666666665,0.68,260.1365333333334,3383.54,25.85,27993.33
2020-09-15,7.38,0.09,96.18736,228.19166666666663,81.05333333333334,38.29,18668.79333333333,0.68,260.14726666666667,3401.2,25.59,27995.6
2020-09-16,7.35,0.09,96.2085,228.292,81.1,40.17,18673.95,0.69,260.158,3385.49,26.04,28032.38
2020-09-17,7.32,0.09,96.22964,228.3923333333333,81.14666666666666,40.99,18679.106666666667,0.69,260.16873333333336,3357.01,26.46,27901.98
2020-09-18,7.29,0.09,96.25078,228.49266666666668,81.19333333333333,41.09,18684.26333333333,0.7,260.17946666666666,3319.47,25.83,27657.42
2020-09-21,7.2,0.09,96.3142,228.79366666666667,81.33333333333333,39.26,18699.733333333334,0.68,260.2116666666667,3281.06,27.78,27147.7
2020-09-22,7.17,0.09,96.33534,228.894,81.38,39.55,18704.89,0.68,260.2224,3315.57,26.86,27288.18
2020-09-23,7.140000000000001,0.09,96.35648,228.9943333333333,81.42666666666666,39.92,18710.046666666665,0.68,260.23313333333334,3236.92,28.58,26763.13
2020-09-24,7.11,0.09,96.37762,229.09466666666663,81.47333333333333,40.11,18715.20333333333,0.67,260.2438666666667,3246.59,28.51,26815.44
2020-09-25,7.08,0.09,96.39876,229.195,81.52,40.06,18720.36,0.66,260.25460000000004,3298.46,26.38,27173.96
2020-09-28,6.99,0.09,96.46218,229.496,81.66,40.47,18735.83,0.67,260.2868,3351.6,26.19,27584.06
2020-09-29,6.96,0.09,96.48332,229.5963333333333,81.70666666666666,39.03,18740.986666666668,0.66,260.2975333333334,3335.47,26.27,27452.66
2020-09-30,6.930000000000001,0.09,96.50446,229.69666666666663,81.75333333333333,40.05,18746.143333333333,0.69,260.30826666666667,3363.0,26.37,27781.7
2020-10-01,6.9,0.09,96.5256,229.797,81.8,38.51,18751.3,0.68,260.319,3380.8,26.7,27816.9
2020-10-02,6.893548387096774,0.09,96.53938387096774,229.8777096774193,81.64193548387097,36.9,18758.64838709677,0.7,260.3380967741936,3348.44,27.63,27682.81
2020-10-05,6.8741935483870975,0.09,96.58073548387097,230.11983870967745,81.16774193548387,39.12,18780.69354838709,0.78,260.3953870967742,3408.63,27.96,28148.64
2020-10-06,6.867741935483871,0.09,96.59451935483872,230.2005483870968,81.00967741935484,40.52,18788.04193548387,0.76,260.41448387096773,3360.95,29.48,27772.76
2020-10-07,6.861290322580645,0.09,96.60830322580644,230.28125806451607,80.8516129032258,39.82,18795.390322580643,0.81,260.4335806451613,3419.45,28.06,28303.46
2020-10-08,6.85483870967742,0.09,96.6220870967742,230.36196774193547,80.69354838709677,41.04,18802.73870967742,0.78,260.45267741935487,3446.83,26.36,28425.51
2020-10-09,6.848387096774194,0.09,96.63587096774194,230.44267741935485,80.53548387096774,40.44,18810.0870967742,0.79,260.4717741935484,3477.13,25.0,28586.9
2020-10-12,6.829032258064516,0.09,96.67722258064516,230.6848064516129,80.06129032258065,39.22,18832.13225806452,0.7525,260.52906451612904,3534.22,25.07,28837.52
2020-10-13,6.822580645161291,0.09,96.6910064516129,230.76551612903225,79.90322580645162,40.03,18839.48064516129,0.74,260.5481612903226,3511.93,26.07,28679.81
2020-10-14,6.816129032258065,0.09,96.70479032258064,230.84622580645163,79.74516129032259,40.86,18846.829032258065,0.73,260.5672580645161,3488.67,26.4,28514.0
2020-10-15,6.809677419354839,0.09,96.7185741935484,230.92693548387092,79.58709677419355,40.84,18854.17741935484,0.74,260.58635483870967,3483.34,26.97,28494.2
2020-10-16,6.803225806451613,0.09,96.73235806451612,231.0076451612904,79.42903225806452,40.7,18861.525806451613,0.76,260.6054516129032,3483.81,27.41,28606.31
2020-10-19,6.783870967741936,0.09,96.77370967741936,231.2497741935484,78.95483870967742,40.69,18883.570967741933,0.78,260.6627419354839,3426.92,29.18,28195.42
2020-10-20,6.77741935483871,0.09,96.78749354838708,231.33048387096773,78.79677419354839,41.37,18890.91935483871,0.81,260.68183870967744,3443.12,29.35,28308.79
2020-10-21,6.770967741935484,0.09,96.80127741935485,231.4111935483871,78.63870967741936,39.88,18898.267741935484,0.83,260.700935483871,3435.56,28.65,28210.82
2020-10-22,6.764516129032258,0.09,96.81506129032256,231.49190322580645,78.48064516129033,40.46,18905.616129032256,0.87,260.7200322580645,3453.49,28.11,28363.66
2020-10-23,6.758064516129032,0.09,96.82884516129032,231.5726129032258,78.3225806451613,39.73,18912.964516129032,0.85,260.73912903225806,3465.39,27.55,28335.57
2020-10-26,6.738709677419355,0.09,96.87019677419354,231.81474193548388,77.8483870967742,38.39,18935.009677419355,0.81,260.7964193548387,3400.97,32.46,27685.38
2020-10-27,6.732258064516129,0.09,96.88398064516127,231.89545161290323,77.69032258064516,39.34,18942.358064516127,0.79,260.8155161290323,3390.68,33.35,27463.19
2020-10-28,6.725806451612903,0.09,96.89776451612904,231.97616129032252,77.53225806451613,37.27,18949.706451612903,0.79,260.83461290322583,3271.03,40.28,26519.95
2020-10-29,6.719354838709678,0.09,96.91154838709676,232.056870967742,77.3741935483871,35.94,18957.054838709675,0.85,260.8537096774194,3310.11,37.59,26659.11
2020-10-30,6.712903225806452,0.09,96.92533225806451,232.1375806451613,77.21612903225807,35.64,18964.40322580645,0.88,260.8728064516129,3269.96,38.02,26501.6
2020-11-02,6.7,0.09,96.9946,232.3673,77.02666666666667,36.6,18984.236666666664,0.87,260.9488,3310.24,37.13,26925.05
2020-11-03,6.7,0.09,97.0363,232.4356,77.15333333333334,37.44,18989.373333333333,0.9,260.9866,3369.16,35.55,27480.03
2020-11-04,6.7,0.09,97.078,232.5039,77.28,38.97,18994.51,0.78,261.0244,3443.44,29.57,27847.66
2020-11-05,6.7,0.09,97.1197,232.5722,77.40666666666667,38.56,18999.646666666664,0.79,261.0622,3510.45,27.58,28390.18
2020-11-06,6.7,0.09,97.1614,232.6405,77.53333333333333,36.97,19004.783333333333,0.83,261.1,3509.44,24.86,28323.4
2020-11-09,6.7,0.09,97.2865,232.8454,77.91333333333334,40.05,19020.193333333333,0.96,261.2134,3550.5,25.75,29157.97
2020-11-10,6.7,0.09,97.3282,232.9137,78.04,41.18,19025.33,0.98,261.2512,3545.53,24.8,29420.92
2020-11-11,6.7,0.09,97.3699,232.982,78.16666666666667,41.23,19030.466666666667,0.93,261.289,3572.66,23.45,29397.63
2020-11-12,6.7,0.09,97.4116,233.0503,78.29333333333334,40.9,19035.603333333333,0.88,261.3268,3537.01,25.35,29080.17
2020-11-13,6.7,0.09,97.4533,233.1186,78.42,39.93,19040.74,0.89,261.3646,3585.15,23.1,29479.81
2020-11-16,6.7,0.09,97.5784,233.3235,78.80000000000001,41.14,19056.15,0.91,261.478,3626.91,22.45,29950.44
2020-11-17,6.7,0.09,97.6201,233.3918,78.92666666666668,41.24,19061.286666666667,0.87,261.5158,3609.53,22.71,29783.35
2020-11-18,6.7,0.09,97.6618,233.4601,79.05333333333334,41.64,19066.42333333333,0.88,261.5536,3567.79,23.84,29438.42
2020-11-19,6.7,0.09,97.7035,233.5284,79.18,41.57,19071.56,0.86,261.5914,3581.87,23.11,29483.23
2020-11-20,6.7,0.09,97.7452,233.5967,79.30666666666667,41.99,19076.696666666667,0.83,261.6292,3557.54,23.7,29263.48
2020-11-23,6.7,0.09,97.8703,233.8016,79.68666666666667,42.91,19092.106666666667,0.86,261.74260000000004,3577.59,22.66,29591.27
2020-11-24,6.7,0.09,97.912,233.8699,79.81333333333333,44.71,19097.24333333333,0.88,261.7804,3635.41,21.64,30046.24
2020-11-25,6.7,0.09,97.9537,233.9382,79.94,45.58,19102.38,0.88,261.8182,3629.65,21.25,29872.47
2020-11-26,6.7,0.09,97.9954,234.0065,80.06666666666666,45.504,19107.516666666663,0.86,261.856,3634.0,21.045,29891.42
2020-11-27,6.7,0.09,98.0371,234.0748,80.19333333333334,45.428,19112.65333333333,0.84,261.8938,3638.35,20.84,29910.37
2020-11-30,6.7,0.09,98.1622,234.2797,80.57333333333334,45.2,19128.06333333333,0.84,262.0072,3621.63,20.57,29638.64
2020-12-01,6.7,0.09,98.2039,234.348,80.7,44.54,19133.2,0.92,262.045,3662.45,20.77,29823.92
2020-12-02,6.690322580645161,0.09,98.22356451612904,234.41483870967744,80.64516129032258,45.23,19140.506451612902,0.95,262.0641612903226,3669.01,21.17,29883.79
2020-12-03,6.680645161290323,0.09,98.24322903225809,234.48167741935484,80.59032258064516,45.65,19147.812903225808,0.92,262.0833225806452,3666.72,21.28,29969.52
2020-12-04,6.670967741935484,0.09,98.2628935483871,234.5485161290323,80.53548387096774,46.23,19155.11935483871,0.97,262.1024838709678,3699.12,20.79,30218.26
2020-12-07,6.641935483870968,0.09,98.3218870967742,234.7490322580645,80.37096774193549,45.72,19177.03870967742,0.94,262.1599677419355,3691.96,21.3,30069.79
2020-12-08,6.6322580645161295,0.09,98.34155161290325,234.815870967742,80.31612903225806,45.64,19184.345161290323,0.92,262.17912903225806,3702.25,20.68,30173.88
2020-12-09,6.622580645161291,0.09,98.36121612903226,234.88270967741937,80.26129032258065,45.48,19191.651612903228,0.95,262.19829032258065,3672.82,22.27,30068.81
2020-12-10,6.612903225806452,0.09,98.3808806451613,234.9495483870968,80.20645161290322,46.76,19198.95806451613,0.92,262.21745161290323,3668.1,22.52,29999.26
2020-12-11,6.603225806451613,0.09,98.40054516129032,235.0163870967742,80.15161290322581,46.59,19206.264516129035,0.9,262.2366129032258,3663.46,23.31,30046.37
2020-12-14,6.574193548387097,0.09,98.45953870967742,235.21690322580645,79.98709677419355,47.02,19228.183870967743,0.9,262.2940967741936,3647.49,24.72,29861.55
2020-12-15,6.564516129032258,0.09,98.47920322580646,235.28374193548387,79.93225806451613,47.58,19235.490322580645,0.92,262.31325806451616,3694.62,22.89,30199.31
2020-12-16,6.554838709677419,0.09,98.49886774193548,235.3505806451613,79.87741935483871,47.86,19242.79677419355,0.92,262.33241935483875,3701.17,22.5,30154.54
2020-12-17,6.545161290322581,0.09,98.51853225806452,235.4174193548387,79.8225806451613,48.34,19250.10322580645,0.94,262.3515806451613,3722.48,21.93,30303.37
2020-12-18,6.535483870967743,0.09,98.53819677419357,235.48425806451613,79.76774193548387,49.04,19257.40967741936,0.95,262.37074193548386,3709.41,21.57,30179.05
2020-12-21,6.506451612903226,0.09,98.59719032258064,235.6847741935484,79.60322580645162,47.79,19279.329032258065,0.95,262.4282258064516,3694.92,25.16,30216.45
2020-12-22,6.496774193548387,0.09,98.61685483870968,235.7516129032258,79.54838709677419,47.02,19286.635483870967,0.93,262.4473870967742,3687.26,24.23,30015.51
2020-12-23,6.487096774193549,0.09,98.63651935483873,235.81845161290323,79.49354838709678,47.94,19293.941935483872,0.96,262.4665483870968,3690.01,23.31,30129.83
2020-12-24,6.47741935483871,0.09,98.65618387096777,235.88529032258063,79.43870967741935,48.18,19301.248387096774,0.94,262.4857096774194,3703.06,21.53,30199.87
2020-12-25,6.467741935483871,0.09,98.67584838709678,235.95212903225809,79.38387096774194,48.01,19308.55483870968,0.94,262.504870967742,3711.135,21.5725,30250.895
2020-12-28,6.438709677419356,0.09,98.73484193548389,236.1526451612903,79.21935483870968,47.5,19330.474193548387,0.94,262.56235483870967,3735.36,21.7,30403.97
2020-12-29,6.429032258064517,0.09,98.75450645161293,236.2194838709677,79.16451612903226,47.85,19337.78064516129,0.94,262.58151612903225,3727.04,23.08,30335.67
2020-12-30,6.419354838709678,0.09,98.77417096774194,236.2863225806452,79.10967741935484,48.24,19345.0870967742,0.93,262.60067741935484,3732.04,22.77,30409.56
2020-12-31,6.409677419354839,0.09,98.79383548387098,236.35316129032256,79.05483870967743,48.35,19352.3935483871,0.93,262.6198387096774,3756.07,22.75,30606.48
2021-01-01,6.4,0.09,98.8135,236.42,79.0,48.13,19359.7,0.93,262.639,3742.215,23.805,30510.8325
2021-01-04,6.380645161290323,0.0890322580645161,98.49353548387096,236.6890322580645,78.78709677419354,47.47,19382.635483870967,0.93,262.7293870967742,3700.65,26.97,30223.89
2021-01-05,6.3741935483870975,0.0887096774193548,98.3868806451613,236.77870967741933,78.71612903225807,49.78,19390.28064516129,0.96,262.75951612903225,3726.86,25.34,30391.6
2021-01-06,6.367741935483871,0.0883870967741935,98.2802258064516,236.86838709677417,78.64516129032258,50.45,19397.92580645161,1.04,262.7896451612903,3748.14,25.07,30829.4
2021-01-07,6.361290322580645,0.0880645161290322,98.17357096774194,236.958064516129,78.5741935483871,50.63,19405.570967741936,1.08,262.8197741935484,3803.79,22.37,31041.13
2021-01-08,6.35483870967742,0.0877419354838709,98.06691612903226,237.04774193548383,78.50322580645161,52.14,19413.21612903226,1.13,262.84990322580643,3824.68,21.56,31097.97
2021-01-11,6.335483870967742,0.0867741935483871,97.74695161290325,237.3167741935484,78.29032258064517,52.15,19436.151612903228,1.15,262.94029032258067,3799.61,24.08,31008.69
2021-01-12,6.329032258064516,0.0864516129032258,97.64029677419354,237.40645161290325,78.21935483870968,53.08,19443.79677419355,1.15,262.9704193548387,3801.19,23.33,31068.69
2021-01-13,6.322580645161291,0.0861290322580645,97.53364193548389,237.49612903225804,78.14838709677419,52.81,19451.441935483872,1.1,263.0005483870968,3809.84,22.21,31060.47
2021-01-14,6.316129032258065,0.0858064516129032,97.4269870967742,237.58580645161288,78.07741935483871,53.47,19459.0870967742,1.15,263.03067741935484,3795.54,23.25,30991.52
2021-01-15,6.309677419354839,0.0854838709677419,97.32033225806452,237.67548387096767,78.00645161290322,52.25,19466.73225806452,1.11,263.0608064516129,3768.25,24.34,30814.26
2021-01-18,6.290322580645162,0.084516129032258,97.00036774193548,237.94451612903225,77.79354838709678,52.715,19489.66774193549,1.1025,263.1511935483871,3791.245,23.515,30901.455
2021-01-19,6.283870967741936,0.0841935483870967,96.8937129032258,238.0341935483871,77.72258064516129,52.87,19497.312903225808,1.1,263.18132258064514,3798.91,23.24,30930.52
2021-01-20,6.27741935483871,0.0838709677419354,96.78705806451612,238.123870967742,77.65161290322581,53.16,19504.95806451613,1.1,263.2114516129032,3851.85,21.58,31188.38
2021-01-21,6.270967741935484,0.0835483870967741,96.68040322580646,238.21354838709675,77.58064516129032,53.0,19512.60322580645,1.12,263.24158064516126,3853.07,21.32,31176.01
2021-01-22,6.264516129032258,0.0832258064516129,96.57374838709676,238.3032258064516,77.50967741935483,52.28,19520.248387096774,1.1,263.2717096774193,3841.47,21.91,30996.98
2021-01-25,6.245161290322581,0.082258064516129,96.25378387096774,238.5722580645161,77.29677419354839,52.78,19543.183870967743,1.05,263.3620967741936,3855.36,23.19,30960.0
2021-01-26,6.238709677419355,0.0819354838709677,96.14712903225806,238.66193548387096,77.2258064516129,52.61,19550.829032258065,1.05,263.3922258064516,3849.62,23.02,30937.04
2021-01-27,6.232258064516129,0.0816129032258064,96.0404741935484,238.7516129032258,77.15483870967742,52.81,19558.474193548387,1.04,263.4223548387097,3750.77,37.21,30303.17
2021-01-28,6.225806451612903,0.0812903225806451,95.9338193548387,238.84129032258065,77.08387096774193,52.26,19566.11935483871,1.07,263.45248387096774,3787.38,30.21,30603.36
2021-01-29,6.219354838709678,0.0809677419354838,95.82716451612905,238.93096774193543,77.01290322580645,52.16,19573.764516129035,1.11,263.4826129032258,3714.24,33.09,29982.62
2021-02-01,6.2,0.08,95.5072,239.2,76.8,53.55,19596.7,1.09,263.573,3773.86,30.24,30211.91
2021-02-02,6.196428571428571,0.0796428571428571,95.60311785714283,239.37839285714284,77.08928571428571,54.77,19604.79642857143,1.12,263.6185,3826.31,25.56,30687.48
2021-02-03,6.192857142857143,0.0792857142857142,95.69903571428571,239.5567857142857,77.37857142857143,55.67,19612.89285714286,1.15,263.664,3830.17,22.91,30723.6
2021-02-04,6.189285714285714,0.0789285714285714,95.79495357142856,239.7351785714285,77.66785714285714,56.19,19620.989285714288,1.15,263.7095,3871.74,21.77,31055.86
2021-02-05,6.185714285714286,0.0785714285714285,95.89087142857144,239.91357142857143,77.95714285714286,56.8,19629.08571428572,1.19,263.755,3886.83,20.87,31148.24
2021-02-08,6.175,0.0775,96.178625,240.44875,78.825,57.95,19653.375,1.19,263.89149999999995,3915.59,21.24,31385.76
2021-02-09,6.171428571428572,0.0771428571428571,96.27454285714283,240.62714285714284,79.11428571428571,58.34,19661.47142857143,1.18,263.93699999999995,3911.23,21.63,31375.83
2021-02-10,6.167857142857143,0.0767857142857142,96.37046071428573,240.8055357142857,79.40357142857142,58.69,19669.56785714285,1.15,263.9825,3909.88,21.99,31437.8
2021-02-11,6.164285714285715,0.0764285714285714,96.46637857142856,240.9839285714285,79.69285714285715,58.22,19677.664285714287,1.16,264.028,3916.38,21.25,31430.7
2021-02-12,6.160714285714286,0.0760714285714285,96.56229642857144,241.16232142857143,79.98214285714286,59.5,19685.76071428572,1.2,264.0735,3934.83,19.97,31458.4
2021-02-15,6.15,0.075,96.85005,241.6975,80.85,59.9275,19710.050000000003,1.275,264.21,3933.15,21.0875,31506.6625
2021-02-16,6.146428571428571,0.0746428571428571,96.94596785714285,241.87589285714284,81.13928571428572,60.07,19718.14642857143,1.3,264.2555,3932.59,21.46,31522.75
2021-02-17,6.142857142857142,0.0742857142857142,97.04188571428573,242.0542857142857,81.42857142857143,61.09,19726.242857142857,1.29,264.301,3931.33,21.5,31613.02
2021-02-18,6.139285714285714,0.0739285714285714,97.13780357142856,242.2326785714285,81.71785714285714,60.4,19734.339285714286,1.29,264.3465,3913.97,22.49,31493.34
2021-02-19,6.135714285714285,0.0735714285714285,97.23372142857144,242.41107142857143,82.00714285714287,59.12,19742.435714285715,1.34,264.392,3906.71,22.05,31494.32
2021-02-22,6.125,0.0725,97.521475,242.94625,82.875,61.67,19766.725,1.37,264.5285,3876.5,23.45,31521.69
2021-02-23,6.121428571428571,0.0721428571428571,97.61739285714285,243.12464285714285,83.16428571428571,61.66,19774.82142857143,1.37,264.574,3881.37,23.11,31537.35
2021-02-24,6.117857142857143,0.0717857142857142,97.71331071428573,243.3030357142857,83.45357142857144,63.21,19782.91785714286,1.38,264.6195,3925.43,21.34,31961.86
2021-02-25,6.114285714285714,0.0714285714285714,97.80922857142856,243.48142857142847,83.74285714285715,63.43,19791.01428571429,1.54,264.665,3829.34,28.89,31402.01
2021-02-26,6.110714285714286,0.0710714285714285,97.90514642857144,243.65982142857143,84.03214285714286,61.55,19799.110714285714,1.44,264.7105,3811.15,27.95,30932.37
2021-03-01,6.1,0.07,98.1929,244.195,84.9,60.54,19823.4,1.45,264.847,3901.82,23.35,31535.51
2021-03-02,6.1,0.07,98.19737741935484,244.37583870967745,85.00967741935484,59.7,19834.28064516129,1.42,264.90435483870965,3870.29,24.1,31391.52
2021-03-03,6.1,0.07,98.20185483870968,244.55667741935483,85.11935483870968,61.33,19845.161290322583,1.47,264.9617096774193,3819.72,26.67,31270.09
2021-03-04,6.1,0.07,98.2063322580645,244.73751612903223,85.22903225806452,63.81,19856.04193548388,1.54,265.019064516129,3768.47,28.57,30924.14
2021-03-05,6.1,0.07,98.21080967741936,244.9183548387097,85.33870967741936,66.08,19866.92258064516,1.56,265.0764193548387,3841.94,24.66,31496.3
2021-03-08,6.1,0.07,98.22424193548386,245.46087096774195,85.66774193548387,65.03,19899.56451612904,1.59,265.24848387096773,3821.35,25.47,31802.44
2021-03-09,6.1,0.07,98.2287193548387,245.64170967741936,85.77741935483871,64.02,19910.445161290325,1.55,265.3058387096774,3875.44,24.03,31832.74
2021-03-10,6.1,0.07,98.23319677419354,245.8225483870968,85.88709677419355,64.45,19921.325806451616,1.53,265.3631935483871,3898.81,22.56,32297.02
2021-03-11,6.1,0.07,98.2376741935484,246.0033870967742,85.99677419354839,66.02,19932.206451612903,1.54,265.42054838709674,3939.34,21.91,32485.59
2021-03-12,6.1,0.07,98.24215161290324,246.1842258064516,86.10645161290323,65.59,19943.0870967742,1.64,265.4779032258064,3943.34,20.69,32778.64
2021-03-15,6.1,0.07,98.25558387096774,246.72674193548383,86.43548387096774,65.36,19975.729032258067,1.62,265.6499677419355,3968.94,20.03,32953.46
2021-03-16,6.1,0.07,98.26006129032258,246.9075806451613,86.54516129032258,64.82,19986.60967741936,1.62,265.70732258064515,3962.71,19.79,32825.95
2021-03-17,6.1,0.07,98.2645387096774,247.0884193548387,86.65483870967742,64.55,19997.490322580645,1.63,265.7646774193548,3974.12,19.23,33015.37
2021-03-18,6.1,0.07,98.26901612903224,247.26925806451607,86.76451612903226,59.95,20008.370967741936,1.71,265.8220322580645,3915.46,21.58,32862.3
2021-03-19,6.1,0.07,98.2734935483871,247.45009677419355,86.8741935483871,61.43,20019.251612903223,1.74,265.87938709677417,3913.1,20.95,32627.97
2021-03-22,6.1,0.07,98.2869258064516,247.9926129032258,87.20322580645161,61.48,20051.8935483871,1.69,266.05145161290324,3940.59,18.88,32731.2
2021-03-23,6.1,0.07,98.29140322580643,248.1734516129032,87.31290322580645,57.75,20062.774193548383,1.63,266.1088064516129,3910.52,20.3,32423.15
2021-03-24,6.1,0.07,98.29588064516128,248.35429032258065,87.42258064516129,61.12,20073.65483870968,1.62,266.1661612903226,3889.14,21.2,32420.06
2021-03-25,6.1,0.07,98.30035806451612,248.53512903225808,87.53225806451613,58.47,20084.535483870968,1.63,266.22351612903225,3909.52,19.81,32619.48
2021-03-26,6.1,0.07,98.30483548387096,248.7159677419355,87.64193548387097,60.93,20095.41612903226,1.67,266.2808709677419,3974.54,18.86,33072.88
2021-03-29,6.1,0.07,98.31826774193549,249.25848387096767,87.97096774193548,61.49,20128.058064516128,1.73,266.452935483871,3971.09,20.74,33171.37
2021-03-30,6.1,0.07,98.32274516129031,249.43932258064515,88.08064516129032,60.55,20138.93870967742,1.73,266.51029032258066,3958.55,19.61,33066.96
2021-03-31,6.1,0.07,98.32722258064516,249.62016129032256,88.19032258064516,59.19,20149.81935483871,1.74,266.5676451612904,3972.89,19.4,32981.55
2021-04-01,6.1,0.07,98.3317,249.801,88.3,61.41,20160.7,1.69,266.625,4019.87,17.33,33153.21
2021-04-02,6.09,0.0696666666666666,98.3602,249.9884333333333,88.12,60.74,20169.573333333334,1.72,266.6843,4034.38,17.474999999999998,33246.705
2021-04-05,6.06,0.0686666666666666,98.4457,250.5507333333333,87.58,58.73,20196.193333333333,1.73,266.8622,4077.91,17.91,33527.19
2021-04-06,6.05,0.0683333333333333,98.4742,250.73816666666664,87.4,59.34,20205.066666666666,1.67,266.9215,4073.94,18.12,33430.24
2021-04-07,6.04,0.068,98.5027,250.9256,87.22,59.77,20213.94,1.68,266.9808,4079.95,17.16,33446.26
2021-04-08,6.029999999999999,0.0676666666666666,98.5312,251.11303333333333,87.03999999999999,59.61,20222.81333333333,1.64,267.0401,4097.17,16.95,33503.57
2021-04-09,6.02,0.0673333333333333,98.5597,251.3004666666667,86.86,59.29,20231.68666666667,1.67,267.0994,4128.8,16.69,33800.6
2021-04-12,5.989999999999999,0.0663333333333333,98.6452,251.86276666666663,86.32,59.7,20258.306666666667,1.69,267.2773,4127.99,16.91,33745.4
2021-04-13,5.98,0.066,98.6737,252.0502,86.14,60.2,20267.18,1.64,267.3366,4141.59,16.65,33677.27
2021-04-14,5.97,0.0656666666666666,98.7022,252.2376333333333,85.96000000000001,63.15,20276.053333333333,1.64,267.3959,4124.66,16.99,33730.89
2021-04-15,5.96,0.0653333333333333,98.7307,252.42506666666665,85.78,63.42,20284.926666666663,1.56,267.4552,4170.42,16.57,34035.99
2021-04-16,5.949999999999999,0.065,98.7592,252.6125,85.6,63.16,20293.800000000003,1.59,267.5145,4185.47,16.25,34200.67
2021-04-19,5.92,0.064,98.8447,253.1748,85.06,63.33,20320.42,1.61,267.6924,4163.26,17.29,34077.63
2021-04-20,5.91,0.0636666666666666,98.8732,253.3622333333333,84.88,62.61,20329.29333333333,1.58,267.7517,4134.94,18.68,33821.3
2021-04-21,5.9,0.0633333333333333,98.9017,253.54966666666667,84.7,61.34,20338.166666666668,1.57,267.811,4173.42,17.5,34137.31
2021-04-22,5.89,0.063,98.9302,253.7371,84.52000000000001,61.45,20347.04,1.57,267.8703,4134.98,18.71,33815.9
2021-04-23,5.88,0.0626666666666666,98.9587,253.92453333333333,84.34,62.18,20355.91333333333,1.58,267.9296,4180.17,17.33,34043.49
2021-04-26,5.85,0.0616666666666666,99.0442,254.4868333333333,83.80000000000001,62.02,20382.533333333333,1.58,268.1075,4187.62,17.64,33981.57
2021-04-27,5.84,0.0613333333333333,99.0727,254.67426666666668,83.62,63.03,20391.40666666667,1.63,268.1668,4186.72,17.56,33984.93
2021-04-28,5.83,0.061,99.1012,254.8617,83.44,63.81,20400.28,1.63,268.2261,4183.18,17.28,33820.38
2021-04-29,5.82,0.0606666666666666,99.1297,255.0491333333333,83.26,65.0,20409.15333333333,1.65,268.2854,4211.47,17.61,34060.36
2021-04-30,5.81,0.0603333333333333,99.1582,255.23656666666668,83.08000000000001,63.5,20418.02666666667,1.65,268.3447,4181.17,18.61,33874.85
2021-05-03,5.806451612903226,0.0612903225806451,99.2164806451613,255.79322580645163,83.06774193548388,64.46,20429.983870967742,1.63,268.5527741935484,4192.66,18.31,34113.23
2021-05-04,5.809677419354839,0.0619354838709677,99.23137096774194,255.97783870967743,83.15161290322581,65.72,20431.525806451613,1.61,268.6271612903226,4164.66,19.48,34133.03
2021-05-05,5.812903225806451,0.0625806451612903,99.24626129032258,256.1624516129032,83.23548387096774,65.63,20433.067741935487,1.59,268.70154838709675,4167.59,19.15,34230.34
2021-05-06,5.816129032258065,0.0632258064516129,99.26115161290323,256.347064516129,83.31935483870969,64.73,20434.60967741936,1.58,268.77593548387097,4201.62,18.39,34548.53
2021-05-07,5.819354838709677,0.0638709677419354,99.27604193548387,256.5316774193548,83.40322580645162,64.96,20436.151612903228,1.6,268.8503225806451,4232.6,16.69,34777.76
2021-05-10,5.829032258064516,0.0658064516129032,99.3207129032258,257.08551612903227,83.65483870967742,64.92,20440.77741935484,1.63,269.0734838709677,4188.43,19.66,34742.82
2021-05-11,5.832258064516129,0.0664516129032258,99.33560322580644,257.27012903225807,83.73870967741937,65.31,20442.31935483871,1.64,269.14787096774194,4152.1,21.84,34269.16
2021-05-12,5.835483870967742,0.0670967741935483,99.3504935483871,257.45474193548387,83.8225806451613,65.96,20443.86129032258,1.69,269.2222580645161,4063.04,27.59,33587.66
2021-05-13,5.838709677419355,0.0677419354838709,99.36538387096776,257.63935483870966,83.90645161290323,63.82,20445.40322580645,1.66,269.2966451612903,4112.5,23.13,34021.45
2021-05-14,5.841935483870968,0.0683870967741935,99.3802741935484,257.82396774193546,83.99032258064517,65.32,20446.945161290325,1.63,269.37103225806453,4173.85,18.81,34382.13
2021-05-17,5.851612903225806,0.0703225806451613,99.42494516129032,258.3778064516129,84.24193548387098,66.24,20451.570967741936,1.64,269.59419354838707,4163.29,19.72,34327.79
2021-05-18,5.854838709677419,0.0709677419354838,99.43983548387097,258.5624193548387,84.3258064516129,65.49,20453.112903225807,1.64,269.6685806451613,4127.83,21.34,34060.66
2021-05-19,5.858064516129033,0.0716129032258064,99.45472580645162,258.7470322580645,84.40967741935484,63.28,20454.65483870968,1.68,269.74296774193544,4115.68,22.18,33896.04
2021-05-20,5.861290322580645,0.072258064516129,99.46961612903226,258.9316451612903,84.49354838709678,61.95,20456.196774193548,1.63,269.81735483870966,4159.12,20.67,34084.15
2021-05-21,5.864516129032258,0.0729032258064516,99.4845064516129,259.1162580645161,84.57741935483871,63.61,20457.738709677426,1.63,269.8917419354839,4155.86,20.15,34207.84
2021-05-24,5.874193548387097,0.0748387096774193,99.52917741935484,259.67009677419355,84.82903225806452,66.13,20462.36451612904,1.61,270.1149032258064,4197.05,18.4,34393.98
2021-05-25,5.87741935483871,0.0754838709677419,99.54406774193548,259.8547096774193,84.91290322580645,66.27,20463.906451612904,1.56,270.18929032258063,4188.13,18.84,34312.46
2021-05-26,5.880645161290323,0.0761290322580645,99.55895806451612,260.03932258064515,84.99677419354839,66.41,20465.44838709677,1.58,270.26367741935485,4195.99,17.36,34323.05
2021-05-27,5.883870967741935,0.0767741935483871,99.57384838709676,260.22393548387095,85.08064516129032,66.87,20466.990322580645,1.61,270.338064516129,4200.88,16.74,34464.64
2021-05-28,5.887096774193549,0.0774193548387096,99.58873870967744,260.40854838709674,85.16451612903226,66.31,20468.532258064515,1.58,270.4124516129032,4204.11,16.76,34529.45
2021-05-31,5.896774193548388,0.0793548387096774,99.63340967741937,260.9623870967742,85.41612903225807,67.4275,20473.15806451613,1.61,270.63561290322576,4202.5575,17.615,34563.845
2021-06-01,5.9,0.08,99.6483,261.147,85.5,67.8,20474.7,1.62,270.71,4202.04,17.9,34575.31
2021-06-02,5.883333333333334,0.0806666666666666,99.66225,261.2915,85.35666666666667,68.79,20479.833333333336,1.59,270.7518333333333,4208.12,17.48,34600.38
2021-06-03,5.866666666666667,0.0813333333333333,99.6762,261.436,85.21333333333334,68.81,20484.966666666667,1.63,270.79366666666664,4192.85,18.04,34577.04
2021-06-04,5.8500000000000005,0.082,99.69015,261.5805,85.07,69.57,20490.1,1.56,270.8355,4229.89,16.42,34756.39
2021-06-07,5.800000000000001,0.084,99.732,262.014,84.64,69.21,20505.5,1.57,270.961,4226.52,16.42,34630.24
2021-06-08,5.783333333333334,0.0846666666666666,99.74595,262.1585,84.49666666666667,70.11,20510.63333333333,1.53,271.0028333333333,4227.26,17.07,34599.82
2021-06-09,5.766666666666667,0.0853333333333333,99.7599,262.303,84.35333333333334,69.9,20515.766666666663,1.5,271.04466666666667,4219.55,17.89,34447.14
2021-06-10,5.75,0.086,99.77385,262.4475,84.21000000000001,70.34,20520.9,1.45,271.0865,4239.18,16.1,34466.24
2021-06-11,5.733333333333333,0.0866666666666666,99.7878,262.592,84.06666666666666,71.0,20526.033333333333,1.47,271.12833333333333,4247.44,15.65,34479.6
2021-06-14,5.683333333333334,0.0886666666666666,99.82965,263.0255,83.63666666666667,70.94,20541.43333333333,1.51,271.2538333333333,4255.15,16.39,34393.75
2021-06-15,5.666666666666667,0.0893333333333333,99.8436,263.17,83.49333333333334,72.06,20546.566666666666,1.51,271.29566666666665,4246.59,17.02,34299.33
2021-06-16,5.65,0.09,99.85755,263.3145,83.35,72.03,20551.7,1.57,271.3375,4223.7,18.15,34033.67
2021-06-17,5.633333333333334,0.0906666666666666,99.8715,263.459,83.20666666666666,71.06,20556.833333333336,1.52,271.3793333333333,4221.86,17.75,33823.45
2021-06-18,5.616666666666667,0.0913333333333333,99.88545,263.6035,83.06333333333333,71.64,20561.966666666667,1.45,271.42116666666664,4166.45,20.7,33290.08
2021-06-21,5.566666666666667,0.0933333333333333,99.9273,264.03700000000003,82.63333333333334,73.64,20577.36666666667,1.5,271.5466666666666,4224.79,17.89,33876.97
2021-06-22,5.550000000000001,0.094,99.94125,264.1815,82.49000000000001,73.15,20582.5,1.48,271.58849999999995,4246.44,16.66,33945.58
2021-06-23,5.533333333333334,0.0946666666666666,99.9552,264.326,82.34666666666666,73.11,20587.63333333333,1.5,271.6303333333333,4241.84,16.32,33874.24
2021-06-24,5.516666666666668,0.0953333333333333,99.96915,264.4705,82.20333333333333,73.31,20592.766666666663,1.49,271.67216666666667,4266.49,15.97,34196.82
2021-06-25,5.5,0.096,99.9831,264.615,82.06,74.21,20597.9,1.54,271.714,4280.7,15.62,34433.84
2021-06-28,5.45,0.098,100.02495,265.04850000000005,81.63000000000001,72.98,20613.3,1.49,271.8395,4290.61,15.76,34283.27
2021-06-29,5.433333333333334,0.0986666666666666,100.0389,265.19300000000004,81.48666666666666,73.14,20618.43333333333,1.49,271.8813333333333,4291.8,16.02,34292.29
2021-06-30,5.416666666666667,0.0993333333333333,100.05285,265.33750000000003,81.34333333333333,73.52,20623.566666666666,1.45,271.92316666666665,4297.5,15.83,34502.51
2021-07-01,5.4,0.1,100.0668,265.482,81.2,75.33,20628.7,1.48,271.965,4319.94,15.48,34633.53
2021-07-02,5.390322580645162,0.0996774193548387,100.0659741935484,265.5876129032258,80.84838709677419,75.37,20634.58064516129,1.44,271.99038709677416,4352.34,15.07,34786.35
2021-07-05,5.361290322580645,0.0987096774193548,100.06349677419357,265.90445161290324,79.79354838709678,74.0575,20652.22258064516,1.3875000000000002,272.0665483870968,4345.74,16.0975,34629.615000000005
2021-07-06,5.351612903225806,0.0983870967741935,100.06267096774194,266.01006451612903,79.44193548387096,73.62,20658.10322580645,1.37,272.09193548387094,4343.54,16.44,34577.37
2021-07-07,5.341935483870968,0.0980645161290322,100.06184516129032,266.1156774193549,79.09032258064516,72.22,20663.983870967742,1.33,272.1173225806451,4358.13,16.2,34681.79
2021-07-08,5.332258064516129,0.0977419354838709,100.0610193548387,266.22129032258067,78.73870967741935,72.98,20669.86451612904,1.3,272.14270967741936,4320.82,19.0,34421.93
2021-07-09,5.322580645161291,0.0974193548387096,100.0601935483871,266.32690322580646,78.38709677419355,74.56,20675.745161290324,1.37,272.16809677419354,4369.55,16.18,34870.16
2021-07-12,5.293548387096775,0.0964516129032258,100.05771612903226,266.6437419354839,77.33225806451613,74.21,20693.3870967742,1.38,272.2442580645161,4384.63,16.17,34996.18
2021-07-13,5.283870967741936,0.0961290322580645,100.05689032258064,266.7493548387097,76.98064516129033,75.24,20699.267741935484,1.42,272.2696451612903,4369.21,17.12,34888.79
2021-07-14,5.274193548387097,0.0958064516129032,100.05606451612904,266.85496774193547,76.62903225806451,73.06,20705.14838709677,1.37,272.2950322580645,4374.3,16.33,34933.23
2021-07-15,5.264516129032258,0.0954838709677419,100.05523870967744,266.9605806451613,76.27741935483871,71.67,20711.029032258062,1.31,272.3204193548387,4360.03,17.01,34987.02
2021-07-16,5.254838709677419,0.0951612903225806,100.0544129032258,267.0661935483871,75.9258064516129,71.76,20716.90967741936,1.31,272.3458064516129,4327.16,18.45,34687.85
2021-07-19,5.225806451612903,0.0941935483870967,100.05193548387096,267.38303225806453,74.87096774193549,66.45,20734.551612903226,1.19,272.4219677419355,4258.49,22.5,33962.04
2021-07-20,5.216129032258064,0.0938709677419354,100.05110967741936,267.4886451612903,74.51935483870967,67.32,20740.43225806452,1.23,272.44735483870966,4323.06,19.73,34511.99
2021-07-21,5.2064516129032254,0.0935483870967742,100.05028387096776,267.5942580645161,74.16774193548387,70.26,20746.312903225808,1.3,272.4727419354839,4358.69,17.91,34798.0
2021-07-22,5.196774193548387,0.0932258064516129,100.04945806451612,267.6998709677419,73.81612903225806,72.15,20752.1935483871,1.27,272.4981290322581,4367.48,17.69,34823.35
2021-07-23,5.187096774193548,0.0929032258064516,100.04863225806452,267.80548387096775,73.46451612903226,72.24,20758.074193548386,1.3,272.52351612903226,4411.79,17.2,35061.55
2021-07-26,5.158064516129032,0.0919354838709677,100.04615483870968,268.1223225806451,72.40967741935484,72.15,20775.71612903226,1.29,272.59967741935486,4422.3,17.58,35144.31
2021-07-27,5.148387096774194,0.0916129032258064,100.04532903225808,268.22793548387097,72.05806451612904,71.68,20781.59677419355,1.25,272.62506451612904,4401.46,19.36,35058.52
2021-07-28,5.138709677419355,0.0912903225806451,100.04450322580644,268.3335483870968,71.70645161290322,72.37,20787.47741935484,1.26,272.6504516129032,4400.64,18.31,34930.93
2021-07-29,5.129032258064516,0.0909677419354838,100.04367741935484,268.43916129032255,71.35483870967741,73.62,20793.358064516127,1.28,272.6758387096774,4419.15,17.7,35084.53
2021-07-30,5.119354838709677,0.0906451612903225,100.04285161290323,268.54477419354834,71.00322580645161,73.93,20799.23870967742,1.24,272.70122580645165,4395.26,18.24,34935.47
2021-08-02,5.087096774193548,0.0896774193548387,100.00746774193549,268.84151612903224,70.38064516129032,71.31,20816.406451612904,1.2,272.7903870967742,4387.16,19.46,34838.16
2021-08-03,5.074193548387097,0.0893548387096774,99.97373548387095,268.9270322580645,70.46129032258064,70.64,20821.812903225808,1.19,272.8287741935484,4423.15,18.04,35116.4
2021-08-04,5.0612903225806445,0.0890322580645161,99.94000322580644,269.0125483870968,70.54193548387096,68.19,20827.21935483871,1.19,272.8671612903226,4402.66,17.97,34792.67
2021-08-05,5.048387096774193,0.0887096774193548,99.90627096774196,269.098064516129,70.62258064516129,69.1,20832.62580645161,1.23,272.9055483870968,4429.1,17.28,35064.25
2021-08-06,5.035483870967742,0.0883870967741935,99.87253870967744,269.18358064516127,70.70322580645161,68.26,20838.032258064515,1.31,272.943935483871,4436.52,16.15,35208.51
2021-08-09,4.9967741935483865,0.0874193548387096,99.77134193548387,269.440129032258,70.94516129032257,66.56,20854.251612903223,1.33,273.0590967741936,4432.35,16.72,35101.85
2021-08-10,4.983870967741935,0.0870967741935483,99.73760967741936,269.5256451612903,71.0258064516129,68.33,20859.65806451613,1.36,273.0974838709678,4436.75,16.79,35264.67
2021-08-11,4.970967741935484,0.0867741935483871,99.70387741935484,269.61116129032257,71.10645161290323,69.3,20865.06451612903,1.35,273.13587096774194,4447.7,16.06,35484.97
2021-08-12,4.958064516129032,0.0864516129032258,99.67014516129032,269.69667741935484,71.18709677419355,69.12,20870.47096774193,1.36,273.1742580645161,4460.83,15.59,35499.85
2021-08-13,4.945161290322581,0.0861290322580645,99.63641290322582,269.78219354838706,71.26774193548387,68.36,20875.87741935484,1.29,273.2126451612903,4468.0,15.45,35515.38
2021-08-16,4.906451612903226,0.0851612903225806,99.53521612903226,270.03874193548387,71.50967741935483,67.44,20892.09677419355,1.26,273.3278064516129,4479.71,16.12,35625.4
2021-08-17,4.893548387096774,0.0848387096774193,99.50148387096776,270.1242580645161,71.59032258064516,66.5,20897.50322580645,1.26,273.3661935483871,4448.08,17.91,35343.28
2021-08-18,4.880645161290323,0.084516129032258,99.46775161290324,270.2097741935484,71.67096774193548,65.36,20902.90967741936,1.27,273.4045806451613,4400.27,21.57,34960.69
2021-08-19,4.867741935483871,0.0841935483870967,99.43401935483872,270.2952903225806,71.7516129032258,63.69,20908.316129032257,1.24,273.4429677419355,4405.8,21.67,34894.12
2021-08-20,4.854838709677419,0.0838709677419354,99.4002870967742,270.3808064516129,71.83225806451613,62.25,20913.72258064516,1.26,273.4813548387097,4441.67,18.56,35120.08
2021-08-23,4.816129032258065,0.0829032258064516,99.29909032258064,270.63735483870965,72.0741935483871,65.65,20929.94193548387,1.25,273.59651612903224,4479.53,17.15,35335.71
2021-08-24,4.803225806451613,0.0825806451612903,99.26535806451614,270.7228709677419,72.15483870967742,67.5,20935.34838709677,1.29,273.63490322580645,4486.23,17.22,35366.26
2021-08-25,4.790322580645161,0.082258064516129,99.23162580645162,270.8083870967742,72.23548387096774,68.54,20940.75483870968,1.35,273.67329032258067,4496.19,16.79,35405.5
2021-08-26,4.77741935483871,0.0819354838709677,99.1978935483871,270.8939032258064,72.31612903225806,67.42,20946.16129032258,1.34,273.7116774193548,4470.0,18.84,35213.12
2021-08-27,4.764516129032258,0.0816129032258064,99.16416129032258,270.9794193548387,72.39677419354838,68.84,20951.567741935483,1.31,273.75006451612904,4509.37,16.39,35455.8
2021-08-30,4.725806451612903,0.0806451612903225,99.06296451612904,271.23596774193544,72.63870967741936,69.28,20967.78709677419,1.29,273.86522580645163,4528.79,16.19,35399.84
2021-08-31,4.712903225806452,0.0803225806451612,99.02923225806452,271.3214838709677,72.71935483870968,68.43,20973.19354838709,1.3,273.9036129032258,4522.68,16.48,35360.73
2021-09-01,4.7,0.08,98.9955,271.407,72.8,68.63,20978.6,1.31,273.942,4524.09,16.11,35312.53
2021-09-02,4.693333333333333,0.08,99.04079,271.4805666666667,72.76333333333334,70.07,20984.076666666664,1.29,274.0282,4536.95,16.41,35443.82
2021-09-03,4.6866666666666665,0.08,99.08608,271.5541333333333,72.72666666666666,69.34,20989.553333333333,1.33,274.1144,4535.43,16.41,35369.09
2021-09-06,4.666666666666667,0.08,99.22195,271.77483333333333,72.61666666666666,68.7025,21005.983333333334,1.3675,274.373,4523.88,17.7075,35167.2725
2021-09-07,4.66,0.08,99.26724,271.8484,72.58,68.49,21011.46,1.38,274.4592,4520.03,18.14,35100.0
2021-09-08,4.653333333333333,0.08,99.31253,271.92196666666666,72.54333333333334,69.36,21016.936666666665,1.35,274.54540000000003,4514.07,17.96,35031.07
2021-09-09,4.6466666666666665,0.08,99.35782,271.99553333333336,72.50666666666666,68.26,21022.41333333333,1.3,274.6316,4493.28,18.8,34879.38
2021-09-10,4.640000000000001,0.08,99.40311,272.0691,72.47,69.82,21027.89,1.35,274.7178,4458.58,20.95,34607.72
2021-09-13,4.62,0.08,99.53898,272.2898,72.36,70.54,21044.32,1.33,274.9764,4468.73,19.37,34869.63
2021-09-14,4.613333333333333,0.08,99.58427,272.36336666666665,72.32333333333334,70.53,21049.796666666665,1.28,275.06260000000003,4443.05,19.46,34577.57
2021-09-15,4.6066666666666665,0.08,99.62956,272.43693333333334,72.28666666666666,72.59,21055.27333333333,1.31,275.1488,4480.7,18.18,34814.39
2021-09-16,4.6,0.08,99.67485,272.5105,72.25,72.69,21060.75,1.34,275.235,4473.75,18.69,34751.32
2021-09-17,4.593333333333334,0.08,99.72014,272.5840666666667,72.21333333333334,72.09,21066.226666666666,1.37,275.32120000000003,4432.99,20.81,34584.88
2021-09-20,4.573333333333333,0.08,99.85601,272.8047666666667,72.10333333333334,70.41,21082.656666666662,1.31,275.57980000000003,4357.73,25.71,33970.47
2021-09-21,4.566666666666666,0.08,99.9013,272.87833333333333,72.06666666666666,70.51,21088.13333333333,1.33,275.666,4354.19,24.36,33919.84
2021-09-22,4.5600000000000005,0.08,99.94659,272.9519,72.03,72.37,21093.61,1.32,275.7522,4395.64,20.87,34258.32
2021-09-23,4.553333333333334,0.08,99.99188,273.02546666666666,71.99333333333334,73.43,21099.086666666662,1.41,275.83840000000004,4448.98,18.63,34764.82
2021-09-24,4.546666666666667,0.08,100.03717,273.0990333333333,71.95666666666666,74.18,21104.56333333333,1.47,275.9246,4455.48,17.75,34798.0
2021-09-27,4.526666666666666,0.08,100.17304,273.3197333333334,71.84666666666666,75.54,21120.993333333336,1.48,276.1832,4443.11,18.76,34869.37
2021-09-28,4.52,0.08,100.21833,273.3933,71.81,75.44,21126.47,1.54,276.2694,4352.63,23.25,34299.99
2021-09-29,4.513333333333334,0.08,100.26362,273.4668666666667,71.77333333333334,75.06,21131.946666666667,1.55,276.35560000000004,4359.46,22.56,34390.72
2021-09-30,4.506666666666667,0.08,100.30891,273.54043333333334,71.73666666666666,75.22,21137.423333333336,1.52,276.4418,4307.54,23.14,33843.92
2021-10-01,4.5,0.08,100.3542,273.61400000000003,71.7,76.01,21142.9,1.48,276.528,4357.04,21.15,34326.46
2021-10-04,4.470967741935484,0.08,100.44267096774196,273.84306451612906,71.28387096774193,77.68,21159.71935483871,1.49,276.7501935483872,4300.46,22.96,34002.92
2021-10-05,4.461290322580645,0.08,100.4721612903226,273.91941935483874,71.14516129032259,79.17,21165.325806451616,1.54,276.82425806451613,4345.72,21.3,34314.67
2021-10-06,4.451612903225806,0.08,100.50165161290325,273.9957741935484,71.00645161290323,77.66,21170.93225806452,1.53,276.8983225806452,4363.55,21.0,34416.99
2021-10-07,4.441935483870968,0.08,100.53114193548387,274.0721290322581,70.86774193548388,78.46,21176.53870967742,1.58,276.9723870967742,4399.76,19.54,34754.94
2021-10-08,4.432258064516129,0.08,100.56063225806452,274.14848387096777,70.72903225806452,79.55,21182.14516129033,1.61,277.04645161290324,4391.34,18.77,34746.25
2021-10-11,4.403225806451613,0.08,100.64910322580646,274.3775483870968,70.31290322580645,80.64,21198.964516129032,1.5950000000000002,277.26864516129035,4361.19,20.0,34496.06
2021-10-12,4.393548387096774,0.08,100.6785935483871,274.45390322580647,70.1741935483871,80.75,21204.570967741936,1.59,277.3427096774193,4350.65,19.85,34378.34
2021-10-13,4.383870967741935,0.08,100.70808387096774,274.53025806451615,70.03548387096775,80.67,21210.17741935484,1.56,277.4167741935484,4363.8,18.64,34377.81
2021-10-14,4.374193548387097,0.08,100.7375741935484,274.6066129032258,69.8967741935484,81.43,21215.78387096774,1.52,277.49083870967746,4438.26,16.86,34912.56
2021-10-15,4.364516129032258,0.08,100.76706451612904,274.6829677419355,69.75806451612904,82.39,21221.39032258065,1.59,277.56490322580646,4471.37,16.3,35294.76
2021-10-18,4.335483870967742,0.08,100.85553548387097,274.9120322580645,69.34193548387097,82.62,21238.20967741936,1.59,277.7870967741936,4486.46,16.31,35258.61
2021-10-19,4.325806451612904,0.08,100.8850258064516,274.9883870967742,69.20322580645161,83.19,21243.81612903226,1.65,277.86116129032257,4519.63,15.7,35457.31
2021-10-20,4.316129032258065,0.08,100.91451612903226,275.0647419354839,69.06451612903226,84.4,21249.42258064516,1.65,277.9352258064516,4536.19,15.49,35609.34
2021-10-21,4.306451612903226,0.08,100.9440064516129,275.1410967741936,68.92580645161291,82.64,21255.029032258062,1.68,278.0092903225807,4549.78,15.01,35603.08
2021-10-22,4.296774193548387,0.08,100.97349677419356,275.21745161290323,68.78709677419356,84.53,21260.63548387097,1.66,278.0833548387097,4544.9,15.43,35677.02
2021-10-25,4.267741935483871,0.08,101.06196774193548,275.44651612903226,68.37096774193549,84.64,21277.45483870968,1.64,278.3055483870968,4566.48,15.24,35741.15
2021-10-26,4.258064516129032,0.08,101.09145806451612,275.52287096774194,68.23225806451613,85.64,21283.06129032258,1.63,278.37961290322585,4574.79,15.98,35756.88
2021-10-27,4.248387096774194,0.08,101.12094838709676,275.5992258064516,68.09354838709677,82.66,21288.66774193549,1.54,278.45367741935485,4551.68,16.98,35490.69
2021-10-28,4.238709677419355,0.08,101.15043870967742,275.6755806451613,67.95483870967742,82.78,21294.274193548383,1.57,278.5277419354839,4596.42,16.53,35730.48
2021-10-29,4.2290322580645165,0.08,101.17992903225806,275.75193548387097,67.81612903225808,83.5,21299.88064516129,1.55,278.6018064516129,4605.38,16.26,35819.56
2021-11-01,4.2,0.08,101.2684,275.981,67.4,84.08,21316.7,1.58,278.824,4613.67,16.41,35913.84
2021-11-02,4.19,0.08,101.26594666666666,276.0668,67.50666666666667,83.91,21321.84,1.56,278.89006666666666,4630.65,16.03,36052.63
2021-11-03,4.18,0.08,101.26349333333332,276.1526,67.61333333333334,80.82,21326.98,1.6,278.95613333333336,4660.57,15.1,36157.58
2021-11-04,4.17,0.08,101.26104,276.2384,67.72,78.88,21332.120000000003,1.53,279.0222,4680.06,15.44,36124.23
2021-11-05,4.16,0.08,101.25858666666667,276.3242,67.82666666666667,81.25,21337.26,1.45,279.0882666666667,4697.53,16.48,36327.95
2021-11-08,4.13,0.08,101.25122666666668,276.5816,68.14666666666668,81.96,21352.68,1.51,279.2864666666667,4701.7,17.22,36432.22
2021-11-09,4.12,0.08,101.24877333333332,276.6674,68.25333333333333,84.12,21357.82,1.46,279.3525333333333,4685.25,17.78,36319.98
2021-11-10,4.11,0.08,101.24632,276.7532,68.36,81.23,21362.96,1.56,279.4186,4646.71,18.73,36079.94
2021-11-11,4.1,0.08,101.24386666666666,276.839,68.46666666666667,81.47,21368.1,1.57,279.48466666666667,4649.27,17.66,35921.23
2021-11-12,4.09,0.08,101.24141333333333,276.9248,68.57333333333334,80.87,21373.24,1.58,279.5507333333333,4682.85,16.29,36100.31
2021-11-15,4.0600000000000005,0.08,101.23405333333334,277.1822,68.89333333333333,80.85,21388.66,1.63,279.7489333333333,4682.8,16.49,36087.45
2021-11-16,4.05,0.08,101.2316,277.26800000000003,69.0,80.76,21393.800000000003,1.63,279.815,4700.9,16.37,36142.22
2021-11-17,4.04,0.08,101.22914666666668,277.3538,69.10666666666667,78.32,21398.94,1.6,279.88106666666664,4688.67,17.11,35931.05
2021-11-18,4.03,0.08,101.22669333333332,277.4396,69.21333333333334,78.92,21404.08,1.59,279.94713333333334,4704.54,17.59,35870.95
2021-11-19,4.02,0.08,101.22424,277.5254,69.32,76.11,21409.22,1.54,280.0132,4697.96,17.91,35601.98
2021-11-22,3.99,0.08,101.21688,277.7828,69.64,76.74,21424.64,1.63,280.2114,4682.94,19.17,35619.25
2021-11-23,3.98,0.08,101.21442666666668,277.8686,69.74666666666667,78.32,21429.78,1.67,280.27746666666667,4690.7,19.38,35813.8
2021-11-24,3.97,0.08,101.21197333333332,277.9544,69.85333333333332,78.32,21434.92,1.64,280.3435333333333,4701.46,18.58,35804.38
2021-11-25,3.96,0.08,101.20952,278.0402,69.96,76.63199999999999,21440.06,1.56,280.4096,4648.04,23.6,35351.86
2021-11-26,3.95,0.08,101.20706666666666,278.126,70.06666666666666,74.94399999999999,21445.2,1.48,280.47566666666665,4594.62,28.62,34899.34
2021-11-29,3.92,0.08,101.19970666666669,278.3834,70.38666666666666,69.88,21460.620000000003,1.52,280.67386666666664,4655.27,22.96,35135.94
2021-11-30,3.91,0.08,101.19725333333334,278.4692,70.49333333333333,66.14,21465.76,1.43,280.73993333333334,4567.0,27.19,34483.72
2021-12-01,3.9,0.08,101.1948,278.555,70.6,65.44,21470.9,1.43,280.806,4513.04,31.12,34022.04
2021-12-02,3.903225806451613,0.08,101.19543870967742,278.663935483871,70.49032258064516,66.6,21474.60967741936,1.44,280.862,4577.1,27.95,34639.79
2021-12-03,3.9064516129032256,0.08,101.19607741935484,278.77287096774194,70.38064516129032,66.39,21478.31935483871,1.35,280.918,4538.43,30.67,34580.08
2021-12-06,3.916129032258064,0.08,101.1979935483871,279.09967741935486,70.0516129032258,69.62,21489.44838709677,1.43,281.086,4591.67,27.18,35227.03
2021-12-07,3.9193548387096775,0.08,101.19863225806452,279.2086129032258,69.94193548387096,71.94,21493.15806451613,1.48,281.142,4686.75,21.89,35719.43
2021-12-08,3.92258064516129,0.08,101.19927096774194,279.3175483870968,69.83225806451613,72.43,21496.867741935486,1.52,281.198,4701.21,19.9,35754.75
2021-12-09,3.925806451612903,0.08,101.19990967741936,279.42648387096773,69.72258064516129,70.87,21500.57741935484,1.49,281.254,4667.45,21.58,35754.69
2021-12-10,3.929032258064516,0.08,101.20054838709676,279.5354193548387,69.61290322580645,71.71,21504.287096774195,1.48,281.31,4712.02,18.69,35970.99
2021-12-13,3.938709677419354,0.08,101.20246451612904,279.86222580645165,69.28387096774193,71.19,21515.41612903226,1.42,281.47799999999995,4668.97,20.31,35650.95
2021-12-14,3.941935483870968,0.08,101.20310322580646,279.9711612903226,69.1741935483871,70.57,21519.12580645161,1.44,281.534,4634.09,21.89,35544.18
2021-12-15,3.945161290322581,0.08,101.20374193548388,280.0800967741936,69.06451612903226,70.89,21522.835483870967,1.47,281.59,4709.85,19.29,35927.43
2021-12-16,3.9483870967741934,0.08,101.2043806451613,280.1890322580645,68.95483870967742,72.34,21526.545161290323,1.44,281.646,4668.67,20.57,35897.64
2021-12-17,3.951612903225808,0.08,101.20501935483873,280.2979677419355,68.84516129032258,70.93,21530.25483870968,1.41,281.702,4620.64,21.57,35365.44
2021-12-20,3.961290322580645,0.08,101.20693548387096,280.6247741935484,68.51612903225806,68.69,21541.383870967744,1.43,281.87,4568.02,22.87,34932.16
2021-12-21,3.964516129032258,0.08,101.2075741935484,280.73370967741937,68.40645161290323,71.1,21545.0935483871,1.48,281.926,4649.23,21.01,35492.7
2021-12-22,3.967741935483871,0.08,101.2082129032258,280.8426451612904,68.29677419354839,72.82,21548.80322580645,1.46,281.982,4696.56,18.63,35753.89
2021-12-23,3.970967741935484,0.08,101.20885161290325,280.9515806451613,68.18709677419355,73.89,21552.51290322581,1.5,282.03799999999995,4725.79,17.96,35950.56
2021-12-24,3.9741935483870967,0.08,101.20949032258063,281.0605161290323,68.07741935483871,74.28999999999999,21556.222580645164,1.495,282.094,4742.139999999999,17.89,36038.515
2021-12-27,3.983870967741936,0.08,101.2114064516129,281.3873225806452,67.7483870967742,75.49,21567.35161290323,1.48,282.262,4791.19,17.68,36302.38
2021-12-28,3.987096774193549,0.08,101.21204516129032,281.49625806451616,67.63870967741936,76.01,21571.06129032258,1.49,282.318,4786.35,17.54,36398.21
2021-12-29,3.990322580645161,0.08,101.21268387096777,281.6051935483871,67.52903225806452,76.58,21574.770967741937,1.55,282.374,4793.06,16.95,36488.63
2021-12-30,3.9935483870967743,0.08,101.21332258064515,281.7141290322581,67.41935483870968,76.83,21578.480645161293,1.52,282.42999999999995,4778.73,17.33,36398.08
2021-12-31,3.996774193548387,0.08,101.2139612903226,281.823064516129,67.30967741935484,75.33,21582.190322580645,1.52,282.486,4766.18,17.22,36338.3
2022-01-03,3.987096774193549,0.08,101.25532258064516,282.2687741935484,66.91612903225807,75.99,21592.24193548387,1.63,282.6699354838709,4796.56,16.6,36585.06
2022-01-04,3.9806451612903215,0.08,101.27568387096774,282.4371612903226,66.7741935483871,77.0,21595.41290322581,1.66,282.73390322580644,4793.54,16.91,36799.65
2022-01-05,3.9741935483870967,0.08,101.29604516129032,282.6055483870968,66.63225806451614,77.83,21598.583870967745,1.71,282.7978709677419,4700.58,19.73,36407.11
2022-01-06,3.967741935483871,0.08,101.3164064516129,282.77393548387096,66.49032258064517,79.47,21601.75483870968,1.73,282.8618387096774,4696.05,19.61,36236.47
2022-01-07,3.961290322580645,0.08,101.33676774193547,282.9423225806452,66.34838709677419,79.0,21604.92580645161,1.76,282.92580645161286,4677.03,18.76,36231.66
2022-01-10,3.941935483870968,0.08,101.39785161290322,283.44748387096774,65.92258064516129,78.11,21614.43870967742,1.78,283.1177096774193,4670.29,19.4,36068.87
2022-01-11,3.935483870967742,0.08,101.4182129032258,283.615870967742,65.78064516129032,81.17,21617.60967741936,1.75,283.1816774193548,4713.07,18.41,36252.02
2022-01-12,3.929032258064516,0.08,101.4385741935484,283.7842580645161,65.63870967741936,82.51,21620.78064516129,1.74,283.24564516129027,4726.35,17.62,36290.32
2022-01-13,3.92258064516129,0.08,101.45893548387096,283.9526451612903,65.49677419354839,81.97,21623.951612903227,1.7,283.3096129032258,4659.03,20.31,36113.62
2022-01-14,3.916129032258064,0.08,101.47929677419354,284.12103225806453,65.35483870967742,83.82,21627.12258064516,1.78,283.37358064516127,4662.85,19.19,35911.81
2022-01-17,3.896774193548387,0.08,101.54038064516128,284.6261935483871,64.92903225806451,85.02,21636.63548387097,1.8475,283.56548387096774,4598.545,21.89,35504.305
2022-01-18,3.890322580645161,0.08,101.56074193548388,284.7945806451613,64.78709677419354,85.42,21639.806451612905,1.87,283.6294516129032,4577.11,22.79,35368.47
2022-01-19,3.883870967741936,0.08,101.58110322580646,284.9629677419355,64.64516129032258,86.84,21642.97741935484,1.83,283.6934193548387,4532.76,23.85,35028.65
2022-01-20,3.8774193548387097,0.08,101.60146451612904,285.1313548387097,64.50322580645161,86.29,21646.14838709677,1.83,283.7573870967741,4482.73,25.59,34715.39
2022-01-21,3.870967741935484,0.08,101.6218258064516,285.2997419354839,64.36129032258064,85.16,21649.31935483871,1.75,283.8213548387097,4397.94,28.85,34265.37
2022-01-24,3.8516129032258064,0.08,101.68290967741936,285.80490322580647,63.935483870967744,84.48,21658.83225806452,1.75,284.0132580645161,4410.13,29.9,34364.5
2022-01-25,3.8451612903225807,0.08,101.70327096774191,285.9732903225806,63.79354838709677,86.61,21662.003225806453,1.78,284.0772258064516,4356.45,31.16,34297.73
2022-01-26,3.8387096774193545,0.08,101.72363225806453,286.14167741935483,63.65161290322581,88.33,21665.174193548388,1.85,284.1411935483871,4349.93,31.96,34168.09
2022-01-27,3.832258064516129,0.08,101.7439935483871,286.31006451612905,63.50967741935484,87.61,21668.345161290323,1.81,284.20516129032256,4326.51,30.49,34160.78
2022-01-28,3.825806451612903,0.08,101.76435483870968,286.4784516129032,63.36774193548387,87.67,21671.516129032258,1.78,284.26912903225804,4431.85,27.66,34725.47
2022-01-31,3.8064516129032255,0.08,101.8254387096774,286.9836129032258,62.94193548387096,89.16,21681.029032258062,1.79,284.4610322580645,4515.55,24.83,35131.86
2022-02-01,3.8,0.08,101.8458,287.152,62.8,88.22,21684.2,1.81,284.525,4546.54,21.96,35405.24
2022-02-02,3.7964285714285713,0.0842857142857142,101.87535,287.4305,62.67857142857142,88.16,21685.507142857143,1.78,284.6300714285714,4589.38,22.09,35629.33
2022-02-03,3.792857142857143,0.0885714285714285,101.9049,287.709,62.55714285714286,90.17,21686.814285714285,1.82,284.7351428571428,4477.44,24.35,35111.16
2022-02-04,3.789285714285714,0.0928571428571428,101.93445,287.9875,62.43571428571428,92.27,21688.12142857143,1.93,284.84021428571424,4500.53,23.22,35089.74
2022-02-07,3.778571428571429,0.1057142857142857,102.0231,288.823,62.07142857142857,91.25,21692.042857142857,1.92,285.15542857142856,4483.87,22.86,35091.13
2022-02-08,3.775,0.11,102.05265,289.1015,61.95,89.32,21693.35,1.96,285.2605,4521.54,21.44,35462.78
2022-02-09,3.7714285714285714,0.1142857142857143,102.0822,289.38,61.82857142857143,89.57,21694.657142857144,1.94,285.3655714285714,4587.18,19.96,35768.06
2022-02-10,3.767857142857143,0.1185714285714285,102.11175,289.6585,61.707142857142856,89.83,21695.964285714286,2.03,285.4706428571428,4504.08,23.91,35241.59
2022-02-11,3.764285714285714,0.1228571428571428,102.1413,289.937,61.58571428571428,93.1,21697.27142857143,1.92,285.57571428571424,4418.64,27.36,34738.06
2022-02-14,3.753571428571429,0.1357142857142857,102.22995,290.7725,61.22142857142857,95.52,21701.19285714285,1.98,285.89092857142856,4401.67,28.33,34566.17
2022-02-15,3.75,0.14,102.2595,291.051,61.1,92.07,21702.5,2.05,285.996,4471.07,25.7,34988.84
2022-02-16,3.746428571428571,0.1442857142857143,102.28905,291.3295,60.97857142857143,93.83,21703.807142857146,2.03,286.1010714285714,4475.01,24.29,34934.27
2022-02-17,3.742857142857143,0.1485714285714285,102.3186,291.608,60.85714285714285,91.78,21705.114285714284,1.97,286.2061428571428,4380.26,28.11,34312.03
2022-02-18,3.7392857142857134,0.1528571428571428,102.34815,291.8865,60.73571428571428,91.26,21706.42142857143,1.92,286.31121428571424,4348.87,27.75,34079.18
2022-02-21,3.7285714285714286,0.1657142857142857,102.4368,292.722,60.37142857142857,91.8975,21710.342857142856,1.935,286.62642857142856,4315.7875,28.545,33717.2525
2022-02-22,3.725,0.17,102.46635,293.0005,60.25,92.11,21711.65,1.94,286.7315,4304.76,28.81,33596.61
2022-02-23,3.721428571428572,0.1742857142857143,102.4959,293.279,60.12857142857143,92.14,21712.957142857143,1.99,286.8365714285714,4225.5,31.02,33131.76
2022-02-24,3.717857142857143,0.1785714285714285,102.52545,293.5575,60.00714285714285,92.77,21714.26428571429,1.96,286.9416428571428,4288.7,30.32,33223.83
2022-02-25,3.7142857142857135,0.1828571428571428,102.555,293.836,59.885714285714286,91.68,21715.571428571428,1.97,287.04671428571424,4384.65,27.59,34058.75
2022-02-28,3.7035714285714287,0.1957142857142857,102.64365,294.6715,59.52142857142857,96.13,21719.492857142857,1.83,287.36192857142856,4373.94,30.15,33892.6
2022-03-01,3.7,0.2,102.6732,294.95,59.4,103.66,21720.8,1.72,287.467,4306.26,33.32,33294.95
2022-03-02,3.7,0.2041935483870967,102.6805935483871,295.16364516129033,59.58709677419355,110.74,21721.729032258063,1.86,287.5029677419355,4386.54,30.74,33891.35
2022-03-03,3.7,0.2083870967741935,102.6879870967742,295.3772903225806,59.774193548387096,107.69,21722.658064516127,1.86,287.53893548387094,4363.49,30.48,33794.66
2022-03-04,3.7,0.2125806451612903,102.69538064516128,295.59093548387096,59.961290322580645,115.77,21723.5870967742,1.74,287.57490322580645,4328.87,31.98,33614.8
2022-03-07,3.7,0.2251612903225806,102.71756129032258,296.23187096774194,60.52258064516129,119.26,21726.374193548385,1.78,287.68280645161286,4201.09,36.45,32817.38
2022-03-08,3.7,0.2293548387096774,102.72495483870968,296.4455161290322,60.70967741935484,123.64,21727.30322580645,1.86,287.7187741935484,4170.7,35.13,32632.64
2022-03-09,3.7,0.2335483870967742,102.73234838709676,296.6591612903226,60.89677419354839,108.81,21728.23225806452,1.94,287.7547419354839,4277.88,32.45,33286.25
2022-03-10,3.7,0.237741935483871,102.73974193548386,296.8728064516129,61.08387096774194,105.93,21729.16129032258,1.98,287.79070967741933,4259.52,30.23,33174.07
2022-03-11,3.7,0.2419354838709677,102.74713548387096,297.0864516129032,61.270967741935486,109.31,21730.090322580643,2.0,287.82667741935484,4204.31,30.75,32944.19
2022-03-14,3.7,0.254516129032258,102.76931612903223,297.7273870967742,61.83225806451613,103.22,21732.87741935484,2.14,287.9345806451613,4173.11,31.77,32945.24
2022-03-15,3.7,0.2587096774193548,102.77670967741936,297.9410322580645,62.01935483870968,96.42,21733.8064516129,2.15,287.9705483870968,4262.45,29.83,33544.34
2022-03-16,3.7,0.2629032258064516,102.78410322580643,298.1546774193548,62.20645161290322,94.85,21734.735483870965,2.19,288.00651612903226,4357.86,26.67,34063.1
2022-03-17,3.7,0.2670967741935484,102.79149677419356,298.3683225806452,62.39354838709677,102.97,21735.66451612904,2.2,288.0424838709677,4411.67,25.67,34480.76
2022-03-18,3.7,0.2712903225806451,102.79889032258065,298.58196774193544,62.58064516129032,104.69,21736.593548387096,2.14,288.0784516129032,4463.12,23.87,34754.93
2022-03-21,3.7,0.2838709677419355,102.82107096774192,299.2229032258064,63.14193548387097,112.14,21739.38064516129,2.32,288.1863548387097,4461.18,23.53,34552.99
2022-03-22,3.7,0.2880645161290323,102.82846451612905,299.4365483870968,63.32903225806452,111.03,21740.309677419355,2.38,288.22232258064514,4511.61,22.94,34807.46
2022-03-23,3.7,0.292258064516129,102.83585806451612,299.65019354838705,63.516129032258064,114.89,21741.23870967742,2.32,288.25829032258065,4456.24,23.57,34358.5
2022-03-24,3.7,0.2964516129032258,102.84325161290325,299.8638387096774,63.70322580645161,114.2,21742.16774193548,2.34,288.2942580645161,4520.16,21.67,34707.94
2022-03-25,3.7,0.3006451612903226,102.85064516129032,300.07748387096774,63.89032258064516,116.2,21743.096774193546,2.48,288.3302258064516,4543.06,20.81,34861.24
2022-03-28,3.7,0.3132258064516129,102.87282580645162,300.7184193548387,64.45161290322581,107.55,21745.88387096774,2.46,288.4381290322581,4575.52,19.63,34955.89
2022-03-29,3.7,0.3174193548387097,102.88021935483872,300.932064516129,64.63870967741936,104.25,21746.812903225804,2.41,288.4740967741935,4631.6,18.9,35294.19
2022-03-30,3.7,0.3216129032258065,102.8876129032258,301.14570967741935,64.8258064516129,107.81,21747.74193548387,2.35,288.51006451612903,4602.45,19.33,35228.81
2022-03-31,3.7,0.3258064516129032,102.8950064516129,301.35935483870963,65.01290322580645,100.53,21748.67096774193,2.32,288.5460322580645,4530.41,20.56,34678.35
2022-04-01,3.7,0.33,102.9024,301.573,65.2,99.32,21749.6,2.39,288.582,4545.86,19.63,34818.27
2022-04-04,3.69,0.374,102.90875,302.0495,64.52,103.29,21743.63,2.42,288.8537,4582.64,18.57,34921.88
2022-04-05,3.686666666666667,0.3886666666666666,102.91086666666666,302.2083333333333,64.29333333333334,101.98,21741.64,2.54,288.94426666666664,4525.12,21.03,34641.18
2022-04-06,3.6833333333333336,0.4033333333333333,102.91298333333332,302.36716666666666,64.06666666666666,96.39,21739.65,2.61,289.0348333333333,4481.15,22.1,34496.51
2022-04-07,3.68,0.418,102.9151,302.526,63.84,96.05,21737.66,2.66,289.1254,4500.21,21.55,34583.57
2022-04-08,3.6766666666666654,0.4326666666666667,102.91721666666666,302.6848333333333,63.61333333333334,98.35,21735.67,2.72,289.21596666666665,4488.28,21.16,34721.12
2022-04-11,3.666666666666667,0.4766666666666667,102.92356666666667,303.16133333333335,62.93333333333334,94.22,21729.7,2.79,289.48766666666666,4412.53,24.37,34308.08
2022-04-12,3.6633333333333336,0.4913333333333333,102.92568333333334,303.32016666666664,62.70666666666667,100.52,21727.71,2.72,289.57823333333334,4397.45,24.26,34220.36
2022-04-13,3.66,0.506,102.9278,303.479,62.48,104.26,21725.72,2.7,289.6688,4446.59,21.82,34564.59
2022-04-14,3.6566666666666654,0.5206666666666666,102.92991666666668,303.63783333333333,62.25333333333334,106.84,21723.73,2.83,289.75936666666666,4392.59,22.7,34451.23
2022-04-15,3.653333333333333,0.5353333333333333,102.93203333333334,303.7966666666667,62.02666666666667,107.19,21721.74,2.835,289.8499333333333,4392.365,22.5675,34441.345
2022-04-18,3.6433333333333335,0.5793333333333334,102.93838333333332,304.27316666666667,61.34666666666666,108.24,21715.77,2.85,290.1216333333333,4391.69,22.17,34411.69
2022-04-19,3.64,0.5940000000000001,102.9405,304.432,61.12,102.54,21713.78,2.93,290.2122,4462.21,21.37,34911.2
2022-04-20,3.6366666666666654,0.6086666666666667,102.94261666666668,304.59083333333336,60.89333333333333,102.56,21711.79,2.85,290.3027666666666,4459.45,20.32,35160.79
2022-04-21,3.633333333333333,0.6233333333333333,102.94473333333332,304.74966666666666,60.66666666666666,103.89,21709.8,2.9,290.3933333333333,4393.66,22.68,34792.76
2022-04-22,3.63,0.638,102.94685,304.9085,60.44,102.86,21707.81,2.9,290.4839,4271.78,28.21,33811.4
2022-04-25,3.62,0.6819999999999999,102.9532,305.385,59.76,99.6,21701.84,2.81,290.7556,4296.12,27.02,34049.46
2022-04-26,3.616666666666666,0.6966666666666667,102.95531666666668,305.54383333333334,59.53333333333333,102.62,21699.85,2.77,290.84616666666665,4175.2,33.52,33240.18
2022-04-27,3.613333333333333,0.7113333333333334,102.95743333333334,305.7026666666667,59.306666666666665,101.96,21697.86,2.82,290.93673333333334,4183.96,31.6,33301.93
2022-04-28,3.61,0.726,102.95955,305.86150000000004,59.08,105.47,21695.870000000003,2.85,291.0273,4287.5,29.99,33916.39
2022-04-29,3.606666666666667,0.7406666666666667,102.96166666666667,306.0203333333333,58.85333333333333,104.59,21693.88,2.89,291.11786666666666,4131.93,33.4,32977.21
2022-05-02,3.6,0.7841935483870968,102.96127096774194,306.396,58.12903225806451,105.18,21688.370967741936,2.99,291.4207096774193,4155.38,32.34,33061.5
2022-05-03,3.6,0.7983870967741936,102.95664193548389,306.454,57.85806451612903,102.53,21686.84193548388,2.97,291.54241935483867,4175.48,29.25,33128.79
2022-05-04,3.6,0.8125806451612904,102.9520129032258,306.512,57.58709677419355,107.84,21685.312903225808,2.93,291.664129032258,4300.17,25.42,34061.06
2022-05-05,3.6,0.8267741935483871,102.94738387096774,306.57000000000005,57.31612903225806,108.17,21683.78387096774,3.05,291.7858387096774,4146.87,31.2,32997.97
2022-05-06,3.6,0.8409677419354838,102.94275483870967,306.62800000000004,57.04516129032258,109.72,21682.25483870968,3.12,291.9075483870968,4123.34,30.19,32899.37
2022-05-09,3.6,0.8835483870967742,102.92886774193548,306.802,56.23225806451613,103.08,21677.66774193549,3.05,292.2726774193548,3991.24,34.75,32245.7
2022-05-10,3.6,0.8977419354838709,102.92423870967744,306.86,55.961290322580645,99.74,21676.13870967742,2.99,292.3943870967741,4001.05,32.99,32160.74
2022-05-11,3.6,0.9119354838709678,102.91960967741936,306.918,55.69032258064516,105.5,21674.60967741936,2.91,292.5160967741936,3935.18,32.56,31834.11
2022-05-12,3.6,0.9261290322580644,102.9149806451613,306.976,55.41935483870968,106.15,21673.08064516129,2.84,292.6378064516129,3930.08,31.77,31730.3
2022-05-13,3.6,0.9403225806451612,102.91035161290324,307.03400000000005,55.148387096774194,110.52,21671.551612903226,2.93,292.75951612903225,4023.89,28.87,32196.66
2022-05-16,3.6,0.9829032258064516,102.89646451612904,307.208,54.33548387096774,114.07,21666.964516129032,2.88,293.1246451612903,4008.01,27.47,32223.42
2022-05-17,3.6,0.9970967741935484,102.89183548387098,307.266,54.064516129032256,112.31,21665.43548387097,2.98,293.2463548387097,4088.85,26.1,32654.59
2022-05-18,3.6,1.011290322580645,102.88720645161293,307.324,53.79354838709678,109.67,21663.906451612904,2.89,293.36806451612904,3923.68,30.96,31490.07
2022-05-19,3.6,1.025483870967742,102.88257741935485,307.382,53.52258064516129,112.21,21662.37741935484,2.84,293.4897741935484,3900.79,29.35,31253.13
2022-05-20,3.6,1.0396774193548386,102.87794838709678,307.44,53.251612903225805,112.63,21660.848387096776,2.78,293.61148387096773,3901.36,29.43,31261.9
2022-05-23,3.6,1.082258064516129,102.86406129032258,307.61400000000003,52.43870967741936,110.32,21656.26129032258,2.86,293.9766129032258,3973.75,28.48,31880.24
2022-05-24,3.6,1.0964516129032258,102.85943225806452,307.672,52.16774193548387,112.55,21654.73225806452,2.76,294.0983225806452,3941.48,29.45,31928.62
2022-05-25,3.6,1.1106451612903223,102.85480322580644,307.73,51.89677419354839,112.88,21653.203225806454,2.75,294.2200322580645,3978.73,28.37,32120.28
2022-05-26,3.6,1.1248387096774193,102.85017419354838,307.788,51.6258064516129,116.19,21651.674193548388,2.75,294.34174193548387,4057.84,27.5,32637.19
2022-05-27,3.6,1.1390322580645162,102.84554516129032,307.846,51.354838709677416,114.96,21650.14516129032,2.74,294.4634516129032,4158.24,25.72,33212.96
2022-05-30,3.6,1.1816129032258065,102.83165806451612,308.02000000000004,50.541935483870965,114.525,21645.558064516128,2.8225,294.8285806451613,4138.6725,26.54,33045.83
2022-05-31,3.6,1.1958064516129032,102.82702903225808,308.07800000000003,50.27096774193548,114.38,21644.029032258062,2.85,294.95029032258066,4132.15,26.19,32990.12
2022-06-01,3.6,1.21,102.8224,308.136,50.0,115.26,21642.5,2.94,295.072,4101.23,25.69,32813.23
2022-06-02,3.5966666666666667,1.225666666666667,102.83000333333334,308.09740000000005,50.05,116.88,21642.476666666666,2.92,295.0676,4176.82,24.72,33248.28
2022-06-03,3.5933333333333333,1.2413333333333334,102.83760666666667,308.0588,50.1,118.97,21642.45333333333,2.96,295.0632,4108.54,24.79,32899.7
2022-06-06,3.583333333333333,1.288333333333333,102.86041666666668,307.94300000000004,50.25,118.41,21642.38333333333,3.04,295.05,4121.43,25.07,32915.78
2022-06-07,3.58,1.304,102.86802,307.9044,50.3,119.55,21642.36,2.98,295.0456,4160.68,24.02,33180.14
2022-06-08,3.5766666666666667,1.3196666666666663,102.87562333333334,307.86580000000004,50.35,121.94,21642.336666666662,3.03,295.0412,4115.77,23.96,32910.9
2022-06-09,3.5733333333333333,1.3353333333333333,102.88322666666669,307.8272,50.4,121.52,21642.31333333333,3.04,295.0368,4017.82,26.09,32272.79
2022-06-10,3.5700000000000003,1.351,102.89083,307.78860000000003,50.45,120.73,21642.29,3.15,295.0324,3900.86,27.75,31392.79
2022-06-13,3.56,1.398,102.91364,307.6728,50.6,120.92,21642.22,3.43,295.0192,3749.63,34.02,30516.74
2022-06-14,3.556666666666666,1.4136666666666666,102.92124333333334,307.6342,50.65,118.92,21642.196666666667,3.49,295.0148,3735.48,32.69,30364.83
2022-06-15,3.553333333333333,1.4293333333333331,102.92884666666669,307.5956,50.7,115.32,21642.17333333333,3.33,295.0104,3789.99,29.62,30668.53
2022-06-16,3.55,1.4449999999999998,102.93645,307.557,50.75,117.56,21642.15,3.28,295.006,3666.77,32.95,29927.07
2022-06-17,3.546666666666667,1.4606666666666666,102.94405333333331,307.51840000000004,50.8,109.56,21642.126666666667,3.25,295.0016,3674.84,31.13,29888.78
2022-06-20,3.536666666666666,1.5076666666666667,102.96686333333334,307.4026,50.95,110.2575,21642.056666666667,3.295,294.9884,3742.3025,31.03,30369.8825
2022-06-21,3.533333333333333,1.5233333333333332,102.97446666666669,307.36400000000003,51.0,110.49,21642.033333333333,3.31,294.984,3764.79,30.19,30530.25
2022-06-22,3.53,1.539,102.98207,307.3254,51.05,106.22,21642.01,3.16,294.9796,3759.89,28.95,30483.13
2022-06-23,3.526666666666667,1.5546666666666666,102.98967333333331,307.2868,51.1,105.75,21641.986666666668,3.09,294.9752,3795.73,29.05,30677.36
2022-06-24,3.523333333333333,1.5703333333333331,102.99727666666666,307.2482,51.15,109.07,21641.963333333333,3.13,294.9708,3911.74,27.23,31500.68
2022-06-27,3.513333333333333,1.6173333333333333,103.02008666666669,307.1324,51.3,111.44,21641.893333333333,3.2,294.9576,3900.11,26.95,31438.26
2022-06-28,3.51,1.633,103.02769,307.0938,51.35,113.66,21641.87,3.2,294.9532,3821.55,28.36,30946.99
2022-06-29,3.506666666666667,1.6486666666666667,103.03529333333331,307.0552,51.4,111.65,21641.846666666665,3.1,294.9488,3818.83,28.16,31029.31
2022-06-30,3.5033333333333334,1.6643333333333332,103.04289666666666,307.0166,51.45,107.76,21641.823333333334,2.98,294.9444,3785.38,28.71,30775.43
2022-07-01,3.5,1.68,103.0505,306.978,51.5,110.3,21641.8,2.88,294.94,3825.33,26.7,31097.26
2022-07-04,3.509677419354839,1.7429032258064516,103.0620935483871,306.64732258064515,52.148387096774194,103.7375,21638.393548387096,2.835,294.9614838709677,3829.875,27.53,31000.18
2022-07-05,3.5129032258064514,1.7638709677419355,103.06595806451612,306.5370967741936,52.36451612903226,101.55,21637.25806451613,2.82,294.96864516129034,3831.39,27.54,30967.82
2022-07-06,3.5161290322580645,1.7848387096774192,103.06982258064517,306.42687096774193,52.58064516129032,100.31,21636.12258064516,2.93,294.9758064516129,3845.08,26.73,31037.68
2022-07-07,3.5193548387096776,1.805806451612903,103.0736870967742,306.31664516129035,52.79677419354839,104.62,21634.98709677419,3.01,294.98296774193545,3902.62,26.08,31384.55
2022-07-08,3.52258064516129,1.826774193548387,103.07755161290322,306.2064193548387,53.01290322580645,106.78,21633.851612903225,3.09,294.99012903225804,3899.38,24.64,31338.15
2022-07-11,3.532258064516129,1.889677419354839,103.08914516129032,305.87574193548386,53.66129032258065,106.09,21630.44516129032,2.99,295.0116129032258,3854.43,26.17,31173.84
2022-07-12,3.535483870967742,1.9106451612903224,103.09300967741936,305.7655161290323,53.87741935483871,97.69,21629.309677419355,2.96,295.0187741935484,3818.8,27.29,30981.33
2022-07-13,3.5387096774193547,1.9316129032258065,103.0968741935484,305.65529032258064,54.09354838709677,98.44,21628.174193548388,2.91,295.02593548387097,3801.78,26.82,30772.79
2022-07-14,3.541935483870968,1.9525806451612904,103.10073870967742,305.545064516129,54.30967741935484,97.79,21627.038709677418,2.96,295.03309677419355,3790.38,26.4,30630.17
2022-07-15,3.545161290322581,1.9735483870967745,103.10460322580646,305.4348387096774,54.5258064516129,99.59,21625.90322580645,2.93,295.04025806451614,3863.16,24.23,31288.26
2022-07-18,3.554838709677419,2.036451612903226,103.11619677419354,305.10416129032257,55.174193548387095,104.48,21622.496774193547,2.96,295.06174193548384,3830.85,25.3,31072.61
2022-07-19,3.5580645161290323,2.05741935483871,103.12006129032258,304.993935483871,55.39032258064516,106.12,21621.36129032258,3.01,295.0689032258064,3936.69,24.5,31827.05
2022-07-20,3.5612903225806454,2.0783870967741938,103.1239258064516,304.88370967741935,55.60645161290323,104.45,21620.22580645161,3.04,295.076064516129,3959.9,23.88,31874.84
2022-07-21,3.564516129032258,2.0993548387096777,103.12779032258064,304.7734838709677,55.822580645161295,98.44,21619.090322580643,2.91,295.0832258064516,3998.95,23.11,32036.9
2022-07-22,3.567741935483871,2.120322580645161,103.13165483870968,304.6632580645161,56.03870967741936,97.71,21617.95483870968,2.77,295.0903870967742,3961.63,23.03,31899.29
2022-07-25,3.57741935483871,2.183225806451613,103.14324838709678,304.3325806451613,56.68709677419355,99.83,21614.548387096773,2.81,295.11187096774194,3966.84,23.36,31990.04
2022-07-26,3.5806451612903225,2.2041935483870967,103.1471129032258,304.22235483870963,56.903225806451616,97.74,21613.41290322581,2.81,295.1190322580645,3921.05,24.69,31761.54
2022-07-27,3.583870967741936,2.2251612903225806,103.15097741935485,304.11212903225805,57.11935483870968,100.03,21612.27741935484,2.78,295.12619354838705,4023.61,23.24,32197.59
2022-07-28,3.5870967741935487,2.2461290322580645,103.15484193548389,304.0019032258064,57.33548387096774,99.11,21611.14193548387,2.68,295.13335483870964,4072.43,22.33,32529.63
2022-07-29,3.5903225806451613,2.2670967741935484,103.1587064516129,303.89167741935483,57.55161290322581,101.31,21610.006451612902,2.67,295.1405161290322,4130.29,21.33,32845.13
2022-08-01,3.6,2.33,103.1703,303.561,58.2,96.59,21606.6,2.6,295.162,4118.63,22.84,32798.4
2022-08-02,3.596774193548387,2.3374193548387097,103.1819870967742,303.4589032258064,58.21290322580646,97.14,21603.82258064516,2.75,295.20261290322577,4091.19,23.93,32396.17
2022-08-03,3.5935483870967744,2.34483870967742,103.1936741935484,303.3568064516129,58.2258064516129,93.25,21601.04516129032,2.73,295.2432258064516,4155.17,21.95,32812.5
2022-08-04,3.5903225806451613,2.3522580645161293,103.2053612903226,303.2547096774193,58.23870967741936,91.29,21598.267741935484,2.68,295.2838387096774,4151.94,21.44,32726.82
2022-08-05,3.5870967741935487,2.359677419354839,103.21704838709675,303.15261290322576,58.25161290322581,91.77,21595.490322580645,2.83,295.3244516129032,4145.19,21.15,32803.47
2022-08-08,3.57741935483871,2.381935483870968,103.25210967741936,302.8463225806451,58.29032258064517,93.52,21587.158064516127,2.77,295.44629032258064,4140.06,21.29,32832.54
2022-08-09,3.574193548387097,2.3893548387096777,103.26379677419357,302.7442258064516,58.303225806451614,93.18,21584.38064516129,2.8,295.48690322580643,4122.47,21.77,32774.41
2022-08-10,3.570967741935484,2.396774193548388,103.27548387096776,302.642129032258,58.31612903225807,94.68,21581.60322580645,2.78,295.5275161290322,4210.24,19.74,33309.51
2022-08-11,3.567741935483871,2.404193548387097,103.28717096774191,302.5400322580645,58.32903225806452,97.02,21578.82580645161,2.87,295.56812903225807,4207.27,20.2,33336.67
2022-08-12,3.564516129032258,2.4116129032258065,103.29885806451612,302.43793548387094,58.34193548387097,94.86,21576.048387096773,2.84,295.60874193548386,4280.15,19.53,33761.05
2022-08-15,3.554838709677419,2.433870967741936,103.33391935483871,302.1316451612903,58.380645161290325,92.24,21567.71612903226,2.79,295.7305806451613,4297.14,19.95,33912.44
2022-08-16,3.5516129032258066,2.4412903225806453,103.34560645161292,302.0295483870967,58.39354838709678,89.23,21564.93870967742,2.82,295.7711935483871,4305.2,19.69,34152.01
2022-08-17,3.548387096774193,2.448709677419355,103.35729354838708,301.9274516129032,58.406451612903226,90.85,21562.16129032258,2.89,295.8118064516129,4274.04,19.9,33980.32
2022-08-18,3.545161290322581,2.4561290322580644,103.36898064516129,301.82535483870964,58.41935483870968,93.2,21559.38387096774,2.88,295.8524193548387,4283.74,19.56,33999.04
2022-08-19,3.541935483870968,2.4635483870967745,103.38066774193548,301.7232580645161,58.43225806451613,93.55,21556.6064516129,2.98,295.8930322580645,4228.48,20.6,33706.74
2022-08-22,3.532258064516129,2.485806451612904,103.41572903225808,301.4169677419354,58.47096774193549,93.42,21548.274193548383,3.03,296.0148709677419,4137.99,23.8,33063.61
2022-08-23,3.5290322580645164,2.493225806451613,103.42741612903224,301.3148709677419,58.483870967741936,96.46,21545.496774193547,3.05,296.05548387096775,4128.73,24.11,32909.59
2022-08-24,3.525806451612904,2.5006451612903224,103.43910322580643,301.21277419354834,58.49677419354839,95.52,21542.719354838708,3.11,296.09609677419354,4140.77,22.82,32969.23
2022-08-25,3.52258064516129,2.5080645161290325,103.45079032258064,301.11067741935483,58.50967741935484,93.33,21539.941935483872,3.03,296.13670967741933,4199.12,21.78,33291.78
2022-08-26,3.5193548387096776,2.515483870967742,103.46247741935484,301.00858064516126,58.52258064516129,93.63,21537.16451612904,3.04,296.1773225806451,4057.66,25.56,32283.4
2022-08-29,3.509677419354839,2.537741935483871,103.4975387096774,300.7022903225806,58.561290322580646,97.4,21528.832258064514,3.12,296.29916129032256,4030.61,26.21,32098.99
2022-08-30,3.5064516129032257,2.545161290322581,103.5092258064516,300.60019354838704,58.5741935483871,92.08,21526.05483870968,3.11,296.33977419354835,3986.16,26.21,31790.87
2022-08-31,3.503225806451613,2.5525806451612905,103.5209129032258,300.4980967741935,58.58709677419355,90.09,21523.27741935484,3.15,296.3803870967742,3955.0,25.87,31510.43
2022-09-01,3.5,2.56,103.5326,300.396,58.6,87.09,21520.5,3.26,296.421,3966.85,25.56,31656.42
2022-09-02,3.5033333333333334,2.5773333333333333,103.52965333333331,300.33646666666664,58.64333333333334,87.29,21517.303333333333,3.2,296.47293333333334,3924.26,25.47,31318.44
2022-09-05,3.513333333333333,2.6293333333333333,103.52081333333334,300.1578666666666,58.77333333333333,87.335,21507.713333333333,3.2975000000000003,296.62873333333334,3912.2075,25.99,31188.585
2022-09-06,3.5166666666666666,2.6466666666666665,103.51786666666666,300.0983333333333,58.81666666666667,87.35,21504.516666666663,3.33,296.68066666666664,3908.19,26.91,31145.3
2022-09-07,3.52,2.664,103.51492,300.0388,58.86,82.5,21501.32,3.27,296.7326,3979.87,24.64,31581.28
2022-09-08,3.523333333333333,2.6813333333333333,103.51197333333332,299.97926666666666,58.903333333333336,84.04,21498.123333333333,3.29,296.78453333333334,4006.18,23.61,31774.52
2022-09-09,3.526666666666667,2.6986666666666665,103.50902666666668,299.9197333333333,58.946666666666665,87.27,21494.926666666663,3.33,296.83646666666664,4067.36,22.79,32151.71
2022-09-12,3.536666666666666,2.7506666666666666,103.50018666666666,299.7411333333333,59.07666666666667,88.18,21485.336666666662,3.37,296.99226666666664,4110.41,23.87,32381.34
2022-09-13,3.54,2.768,103.49724,299.6816,59.12,87.84,21482.14,3.42,297.0442,3932.69,27.27,31104.97
2022-09-14,3.543333333333333,2.785333333333333,103.49429333333332,299.6220666666666,59.16333333333333,88.88,21478.943333333333,3.41,297.09613333333334,3946.01,26.16,31135.09
2022-09-15,3.546666666666667,2.802666666666666,103.49134666666669,299.5625333333333,59.20666666666666,85.72,21475.746666666662,3.45,297.14806666666664,3901.35,26.27,30961.82
2022-09-16,3.55,2.8200000000000003,103.4884,299.503,59.25,85.57,21472.55,3.45,297.2,3873.33,26.3,30822.42
2022-09-19,3.56,2.872,103.47956,299.3244,59.38,86.15,21462.96,3.49,297.3558,3899.89,25.76,31019.68
2022-09-20,3.563333333333333,2.889333333333333,103.47661333333332,299.26486666666665,59.42333333333333,84.69,21459.76333333333,3.57,297.40773333333334,3855.93,27.16,30706.23
2022-09-21,3.566666666666667,2.9066666666666667,103.47366666666666,299.20533333333333,59.46666666666667,83.38,21456.566666666666,3.51,297.45966666666664,3789.93,27.99,30183.78
2022-09-22,3.5700000000000003,2.924,103.47072,299.1458,59.51,84.02,21453.37,3.7,297.5116,3757.99,27.35,30076.68
2022-09-23,3.5733333333333333,2.9413333333333336,103.46777333333333,299.0862666666667,59.553333333333335,79.07,21450.17333333333,3.69,297.56353333333334,3693.23,29.92,29590.41
2022-09-26,3.583333333333333,2.993333333333333,103.45893333333332,298.90766666666667,59.68333333333333,77.17,21440.58333333333,3.88,297.71933333333334,3655.04,32.26,29260.81
2022-09-27,3.586666666666667,3.010666666666667,103.45598666666666,298.8481333333333,59.72666666666667,78.91,21437.386666666665,3.97,297.77126666666663,3647.29,32.6,29134.99
2022-09-28,3.59,3.028,103.45304,298.78860000000003,59.77,82.61,21434.19,3.72,297.8232,3719.04,30.18,29683.74
2022-09-29,3.5933333333333333,3.045333333333333,103.45009333333331,298.72906666666665,59.81333333333333,81.78,21430.99333333333,3.76,297.87513333333334,3640.47,31.84,29225.61
2022-09-30,3.5966666666666667,3.062666666666667,103.44714666666668,298.66953333333333,59.85666666666666,79.91,21427.796666666665,3.83,297.92706666666663,3585.62,31.62,28725.51
2022-10-03,3.6,3.1251612903225805,103.42236774193547,298.4928387096774,59.693548387096776,84.05,21420.30322580645,3.67,298.0260322580645,3678.43,30.1,29490.89
2022-10-04,3.6,3.147741935483871,103.41145161290322,298.43425806451614,59.59032258064516,86.87,21418.15483870968,3.62,298.0495483870968,3790.93,29.07,30316.32
2022-10-05,3.6,3.1703225806451614,103.40053548387095,298.3756774193549,59.487096774193546,88.22,21416.006451612902,3.76,298.073064516129,3783.28,28.55,30273.87
2022-10-06,3.6,3.192903225806452,103.3896193548387,298.31709677419354,59.383870967741935,88.9,21413.858064516127,3.83,298.0965806451613,3744.52,30.52,29926.94
2022-10-07,3.6,3.215483870967742,103.37870322580643,298.2585161290323,59.28064516129032,93.07,21411.709677419352,3.89,298.12009677419354,3639.66,31.36,29296.79
2022-10-10,3.6,3.283225806451613,103.34595483870967,298.0827741935484,58.97096774193548,91.6,21405.26451612903,3.92,298.1906451612903,3612.39,32.45,29202.88
2022-10-11,3.6,3.305806451612903,103.33503870967742,298.02419354838713,58.86774193548387,89.75,21403.116129032256,3.93,298.2141612903226,3588.84,33.63,29239.19
2022-10-12,3.6,3.3283870967741933,103.32412258064517,297.9656129032258,58.76451612903226,87.83,21400.96774193548,3.91,298.23767741935484,3577.03,33.57,29210.85
2022-10-13,3.6,3.350967741935484,103.3132064516129,297.90703225806453,58.66129032258065,89.59,21398.81935483871,3.97,298.2611935483871,3669.91,31.94,30038.72
2022-10-14,3.6,3.373548387096774,103.30229032258065,297.84845161290326,58.55806451612904,86.1,21396.67096774193,4.0,298.28470967741936,3583.07,32.02,29634.83
2022-10-17,3.6,3.4412903225806453,103.26954193548389,297.6727096774194,58.2483870967742,86.0,21390.225806451614,4.02,298.35525806451614,3677.95,31.37,30185.82
2022-10-18,3.6,3.4638709677419355,103.25862580645162,297.6141290322581,58.14516129032258,83.29,21388.07741935484,4.01,298.3787741935484,3719.98,30.5,30523.8
2022-10-19,3.6,3.4864516129032257,103.24770967741937,297.5555483870968,58.04193548387097,86.0,21385.929032258064,4.14,298.40229032258065,3695.16,30.76,30423.81
2022-10-20,3.6,3.509032258064516,103.2367935483871,297.4969677419355,57.93870967741936,86.02,21383.78064516129,4.24,298.4258064516129,3665.78,29.98,30333.59
2022-10-21,3.6,3.531612903225806,103.22587741935484,297.43838709677425,57.83548387096774,85.47,21381.63225806452,4.21,298.4493225806452,3752.75,29.69,31082.56
2022-10-24,3.6,3.599354838709677,103.19312903225808,297.2626451612904,57.52580645161291,86.12,21375.187096774192,4.25,298.51987096774195,3797.34,29.85,31499.62
2022-10-25,3.6,3.621935483870968,103.1822129032258,297.20406451612905,57.42258064516129,86.93,21373.038709677418,4.1,298.5433870967742,3859.11,28.46,31836.74
2022-10-26,3.6,3.644516129032258,103.17129677419356,297.1454838709678,57.31935483870968,89.39,21370.89032258065,4.04,298.56690322580647,3830.6,27.28,31839.11
2022-10-27,3.6,3.667096774193548,103.1603806451613,297.0869032258065,57.21612903225807,89.06,21368.74193548387,3.96,298.5904193548388,3807.3,27.39,32033.28
2022-10-28,3.6,3.68967741935484,103.14946451612904,297.0283225806452,57.112903225806456,87.85,21366.593548387096,4.02,298.613935483871,3901.06,25.75,32861.8
2022-10-31,3.6,3.7574193548387096,103.11671612903226,296.8525806451613,56.803225806451614,86.54,21360.14838709677,4.1,298.68448387096777,3871.98,25.88,32732.95
2022-11-01,3.6,3.78,103.1058,296.79400000000004,56.7,88.36,21358.0,4.07,298.708,3856.1,25.81,32653.2
2022-11-02,3.5966666666666667,3.790666666666666,103.06316,296.71040000000005,56.803333333333335,90.06,21353.376666666667,4.1,298.71133333333336,3759.69,25.86,32147.76
2022-11-03,3.5933333333333333,3.801333333333333,103.02052,296.62680000000006,56.906666666666666,88.14,21348.75333333333,4.14,298.7146666666667,3719.89,25.3,32001.25
2022-11-04,3.59,3.812,102.97788,296.5432,57.010000000000005,92.58,21344.13,4.17,298.718,3770.55,24.55,32403.22
2022-11-07,3.58,3.844,102.84996,296.29240000000004,57.32,91.8,21330.26,4.22,298.728,3806.8,24.35,32827.0
2022-11-08,3.5766666666666667,3.854666666666666,102.80732,296.20880000000005,57.42333333333333,88.8,21325.636666666665,4.14,298.73133333333334,3828.11,25.54,33160.83
2022-11-09,3.5733333333333333,3.865333333333333,102.76468,296.1252,57.52666666666667,85.79,21321.01333333333,4.12,298.73466666666667,3748.57,26.09,32513.94
2022-11-10,3.5700000000000003,3.876,102.72204,296.0416,57.63,86.52,21316.39,3.82,298.738,3956.37,23.53,33715.37
2022-11-11,3.566666666666667,3.8866666666666654,102.6794,295.958,57.73333333333333,89.14,21311.766666666663,3.835,298.74133333333333,3992.93,22.52,33747.86
2022-11-14,3.556666666666666,3.9186666666666654,102.55148,295.7072,58.04333333333334,85.85,21297.896666666667,3.88,298.7513333333333,3957.25,23.73,33536.7
2022-11-15,3.553333333333333,3.929333333333333,102.50884,295.6236,58.14666666666667,86.87,21293.27333333333,3.8,298.75466666666665,3991.73,24.54,33592.92
2022-11-16,3.55,3.94,102.4662,295.54,58.25,85.62,21288.65,3.67,298.75800000000004,3958.79,24.11,33553.83
2022-11-17,3.546666666666667,3.9506666666666654,102.42356,295.45640000000003,58.35333333333333,81.69,21284.026666666665,3.77,298.76133333333337,3946.56,23.93,33546.32
2022-11-18,3.543333333333333,3.961333333333333,102.38092,295.37280000000004,58.45666666666666,80.07,21279.40333333333,3.82,298.7646666666667,3965.34,23.12,33745.69
2022-11-21,3.533333333333333,3.993333333333333,102.253,295.122,58.766666666666666,79.74,21265.533333333333,3.83,298.7746666666667,3949.94,22.36,33700.28
2022-11-22,3.53,4.004,102.21036,295.0384,58.87,80.83,21260.91,3.76,298.778,4003.58,21.29,34098.1
2022-11-23,3.526666666666667,4.014666666666666,102.16772,294.95480000000003,58.97333333333333,77.93,21256.286666666667,3.71,298.7813333333333,4027.26,20.35,34194.06
2022-11-24,3.523333333333333,4.025333333333333,102.12508,294.8712,59.07666666666667,77.19,21251.66333333333,3.695,298.7846666666667,4026.69,20.42,34270.545
2022-11-25,3.52,4.036,102.08244,294.7876,59.18,76.45,21247.04,3.68,298.788,4026.12,20.5,34347.03
2022-11-28,3.51,4.068,101.95452,294.5368,59.49,77.1,21233.17,3.69,298.798,3963.94,22.21,33849.46
2022-11-29,3.506666666666667,4.078666666666666,101.91188,294.4532,59.59333333333333,77.96,21228.546666666665,3.75,298.80133333333333,3957.63,21.89,33852.53
2022-11-30,3.5033333333333334,4.089333333333333,101.86924,294.3696,59.696666666666665,80.48,21223.92333333333,3.68,298.80466666666666,4080.11,20.58,34589.77
2022-12-01,3.5,4.1,101.8266,294.286,59.8,81.06,21219.3,3.53,298.808,4076.57,19.84,34395.01
2022-12-02,3.5,4.10741935483871,101.85630967741936,294.2373225806452,59.964516129032255,79.86,21218.84193548387,3.51,298.86116129032257,4071.7,19.06,34429.88
2022-12-05,3.5,4.129677419354838,101.94543870967742,294.0912903225806,60.45806451612903,76.83,21217.467741935485,3.6,299.0206451612903,3998.84,20.75,33947.1
2022-12-06,3.5,4.137096774193548,101.97514838709678,294.0426129032258,60.622580645161285,74.21,21217.009677419355,3.51,299.0738064516129,3941.26,22.17,33596.34
2022-12-07,3.5,4.144516129032258,102.00485806451611,293.993935483871,60.78709677419355,71.93,21216.551612903226,3.42,299.12696774193546,3933.92,22.68,33597.92
2022-12-08,3.5,4.151935483870967,102.03456774193548,293.9452580645161,60.95161290322581,71.3,21216.093548387096,3.48,299.18012903225804,3963.51,22.29,33781.48
2022-12-09,3.5,4.159354838709677,102.06427741935484,293.8965806451613,61.11612903225807,71.05,21215.635483870967,3.57,299.2332903225807,3934.38,22.83,33476.46
2022-12-12,3.5,4.181612903225807,102.15340645161292,293.7505483870968,61.60967741935484,72.96,21214.26129032257,3.61,299.3927741935484,3990.56,25.0,34005.04
2022-12-13,3.5,4.189032258064516,102.18311612903226,293.7018709677419,61.774193548387096,75.44,21213.80322580645,3.51,299.445935483871,4019.65,22.55,34108.64
2022-12-14,3.5,4.196451612903226,102.21282580645162,293.6531935483871,61.93870967741936,77.14,21213.345161290323,3.49,299.4990967741936,3995.32,21.14,33966.35
2022-12-15,3.5,4.203870967741936,102.24253548387097,293.6045161290323,62.10322580645161,75.89,21212.8870967742,3.44,299.55225806451614,3895.75,22.83,33202.22
2022-12-16,3.5,4.211290322580645,102.27224516129031,293.5558387096774,62.26774193548387,74.19,21212.429032258064,3.48,299.6054193548387,3852.36,22.62,32920.46
2022-12-19,3.5,4.233548387096774,102.3613741935484,293.4098064516129,62.76129032258065,75.05,21211.054838709675,3.57,299.76490322580645,3817.66,22.42,32757.54
2022-12-20,3.5,4.240967741935484,102.39108387096776,293.3611290322581,62.92580645161291,75.92,21210.596774193546,3.69,299.818064516129,3821.62,21.48,32849.74
2022-12-21,3.5,4.248387096774193,102.4207935483871,293.3124516129032,63.09032258064517,78.17,21210.13870967742,3.68,299.8712258064516,3878.44,20.07,33376.48
2022-12-22,3.5,4.255806451612903,102.45050322580646,293.2637741935484,63.25483870967742,77.68,21209.68064516129,3.67,299.9243870967742,3822.39,21.97,33027.49
2022-12-23,3.5,4.263225806451613,102.4802129032258,293.2150967741935,63.41935483870968,79.57,21209.22258064516,3.75,299.9775483870968,3844.82,20.87,33203.93
2022-12-26,3.5,4.285483870967742,102.56934193548388,293.069064516129,63.91290322580646,79.48,21207.84838709677,3.8175,300.1370322580645,3833.1425,21.455,33232.1525
2022-12-27,3.5,4.292903225806452,102.59905161290322,293.0203870967742,64.07741935483871,79.45,21207.390322580643,3.84,300.1901935483872,3829.25,21.65,33241.56
2022-12-28,3.5,4.300322580645162,102.6287612903226,292.97170967741937,64.24193548387098,78.89,21206.93225806452,3.88,300.2433548387097,3783.22,22.14,32875.71
2022-12-29,3.5,4.307741935483871,102.65847096774192,292.9230322580645,64.40645161290323,78.43,21206.474193548387,3.83,300.2965161290323,3849.28,21.44,33220.8
2022-12-30,3.5,4.315161290322581,102.6881806451613,292.8743548387097,64.57096774193549,80.16,21206.016129032258,3.88,300.34967741935486,3839.5,21.67,33147.25
2023-01-02,3.503225806451613,4.337741935483871,102.7493,292.802,64.96451612903226,77.6925,21204.43870967742,3.8125,300.4889032258065,3827.98,22.5925,33139.090000000004
2023-01-03,3.5064516129032257,4.345483870967742,102.751,292.827,65.02903225806452,76.87,21203.77741935484,3.79,300.5218064516129,3824.14,22.9,33136.37
2023-01-04,3.509677419354839,4.353225806451613,102.7527,292.852,65.09354838709677,72.82,21203.116129032256,3.69,300.5547096774194,3852.97,22.01,33269.77
2023-01-05,3.5129032258064514,4.360967741935484,102.7544,292.877,65.15806451612904,73.61,21202.45483870968,3.71,300.5876129032258,3808.1,22.46,32930.08
2023-01-06,3.5161290322580645,4.368709677419355,102.7561,292.902,65.2225806451613,73.77,21201.793548387097,3.55,300.6205161290323,3895.08,21.13,33630.61
2023-01-09,3.525806451612904,4.391935483870967,102.7612,292.977,65.41612903225807,74.69,21199.809677419355,3.53,300.7192258064516,3892.09,21.97,33517.65
2023-01-10,3.5290322580645164,4.399677419354839,102.7629,293.002,65.48064516129033,75.11,21199.14838709677,3.61,300.7521290322581,3919.25,20.58,33704.1
2023-01-11,3.532258064516129,4.4074193548387095,102.7646,293.027,65.54516129032258,77.46,21198.48709677419,3.54,300.7850322580645,3969.61,21.09,33973.01
2023-01-12,3.535483870967742,4.4151612903225805,102.7663,293.052,65.60967741935484,78.32,21197.82580645161,3.43,300.817935483871,3983.17,18.83,34189.97
2023-01-13,3.5387096774193547,4.422903225806452,102.768,293.077,65.67419354838711,79.9,21197.16451612904,3.49,300.8508387096774,3999.09,18.35,34302.61
2023-01-16,3.548387096774193,4.446129032258065,102.7731,293.152,65.86774193548388,80.1625,21195.18064516129,3.52,300.9495483870968,3993.0,19.49,34008.79
2023-01-17,3.5516129032258066,4.453870967741936,102.7748,293.177,65.93225806451613,80.25,21194.519354838707,3.53,300.9824516129032,3990.97,19.36,33910.85
2023-01-18,3.554838709677419,4.461612903225807,102.7765,293.202,65.99677419354839,79.53,21193.858064516127,3.37,301.0153548387097,3928.86,20.34,33296.96
2023-01-19,3.5580645161290323,4.469354838709678,102.7782,293.22700000000003,66.06129032258065,80.31,21193.196774193548,3.39,301.0482580645161,3898.85,20.52,33044.56
2023-01-20,3.5612903225806454,4.477096774193549,102.7799,293.252,66.1258064516129,81.27,21192.535483870965,3.48,301.0811612903226,3972.61,19.85,33375.49
2023-01-23,3.570967741935484,4.500322580645162,102.785,293.327,66.31935483870969,81.62,21190.551612903226,3.52,301.1798709677419,4019.81,19.81,33629.56
2023-01-24,3.574193548387097,4.508064516129033,102.7867,293.35200000000003,66.38387096774194,79.86,21189.890322580643,3.46,301.2127741935484,4016.95,19.2,33733.96
2023-01-25,3.57741935483871,4.515806451612903,102.7884,293.377,66.4483870967742,79.78,21189.229032258063,3.46,301.2456774193548,4016.22,19.08,33743.84
2023-01-26,3.5806451612903225,4.523548387096774,102.7901,293.402,66.51290322580645,80.64,21188.567741935483,3.49,301.2785806451613,4060.43,18.73,33949.41
2023-01-27,3.583870967741936,4.531290322580645,102.7918,293.427,66.57741935483871,79.73,21187.9064516129,3.52,301.3114838709677,4070.56,18.51,33978.08
2023-01-30,3.5935483870967744,4.554516129032258,102.7969,293.502,66.7709677419355,77.97,21185.92258064516,3.55,301.4101935483871,4017.77,19.94,33717.09
2023-01-31,3.596774193548387,4.562258064516129,102.7986,293.52700000000004,66.83548387096775,78.95,21185.26129032257,3.52,301.4430967741935,4076.6,19.4,34086.04
2023-02-01,3.6,4.57,102.8003,293.552,66.9,76.34,21184.6,3.39,301.476,4119.21,17.87,34092.96
2023-02-02,3.5964285714285715,4.572857142857143,102.8008,293.6925357142857,66.72500000000001,75.87,21173.589285714283,3.4,301.4819642857143,4179.76,18.73,34053.94
2023-02-03,3.592857142857143,4.575714285714286,102.8013,293.83307142857143,66.55000000000001,73.4,21162.57857142857,3.53,301.4879285714286,4136.48,18.33,33926.01
2023-02-06,3.5821428571428573,4.5842857142857145,102.8028,294.2546785714286,66.025,74.11,21129.546428571422,3.63,301.50582142857144,4111.08,19.43,33891.02
2023-02-07,3.5785714285714287,4.587142857142857,102.8033,294.3952142857143,65.85000000000001,77.17,21118.53571428572,3.67,301.5117857142857,4164.0,18.66,34156.69
2023-02-08,3.575,4.59,102.8038,294.53575,65.67500000000001,78.47,21107.525,3.63,301.51775,4117.86,19.63,33949.01
2023-02-09,3.571428571428572,4.592857142857143,102.8043,294.6762857142857,65.5,78.04,21096.51428571429,3.67,301.5237142857143,4081.5,20.71,33699.88
2023-02-10,3.567857142857143,4.595714285714286,102.8048,294.8168214285715,65.325,79.74,21085.50357142857,3.74,301.5296785714286,4090.46,20.53,33869.27
2023-02-13,3.5571428571428574,4.604285714285715,102.8063,295.2384285714286,64.8,80.14,21052.47142857143,3.72,301.5475714285714,4137.29,20.34,34245.93
2023-02-14,3.553571428571429,4.607142857142858,102.8068,295.3789642857143,64.625,79.08,21041.46071428572,3.77,301.5535357142857,4136.13,18.91,34089.27
2023-02-15,3.55,4.61,102.8073,295.5195,64.45,78.57,21030.45,3.81,301.5595,4147.6,18.23,34128.05
2023-02-16,3.546428571428572,4.612857142857143,102.8078,295.6600357142857,64.275,78.45,21019.439285714285,3.86,301.56546428571426,4090.41,20.17,33696.85
2023-02-17,3.5428571428571427,4.615714285714286,102.8083,295.80057142857146,64.10000000000001,76.31,21008.42857142857,3.82,301.57142857142856,4079.09,20.02,33826.69
2023-02-20,3.532142857142857,4.6242857142857146,102.8098,296.22217857142857,63.575,76.2875,20975.39642857143,3.9175,301.5893214285714,4017.7775,21.23,33303.865
2023-02-21,3.5285714285714285,4.627142857142857,102.8103,296.36271428571433,63.4,76.28,20964.385714285712,3.95,301.5952857142857,3997.34,22.87,33129.59
2023-02-22,3.525,4.630000000000001,102.8108,296.50325000000004,63.225,73.95,20953.375,3.93,301.60125,3991.05,22.29,33045.09
2023-02-23,3.521428571428572,4.632857142857144,102.8113,296.64378571428574,63.05,75.26,20942.364285714284,3.88,301.60721428571424,4012.32,21.14,33153.91
2023-02-24,3.517857142857143,4.635714285714286,102.8118,296.78432142857145,62.875,76.19,20931.35357142857,3.95,301.61317857142853,3970.04,21.67,32816.92
2023-02-27,3.507142857142857,4.644285714285715,102.8133,297.2059285714286,62.35,75.57,20898.321428571428,3.92,301.63107142857143,3982.24,20.95,32889.09
2023-02-28,3.503571428571429,4.647142857142858,102.8138,297.3464642857143,62.175,76.88,20887.310714285715,3.92,301.6370357142857,3970.15,20.7,32656.7
2023-03-01,3.5,4.65,102.8143,297.487,62.0,77.57,20876.3,4.01,301.643,3951.39,20.58,32661.84
2023-03-02,3.496774193548387,4.655806451612904,102.82751935483871,297.6200322580645,62.05483870967742,78.05,20871.57741935484,4.08,301.6821935483871,3981.35,19.59,33003.57
2023-03-03,3.4935483870967743,4.661612903225807,102.84073870967742,297.75306451612903,62.10967741935484,79.62,20866.85483870968,3.97,301.7213870967741,4045.64,18.49,33390.97
2023-03-06,3.4838709677419355,4.679032258064517,102.88039677419356,298.1521612903226,62.274193548387096,80.39,20852.687096774192,3.98,301.83896774193545,4048.42,18.61,33431.44
2023-03-07,3.4806451612903224,4.68483870967742,102.89361612903228,298.2851935483871,62.32903225806452,77.45,20847.964516129032,3.97,301.87816129032257,3986.37,19.59,32856.46
2023-03-08,3.47741935483871,4.690645161290323,102.90683548387098,298.41822580645163,62.383870967741935,76.56,20843.24193548387,3.98,301.9173548387097,3992.01,19.11,32798.4
2023-03-09,3.4741935483870967,4.696451612903226,102.92005483870967,298.55125806451616,62.43870967741936,75.6,20838.51935483871,3.93,301.95654838709675,3918.32,22.61,32254.86
2023-03-10,3.470967741935484,4.702258064516129,102.9332741935484,298.68429032258064,62.49354838709677,76.55,20833.79677419355,3.7,301.99574193548386,3861.59,24.8,31909.64
2023-03-13,3.4612903225806453,4.719677419354839,102.97293225806452,299.08338709677423,62.65806451612903,74.68,20819.629032258064,3.55,302.1133225806452,3855.76,26.52,31819.14
2023-03-14,3.458064516129032,4.725483870967742,102.98615161290324,299.2164193548387,62.71290322580645,71.18,20814.906451612904,3.64,302.1525161290322,3919.29,23.73,32155.4
2023-03-15,3.454838709677419,4.731290322580645,102.99937096774194,299.34945161290324,62.76774193548387,67.38,20810.183870967743,3.51,302.19170967741934,3891.93,26.14,31874.57
2023-03-16,3.4516129032258065,4.737096774193549,103.01259032258064,299.48248387096777,62.82258064516129,68.15,20805.461290322582,3.56,302.23090322580646,3960.28,22.99,32246.55
2023-03-17,3.4483870967741934,4.742903225806452,103.02580967741936,299.61551612903224,62.87741935483872,66.61,20800.73870967742,3.39,302.2700967741935,3916.64,25.51,31861.98
2023-03-20,3.438709677419354,4.760322580645162,103.06546774193548,300.0146129032258,63.04193548387097,67.56,20786.570967741936,3.47,302.3876774193548,3951.57,24.15,32244.58
2023-03-21,3.435483870967742,4.766129032258065,103.0786870967742,300.1476451612903,63.09677419354839,69.4,20781.848387096776,3.59,302.42687096774193,4002.87,21.38,32560.6
2023-03-22,3.432258064516129,4.771935483870968,103.09190645161291,300.28067741935484,63.15161290322581,70.71,20777.12580645161,3.48,302.46606451612905,3936.97,22.26,32030.11
2023-03-23,3.429032258064516,4.777741935483872,103.10512580645162,300.4137096774194,63.20645161290323,69.77,20772.40322580645,3.38,302.5052580645161,3948.72,22.61,32105.25
2023-03-24,3.425806451612903,4.783548387096775,103.11834516129034,300.54674193548385,63.26129032258065,69.22,20767.68064516129,3.38,302.54445161290323,3970.99,21.74,32237.53
2023-03-27,3.4161290322580644,4.800967741935484,103.15800322580644,300.9458387096774,63.42580645161291,72.87,20753.51290322581,3.53,302.6620322580645,3977.53,20.6,32432.08
2023-03-28,3.412903225806452,4.806774193548387,103.17122258064516,301.0788709677419,63.480645161290326,73.12,20748.790322580648,3.55,302.7012258064516,3971.27,19.97,32394.25
2023-03-29,3.4096774193548387,4.81258064516129,103.18444193548387,301.21190322580645,63.53548387096775,72.95,20744.067741935483,3.57,302.7404193548387,4027.81,19.12,32717.6
2023-03-30,3.4064516129032256,4.8183870967741935,103.1976612903226,301.344935483871,63.59032258064517,74.32,20739.345161290323,3.55,302.7796129032258,4050.83,19.02,32859.03
2023-03-31,3.403225806451613,4.824193548387097,103.2108806451613,301.47796774193546,63.64516129032258,75.68,20734.62258064516,3.48,302.8188064516129,4109.31,18.7,33274.15
2023-04-03,3.413333333333333,4.8453333333333335,103.20788666666668,301.86926666666665,63.38666666666667,80.4,20734.666666666668,3.43,302.8885333333333,4124.51,18.55,33601.15
2023-04-04,3.42,4.853,103.19978,301.9984,63.23,80.7,20737.050000000003,3.35,302.9038,4100.6,19.0,33402.38
2023-04-05,3.4266666666666667,4.860666666666667,103.19167333333334,302.1275333333333,63.07333333333334,80.69,20739.43333333333,3.3,302.91906666666665,4090.38,19.08,33482.72
2023-04-06,3.433333333333333,4.868333333333333,103.18356666666668,302.25666666666666,62.91666666666667,80.7,20741.81666666667,3.3,302.9343333333333,4105.02,18.4,33485.29
2023-04-07,3.44,4.876,103.17546,302.3858,62.760000000000005,80.4725,20744.2,3.39,302.9496,4106.0425000000005,18.5425,33510.5975
2023-04-10,3.46,4.899,103.15114,302.7732,62.29,79.79,20751.35,3.41,302.9954,4109.11,18.97,33586.52
2023-04-11,3.466666666666667,4.906666666666666,103.14303333333334,302.90233333333333,62.13333333333333,81.54,20753.733333333334,3.43,303.0106666666667,4108.94,19.1,33684.79
2023-04-12,3.473333333333333,4.914333333333333,103.13492666666669,303.0314666666667,61.97666666666667,83.26,20756.11666666667,3.41,303.02593333333334,4091.95,19.09,33646.5
2023-04-13,3.48,4.922,103.12682,303.1606,61.82,82.16,20758.5,3.45,303.0412,4146.22,17.8,34029.69
2023-04-14,3.486666666666667,4.929666666666667,103.11871333333336,303.28973333333334,61.66333333333333,82.58,20760.88333333333,3.52,303.05646666666667,4137.64,17.07,33886.47
2023-04-17,3.506666666666667,4.9526666666666666,103.09439333333334,303.67713333333336,61.193333333333335,80.93,20768.033333333336,3.6,303.10226666666665,4151.32,16.95,33987.18
2023-04-18,3.513333333333333,4.960333333333333,103.08628666666668,303.80626666666666,61.03666666666667,80.85,20770.416666666668,3.58,303.1175333333333,4154.87,16.83,33976.63
2023-04-19,3.52,4.968,103.07818,303.9354,60.88,79.18,20772.800000000003,3.6,303.1328,4154.52,16.46,33897.01
2023-04-20,3.526666666666667,4.975666666666666,103.07007333333334,304.0645333333333,60.723333333333336,77.27,20775.18333333333,3.54,303.14806666666664,4129.79,17.17,33786.62
2023-04-21,3.533333333333333,4.983333333333333,103.06196666666668,304.1936666666667,60.56666666666667,77.86,20777.56666666667,3.57,303.1633333333333,4133.52,16.77,33808.96
2023-04-24,3.553333333333333,5.006333333333333,103.03764666666667,304.5810666666667,60.09666666666666,78.64,20784.716666666667,3.52,303.20913333333334,4137.04,16.89,33875.4
2023-04-25,3.56,5.013999999999999,103.02954,304.7102,59.94,77.05,20787.1,3.4,303.2244,4071.63,18.76,33530.83
2023-04-26,3.566666666666667,5.0216666666666665,103.02143333333332,304.83933333333334,59.78333333333333,74.33,20789.483333333334,3.43,303.23966666666666,4055.99,18.84,33301.87
2023-04-27,3.5733333333333333,5.029333333333333,103.01332666666669,304.9684666666667,59.626666666666665,74.77,20791.86666666667,3.53,303.2549333333333,4135.35,17.03,33826.16
2023-04-28,3.58,5.037,103.00522,305.0976,59.47,76.78,20794.25,3.44,303.2702,4169.48,15.78,34098.16
2023-05-01,3.6,5.06,102.9809,305.485,59.0,75.65,20801.4,3.59,303.316,4167.87,16.08,34051.7
2023-05-02,3.6,5.0606451612903225,102.96154516129032,305.58041935483874,59.16774193548387,71.71,20800.793548387097,3.44,303.3412580645161,4119.58,17.78,33684.53
2023-05-03,3.6,5.0612903225806445,102.94219032258064,305.6758387096774,59.33548387096774,68.62,20800.1870967742,3.38,303.3665161290322,4090.75,18.34,33414.24
2023-05-04,3.6,5.061935483870967,102.92283548387095,305.77125806451613,59.50322580645161,68.52,20799.58064516129,3.37,303.3917741935484,4061.22,20.09,33127.74
2023-05-05,3.6,5.06258064516129,102.9034806451613,305.86667741935486,59.670967741935485,71.32,20798.974193548387,3.44,303.41703225806447,4136.25,17.19,33674.38
2023-05-08,3.6,5.064516129032258,102.84541612903226,306.152935483871,60.174193548387095,73.13,20797.15483870968,3.52,303.49280645161286,4138.12,16.98,33618.69
2023-05-09,3.6,5.06516129032258,102.82606129032258,306.2483548387097,60.34193548387097,73.68,20796.548387096776,3.53,303.518064516129,4119.17,17.71,33561.81
2023-05-10,3.6,5.065806451612903,102.80670645161292,306.3437741935484,60.50967741935484,72.53,20795.941935483872,3.43,303.5433225806452,4137.64,16.94,33531.33
2023-05-11,3.6,5.066451612903226,102.78735161290322,306.4391935483871,60.67741935483871,70.81,20795.335483870967,3.39,303.56858064516126,4130.62,16.93,33309.51
2023-05-12,3.6,5.067096774193548,102.76799677419356,306.5346129032258,60.84516129032258,70.02,20794.729032258067,3.46,303.5938387096774,4124.08,17.03,33300.62
2023-05-15,3.6,5.069032258064516,102.70993225806453,306.82087096774194,61.3483870967742,71.07,20792.90967741936,3.5,303.6696129032258,4136.28,17.12,33348.6
2023-05-16,3.6,5.069677419354838,102.69057741935484,306.91629032258066,61.516129032258064,70.85,20792.30322580645,3.54,303.6948709677419,4109.9,17.99,33012.14
2023-05-17,3.6,5.070322580645161,102.67122258064516,307.01170967741933,61.68387096774194,72.78,20791.696774193548,3.57,303.72012903225806,4158.77,16.87,33420.77
2023-05-18,3.6,5.070967741935484,102.65186774193548,307.10712903225806,61.851612903225806,71.82,20791.090322580643,3.65,303.7453870967741,4198.05,16.05,33535.91
2023-05-19,3.6,5.071612903225806,102.6325129032258,307.2025483870968,62.01935483870968,71.57,20790.483870967742,3.7,303.7706451612903,4191.98,16.81,33426.63
2023-05-22,3.6,5.073548387096774,102.57444838709678,307.4888064516129,62.52258064516129,71.81,20788.66451612904,3.72,303.8464193548387,4192.63,17.21,33286.58
2023-05-23,3.6,5.074193548387097,102.55509354838708,307.5842258064516,62.690322580645166,72.87,20788.058064516128,3.7,303.8716774193548,4145.58,18.53,33055.51
2023-05-24,3.6,5.07483870967742,102.53573870967742,307.6796451612903,62.85806451612903,74.37,20787.451612903224,3.73,303.89693548387095,4115.24,20.03,32799.92
2023-05-25,3.6,5.075483870967742,102.51638387096774,307.775064516129,63.02580645161291,71.68,20786.845161290323,3.83,303.9221935483871,4151.28,19.14,32764.65
2023-05-26,3.6,5.0761290322580646,102.49702903225808,307.87048387096775,63.193548387096776,72.35,20786.23870967742,3.8,303.9474516129032,4205.45,17.95,33093.34
2023-05-29,3.6,5.078064516129032,102.43896451612903,308.15674193548386,63.69677419354839,70.175,20784.41935483871,3.7175,304.0232258064516,4205.5025000000005,17.46,33055.42
2023-05-30,3.6,5.078709677419355,102.41960967741936,308.2521612903226,63.86451612903226,69.45,20783.812903225804,3.69,304.04848387096774,4205.52,17.46,33042.78
2023-05-31,3.6,5.079354838709677,102.40025483870969,308.34758064516126,64.03225806451613,68.11,20783.206451612903,3.64,304.07374193548384,4179.83,17.94,32908.27
2023-06-01,3.6,5.08,102.3809,308.443,64.2,70.09,20782.6,3.61,304.099,4221.02,15.65,33061.57
2023-06-02,3.5966666666666667,5.081333333333333,102.40394333333332,308.5070333333333,64.44333333333334,71.76,20782.256666666664,3.69,304.1162,4282.37,14.6,33762.76
2023-06-05,3.586666666666667,5.085333333333334,102.47307333333332,308.6991333333333,65.17333333333333,72.14,20781.226666666666,3.69,304.1678,4273.79,14.73,33562.86
2023-06-06,3.583333333333333,5.086666666666667,102.49611666666668,308.7631666666667,65.41666666666667,71.71,20780.88333333333,3.7,304.185,4283.85,13.96,33573.28
2023-06-07,3.58,5.088,102.51916,308.8272,65.66,72.52,20780.54,3.79,304.2022,4267.52,13.94,33665.02
2023-06-08,3.5766666666666667,5.089333333333333,102.54220333333332,308.89123333333333,65.90333333333334,71.28,20780.196666666667,3.73,304.2194,4293.93,13.65,33833.61
2023-06-09,3.5733333333333333,5.0906666666666665,102.56524666666668,308.95526666666666,66.14666666666668,70.16,20779.853333333333,3.75,304.2366,4298.86,13.83,33876.78
2023-06-12,3.563333333333333,5.094666666666667,102.63437666666668,309.14736666666664,66.87666666666667,67.08,20778.823333333334,3.73,304.2882,4338.93,15.01,34066.33
2023-06-13,3.56,5.096,102.65742,309.2114,67.12,69.39,20778.48,3.84,304.3054,4369.01,14.61,34212.12
2023-06-14,3.556666666666666,5.097333333333333,102.68046333333334,309.2754333333333,67.36333333333333,68.22,20778.136666666665,3.83,304.3226,4372.59,13.88,33979.33
2023-06-15,3.553333333333333,5.0986666666666665,102.70350666666668,309.3394666666667,67.60666666666667,70.61,20777.79333333333,3.72,304.3398,4425.84,14.5,34408.06
2023-06-16,3.55,5.1,102.72655,309.4035,67.85,71.81,20777.45,3.77,304.357,4409.59,13.54,34299.12
2023-06-19,3.54,5.104,102.79568,309.5956,68.58,71.1575,20776.42,3.7475,304.4086,4393.93,14.19,34115.1825
2023-06-20,3.536666666666666,5.105333333333333,102.81872333333332,309.6596333333334,68.82333333333334,70.94,20776.076666666664,3.74,304.4258,4388.71,13.88,34053.87
2023-06-21,3.533333333333333,5.1066666666666665,102.84176666666666,309.7236666666667,69.06666666666666,72.55,20775.733333333334,3.72,304.443,4365.69,13.2,33951.52
2023-06-22,3.53,5.1080000000000005,102.86481,309.78770000000003,69.31,69.22,20775.39,3.8,304.4602,4381.89,12.91,33946.71
2023-06-23,3.526666666666667,5.109333333333334,102.88785333333333,309.85173333333336,69.55333333333333,68.91,20775.046666666665,3.74,304.4774,4348.33,13.44,33727.43
2023-06-26,3.5166666666666666,5.113333333333333,102.95698333333333,310.04383333333334,70.28333333333333,69.09,20774.016666666663,3.72,304.529,4328.82,14.25,33714.71
2023-06-27,3.513333333333333,5.1146666666666665,102.98002666666666,310.10786666666667,70.52666666666667,67.68,20773.67333333333,3.77,304.5462,4378.41,13.74,33926.74
2023-06-28,3.51,5.116,103.00307,310.17190000000005,70.77,69.54,20773.33,3.71,304.5634,4376.86,13.43,33852.66
2023-06-29,3.506666666666667,5.117333333333334,103.02611333333331,310.2359333333334,71.01333333333334,69.85,20772.986666666668,3.85,304.5806,4396.44,13.54,34122.42
2023-06-30,3.5033333333333334,5.118666666666667,103.04915666666666,310.2999666666667,71.25666666666666,70.66,20772.643333333333,3.81,304.5978,4450.38,13.59,34407.6
2023-07-03,3.5129032258064514,5.133548387096774,103.07367741935484,310.4522580645162,71.36451612903225,69.71,20770.66129032258,3.86,304.71325806451614,4455.59,13.57,34418.47
2023-07-04,3.5193548387096776,5.140322580645162,103.07441612903226,310.49638709677424,71.29677419354839,70.745,20769.84193548387,3.905,304.7623870967742,4451.205,13.7,34353.555
2023-07-05,3.525806451612904,5.147096774193549,103.07515483870968,310.5405161290323,71.22903225806452,71.78,20769.02258064516,3.95,304.81151612903227,4446.82,14.18,34288.64
2023-07-06,3.532258064516129,5.153870967741936,103.0758935483871,310.5846451612904,71.16129032258064,71.76,20768.20322580645,4.05,304.86064516129034,4411.59,15.44,33922.26
2023-07-07,3.5387096774193547,5.160645161290323,103.0766322580645,310.6287741935484,71.09354838709677,73.91,20767.38387096774,4.06,304.9097741935484,4398.95,14.83,33734.88
2023-07-10,3.5580645161290323,5.180967741935484,103.07884838709676,310.7611612903226,70.89032258064516,73.05,20764.92580645161,4.01,305.0571612903226,4409.53,15.07,33944.4
2023-07-11,3.564516129032258,5.187741935483871,103.0795870967742,310.8052903225807,70.8225806451613,74.87,20764.106451612904,3.99,305.10629032258066,4439.26,14.84,34261.42
2023-07-12,3.570967741935484,5.194516129032258,103.0803258064516,310.84941935483874,70.75483870967741,75.77,20763.287096774195,3.86,305.1554193548387,4472.16,13.54,34347.43
2023-07-13,3.57741935483871,5.201290322580645,103.08106451612905,310.8935483870968,70.68709677419355,76.86,20762.467741935485,3.76,305.2045483870968,4510.04,13.61,34395.14
2023-07-14,3.583870967741936,5.208064516129032,103.08180322580644,310.9376774193549,70.61935483870968,75.44,20761.64838709677,3.83,305.25367741935486,4505.42,13.34,34509.03
2023-07-17,3.603225806451613,5.228387096774194,103.0840193548387,311.07006451612904,70.41612903225807,74.17,20759.190322580645,3.81,305.401064516129,4522.79,13.48,34585.35
2023-07-18,3.609677419354839,5.235161290322581,103.08475806451612,311.1141935483871,70.3483870967742,75.76,20758.370967741936,3.8,305.45019354838706,4554.98,13.3,34951.93
2023-07-19,3.6161290322580646,5.241935483870968,103.08549677419354,311.1583225806452,70.28064516129032,75.4,20757.551612903226,3.75,305.4993225806451,4565.72,13.76,35061.21
2023-07-20,3.6225806451612894,5.248709677419355,103.08623548387096,311.20245161290325,70.21290322580646,75.65,20756.73225806452,3.85,305.5484516129032,4534.87,13.99,35225.18
2023-07-21,3.629032258064516,5.255483870967742,103.0869741935484,311.2465806451613,70.14516129032259,77.06,20755.91290322581,3.84,305.59758064516126,4536.34,13.6,35227.69
2023-07-24,3.6483870967741936,5.275806451612904,103.08919032258063,311.3789677419355,69.94193548387098,78.81,20753.45483870968,3.86,305.74496774193545,4554.64,13.91,35411.24
2023-07-25,3.6548387096774193,5.28258064516129,103.08992903225808,311.4230967741936,69.8741935483871,79.76,20752.63548387097,3.91,305.7940967741935,4567.46,13.86,35438.07
2023-07-26,3.6612903225806455,5.289354838709677,103.09066774193548,311.46722580645167,69.80645161290323,79.11,20751.81612903226,3.86,305.8432258064516,4566.75,13.19,35520.12
2023-07-27,3.667741935483871,5.296129032258064,103.0914064516129,311.5113548387097,69.73870967741937,80.17,20750.99677419355,4.01,305.89235483870965,4537.41,14.41,35282.72
2023-07-28,3.674193548387097,5.302903225806452,103.09214516129032,311.55548387096775,69.67096774193548,80.55,20750.17741935484,3.96,305.9414838709677,4582.23,13.33,35459.29
2023-07-31,3.693548387096776,5.323225806451613,103.09436129032258,311.687870967742,69.46774193548387,81.8,20747.71935483871,3.97,306.0888709677419,4588.96,13.63,35559.53
2023-08-01,3.7,5.33,103.0951,311.732,69.4,81.37,20746.9,4.05,306.138,4576.73,13.93,35630.68
2023-08-02,3.703225806451613,5.33,103.10197096774192,311.75948387096776,69.3483870967742,79.5,20746.03225806452,4.08,306.1778709677419,4513.39,16.09,35282.52
2023-08-03,3.706451612903226,5.33,103.10884193548388,311.7869677419355,69.29677419354839,81.56,20745.16451612904,4.2,306.21774193548384,4501.89,15.92,35215.89
2023-08-04,3.709677419354839,5.33,103.1157129032258,311.81445161290327,69.24516129032259,82.76,20744.29677419355,4.05,306.2576129032258,4478.03,17.1,35065.62
2023-08-07,3.719354838709677,5.33,103.1363258064516,311.89690322580645,69.09032258064516,81.94,20741.6935483871,4.09,306.3772258064516,4518.44,15.77,35473.13
2023-08-08,3.7225806451612895,5.33,103.14319677419356,311.92438709677424,69.03870967741936,82.94,20740.825806451616,4.02,306.4170967741935,4499.38,15.99,35314.49
2023-08-09,3.725806451612904,5.33,103.15006774193547,311.951870967742,68.98709677419355,84.35,20739.95806451613,4.0,306.4569677419355,4467.71,15.96,35123.36
2023-08-10,3.729032258064516,5.33,103.15693870967742,311.9793548387097,68.93548387096774,82.81,20739.090322580647,4.09,306.49683870967743,4468.83,15.85,35176.15
2023-08-11,3.732258064516129,5.33,103.16380967741937,312.0068387096774,68.88387096774194,83.17,20738.22258064516,4.16,306.53670967741937,4464.05,14.84,35281.4
2023-08-14,3.741935483870968,5.33,103.18442258064516,312.08929032258067,68.72903225806452,82.5,20735.61935483871,4.19,306.6563225806452,4489.72,14.82,35307.63
2023-08-15,3.7451612903225806,5.33,103.1912935483871,312.1167741935484,68.6774193548387,81.06,20734.751612903223,4.21,306.6961935483871,4437.86,16.46,34946.39
2023-08-16,3.7483870967741937,5.33,103.19816451612904,312.1442580645161,68.6258064516129,79.4,20733.883870967744,4.28,306.73606451612903,4404.33,16.78,34765.74
2023-08-17,3.7516129032258063,5.33,103.20503548387096,312.1717419354839,68.5741935483871,80.43,20733.016129032258,4.3,306.77593548387097,4370.36,17.89,34474.83
2023-08-18,3.7548387096774194,5.33,103.2119064516129,312.19922580645164,68.5225806451613,81.25,20732.14838709677,4.26,306.8158064516129,4369.71,17.3,34500.66
2023-08-21,3.764516129032258,5.33,103.23251935483871,312.2816774193549,68.36774193548388,80.71,20729.545161290323,4.34,306.9354193548387,4399.77,17.13,34463.69
2023-08-22,3.767741935483871,5.33,103.23939032258065,312.3091612903226,68.31612903225806,80.25,20728.67741935484,4.34,306.97529032258063,4387.55,16.97,34288.83
2023-08-23,3.770967741935484,5.33,103.24626129032258,312.33664516129033,68.26451612903226,78.91,20727.809677419355,4.19,307.01516129032257,4436.01,15.98,34472.98
2023-08-24,3.774193548387097,5.33,103.25313225806453,312.36412903225806,68.21290322580646,79.52,20726.941935483872,4.23,307.0550322580645,4376.31,17.2,34099.42
2023-08-25,3.7774193548387096,5.33,103.26000322580644,312.3916129032258,68.16129032258064,80.47,20726.074193548386,4.25,307.0949032258065,4405.71,15.68,34346.9
2023-08-28,3.787096774193549,5.33,103.28061612903224,312.47406451612903,68.00645161290322,80.65,20723.47096774193,4.2,307.2145161290323,4433.31,15.08,34559.98
2023-08-29,3.790322580645161,5.33,103.2874870967742,312.5015483870968,67.95483870967742,81.14,20722.60322580645,4.12,307.2543870967742,4497.63,14.45,34852.67
2023-08-30,3.793548387096774,5.33,103.29435806451612,312.52903225806455,67.90322580645162,81.64,20721.73548387097,4.12,307.29425806451616,4514.87,13.88,34890.24
2023-08-31,3.7967741935483854,5.33,103.30122903225806,312.5565161290323,67.8516129032258,83.55,20720.867741935483,4.09,307.3341290322581,4507.66,13.57,34721.91
2023-09-01,3.8,5.33,103.3081,312.584,67.8,85.52,20720.0,4.18,307.374,4515.77,13.09,34837.71
2023-09-04,3.81,5.33,103.2351,312.62,67.39999999999999,86.435,20716.73,4.2475,307.4019,4501.5650000000005,13.82,34690.905
2023-09-05,3.813333333333333,5.33,103.21076666666666,312.632,67.26666666666667,86.74,20715.64,4.27,307.4112,4496.83,14.01,34641.97
2023-09-06,3.8166666666666655,5.33,103.18643333333333,312.644,67.13333333333333,87.55,20714.55,4.3,307.4205,4465.48,14.45,34443.19
2023-09-07,3.82,5.33,103.1621,312.656,67.0,86.87,20713.46,4.27,307.4298,4451.14,14.4,34500.73
2023-09-08,3.823333333333333,5.33,103.13776666666666,312.668,66.86666666666666,87.51,20712.37,4.26,307.4391,4457.49,13.84,34576.59
2023-09-11,3.833333333333333,5.33,103.06476666666669,312.704,66.46666666666667,87.3,20709.1,4.29,307.46700000000004,4487.46,13.8,34663.72
2023-09-12,3.8366666666666656,5.33,103.04043333333334,312.716,66.33333333333333,88.87,20708.01,4.27,307.47630000000004,4461.9,14.23,34645.99
2023-09-13,3.84,5.33,103.0161,312.728,66.2,88.59,20706.92,4.25,307.48560000000003,4467.44,13.48,34575.53
2023-09-14,3.843333333333333,5.33,102.99176666666666,312.74,66.06666666666666,90.13,20705.83,4.29,307.49490000000003,4505.1,12.82,34907.11
2023-09-15,3.846666666666666,5.33,102.96743333333332,312.752,65.93333333333334,90.83,20704.74,4.33,307.5042,4450.32,13.79,34618.24
2023-09-18,3.8566666666666665,5.33,102.89443333333334,312.788,65.53333333333333,91.47,20701.47,4.32,307.5321,4453.53,14.0,34624.3
2023-09-19,3.86,5.33,102.8701,312.8,65.39999999999999,91.16,20700.38,4.37,307.5414,4443.95,14.11,34517.73
2023-09-20,3.863333333333333,5.33,102.84576666666666,312.812,65.26666666666667,89.2,20699.29,4.35,307.5507,4402.2,15.14,34440.88
2023-09-21,3.866666666666666,5.33,102.82143333333332,312.824,65.13333333333333,89.56,20698.2,4.49,307.56,4330.0,17.54,34070.42
2023-09-22,3.87,5.33,102.7971,312.836,65.0,90.0,20697.11,4.44,307.5693,4320.06,17.2,33963.84
2023-09-25,3.88,5.33,102.7241,312.872,64.6,89.68,20693.84,4.55,307.59720000000004,4337.44,16.9,34006.88
2023-09-26,3.883333333333333,5.33,102.69976666666668,312.884,64.46666666666667,91.43,20692.75,4.56,307.60650000000004,4273.53,18.94,33618.88
2023-09-27,3.8866666666666654,5.33,102.67543333333334,312.896,64.33333333333333,93.67,20691.66,4.61,307.61580000000004,4274.51,18.22,33550.27
2023-09-28,3.89,5.33,102.6511,312.908,64.2,91.65,20690.57,4.59,307.62510000000003,4299.7,17.34,33666.34
2023-09-29,3.893333333333333,5.33,102.62676666666668,312.92,64.06666666666666,90.77,20689.48,4.59,307.6344,4288.05,17.52,33507.5
2023-10-02,3.893548387096774,5.33,102.58805806451612,312.9194838709678,63.71935483870968,88.81,20687.6064516129,4.69,307.66700000000003,4288.39,17.61,33433.35
2023-10-03,3.887096774193549,5.33,102.59801612903226,312.8949677419355,63.63870967741935,89.26,20687.91290322581,4.81,307.68100000000004,4229.45,19.78,33002.38
2023-10-04,3.8806451612903214,5.33,102.6079741935484,312.87045161290325,63.55806451612903,84.32,20688.219354838708,4.73,307.695,4263.75,18.58,33129.55
2023-10-05,3.8741935483870966,5.33,102.61793225806451,312.84593548387096,63.47741935483871,82.3,20688.525806451613,4.72,307.709,4258.19,18.49,33119.57
2023-10-06,3.867741935483871,5.33,102.62789032258064,312.8214193548387,63.39677419354838,82.83,20688.832258064514,4.78,307.723,4308.5,17.45,33407.58
2023-10-09,3.848387096774193,5.33,102.65776451612903,312.747870967742,63.15483870967741,85.125,20689.751612903223,4.69,307.765,4335.66,17.7,33604.65
2023-10-10,3.841935483870968,5.33,102.66772258064516,312.7233548387097,63.07419354838709,85.89,20690.058064516128,4.66,307.779,4358.24,17.03,33739.3
2023-10-11,3.835483870967742,5.33,102.67768064516127,312.69883870967743,62.99354838709677,83.7,20690.36451612904,4.58,307.793,4376.95,16.09,33804.87
2023-10-12,3.829032258064516,5.33,102.68763870967742,312.6743225806452,62.912903225806446,82.87,20690.67096774193,4.7,307.807,4349.61,16.69,33631.14
2023-10-13,3.8225806451612905,5.33,102.69759677419356,312.6498064516129,62.832258064516125,87.67,20690.97741935484,4.63,307.821,4327.78,19.32,33670.29
2023-10-16,3.803225806451613,5.33,102.72747096774194,312.57625806451614,62.59032258064516,86.65,20691.89677419355,4.71,307.863,4373.63,17.21,33984.54
2023-10-17,3.796774193548387,5.33,102.73742903225806,312.5517419354839,62.50967741935484,86.66,20692.20322580645,4.83,307.877,4373.2,17.88,33997.65
2023-10-18,3.7903225806451615,5.33,102.7473870967742,312.5272258064516,62.42903225806452,88.35,20692.509677419355,4.91,307.891,4314.6,19.22,33665.08
2023-10-19,3.783870967741936,5.33,102.75734516129032,312.5027096774194,62.34838709677419,89.35,20692.816129032257,4.98,307.90500000000003,4278.0,21.4,33414.17
2023-10-20,3.7774193548387096,5.33,102.76730322580644,312.47819354838714,62.26774193548387,89.12,20693.12258064516,4.93,307.919,4224.16,21.71,33127.28
2023-10-23,3.758064516129033,5.33,102.79717741935484,312.4046451612903,62.0258064516129,85.49,20694.04193548387,4.86,307.961,4217.04,20.37,32936.41
2023-10-24,3.751612903225807,5.33,102.80713548387097,312.3801290322581,61.94516129032258,84.58,20694.34838709677,4.83,307.975,4247.68,18.97,33141.38
2023-10-25,3.7451612903225806,5.33,102.81709354838708,312.35561290322585,61.86451612903225,86.07,20694.65483870968,4.95,307.989,4186.77,20.19,33035.93
2023-10-26,3.738709677419355,5.33,102.82705161290322,312.33109677419355,61.78387096774193,83.8,20694.96129032258,4.86,308.003,4137.23,20.68,32784.3
2023-10-27,3.732258064516129,5.33,102.83700967741936,312.3065806451613,61.70322580645161,86.04,20695.267741935484,4.84,308.017,4117.37,21.27,32417.59
2023-10-30,3.712903225806452,5.33,102.86688387096774,312.2330322580645,61.461290322580645,83.03,20696.187096774192,4.88,308.059,4166.82,19.75,32928.96
2023-10-31,3.706451612903226,5.33,102.87684193548388,312.20851612903226,61.38064516129032,81.64,20696.493548387098,4.88,308.073,4193.8,18.14,33052.87
2023-11-01,3.7,5.33,102.8868,312.184,61.3,81.05,20696.8,4.77,308.087,4237.86,16.87,33274.58
2023-11-02,3.7033333333333336,5.33,102.87827,312.1444333333334,61.58,83.04,20696.95333333333,4.67,308.1086,4317.78,15.66,33839.08
2023-11-03,3.706666666666667,5.33,102.86974,312.1048666666667,61.86,81.19,20697.106666666667,4.57,308.1302,4358.34,14.91,34061.32
2023-11-06,3.716666666666667,5.33,102.84415,311.9861666666667,62.7,81.54,20697.566666666666,4.67,308.195,4365.98,14.89,34095.86
2023-11-07,3.72,5.33,102.83562,311.94660000000005,62.98,77.96,20697.72,4.58,308.2166,4378.38,14.81,34152.6
2023-11-08,3.7233333333333336,5.33,102.82709,311.90703333333335,63.26,75.85,20697.873333333333,4.49,308.2382,4382.78,14.45,34112.27
2023-11-09,3.7266666666666666,5.33,102.81856,311.8674666666667,63.54,76.34,20698.026666666665,4.62,308.2598,4347.35,15.29,33891.94
2023-11-10,3.73,5.33,102.81003,311.8279,63.82,76.97,20698.18,4.61,308.2814,4415.24,14.17,34283.1
2023-11-13,3.74,5.33,102.78444,311.7092,64.66,78.86,20698.64,4.63,308.3462,4411.55,14.76,34337.87
2023-11-14,3.743333333333333,5.33,102.77591,311.66963333333337,64.94,78.9,20698.79333333333,4.44,308.3678,4495.7,14.16,34827.7
2023-11-15,3.7466666666666666,5.33,102.76738,311.63006666666666,65.22,77.15,20698.946666666667,4.53,308.3894,4502.88,14.18,34991.21
2023-11-16,3.75,5.33,102.75885,311.5905,65.5,73.5,20699.1,4.45,308.411,4508.24,14.32,34945.47
2023-11-17,3.753333333333333,5.33,102.75032,311.5509333333334,65.78,76.47,20699.25333333333,4.44,308.4326,4514.02,13.8,34947.28
2023-11-20,3.763333333333333,5.33,102.72473,311.43223333333333,66.62,78.1,20699.713333333333,4.42,308.4974,4547.38,13.41,35151.04
2023-11-21,3.7666666666666666,5.33,102.7162,311.3926666666667,66.9,78.35,20699.86666666667,4.41,308.519,4538.19,13.35,35088.29
2023-11-22,3.77,5.33,102.70767,311.35310000000004,67.18,76.8,20700.02,4.42,308.5406,4556.62,12.85,35273.03
2023-11-23,3.773333333333333,5.33,102.69914,311.31353333333334,67.46000000000001,75.815,20700.173333333336,4.445,308.5622,4557.98,12.8,35331.59
2023-11-24,3.7766666666666655,5.33,102.69061,311.2739666666667,67.74000000000001,74.83,20700.326666666668,4.47,308.5838,4559.34,12.46,35390.15
2023-11-27,3.786666666666666,5.33,102.66502,311.1552666666667,68.58,74.46,20700.786666666667,4.39,308.6486,4550.43,12.69,35333.47
2023-11-28,3.79,5.33,102.65649,311.1157,68.86,76.09,20700.94,4.34,308.6702,4554.89,12.69,35416.98
2023-11-29,3.793333333333333,5.33,102.64796,311.07613333333336,69.14,77.56,20701.09333333333,4.27,308.6918,4550.58,12.98,35430.42
2023-11-30,3.7966666666666655,5.33,102.63943,311.03656666666666,69.42,75.66,20701.24666666667,4.37,308.71340000000004,4567.8,12.92,35950.89
2023-12-01,3.8,5.33,102.6309,310.997,69.7,73.7,20701.4,4.22,308.735,4594.63,12.63,36245.5
2023-12-04,3.790322580645161,5.33,102.5198129032258,310.98374193548386,70.60000000000001,72.73,20708.35806451613,4.28,308.83748387096773,4569.78,13.08,36204.44
2023-12-05,3.787096774193549,5.33,102.48278387096774,310.9793225806452,70.9,71.95,20710.67741935484,4.18,308.8716451612904,4567.18,12.85,36124.56
2023-12-06,3.7838709677419353,5.33,102.44575483870968,310.9749032258065,71.2,68.98,20712.99677419355,4.12,308.90580645161293,4549.34,12.97,36054.43
2023-12-07,3.780645161290322,5.33,102.4087258064516,310.97048387096777,71.5,69.0,20715.31612903226,4.14,308.9399677419355,4585.59,13.06,36117.38
2023-12-08,3.7774193548387096,5.33,102.37169677419357,310.96606451612905,71.8,70.87,20717.63548387097,4.23,308.9741290322581,4604.37,12.35,36247.87
2023-12-11,3.767741935483871,5.33,102.26060967741935,310.9528064516129,72.7,70.95,20724.593548387096,4.23,309.0766129032258,4622.44,12.63,36404.93
2023-12-12,3.764516129032258,5.33,102.22358064516128,310.9483870967742,73.0,68.27,20726.91290322581,4.2,309.1107741935484,4643.7,12.07,36577.94
2023-12-13,3.761290322580645,5.33,102.18655161290324,310.9439677419355,73.3,69.09,20729.23225806452,4.04,309.144935483871,4707.09,12.19,37090.24
2023-12-14,3.758064516129032,5.33,102.14952258064515,310.9395483870968,73.60000000000001,71.21,20731.551612903226,3.92,309.1790967741936,4719.55,12.48,37248.35
2023-12-15,3.7548387096774194,5.33,102.11249354838708,310.9351290322581,73.9,71.05,20733.870967741936,3.91,309.21325806451614,4719.19,12.28,37305.16
2023-12-18,3.7451612903225806,5.33,102.00140645161292,310.92187096774194,74.8,72.16,20740.829032258065,3.95,309.31574193548386,4740.56,12.56,37306.02
2023-12-19,3.741935483870968,5.33,101.96437741935485,310.9174516129032,75.1,73.23,20743.14838709677,3.93,309.34990322580643,4768.37,12.53,37557.92
2023-12-20,3.738709677419355,5.33,101.92734838709676,310.9130322580645,75.4,73.87,20745.467741935485,3.86,309.384064516129,4698.35,13.67,37082.0
2023-12-21,3.735483870967742,5.33,101.89031935483872,310.90861290322584,75.7,73.59,20747.787096774195,3.89,309.41822580645163,4746.75,13.65,37404.35
2023-12-22,3.732258064516129,5.33,101.85329032258063,310.9041935483871,76.0,73.29,20750.106451612904,3.9,309.4523870967742,4754.63,13.03,37385.97
2023-12-25,3.7225806451612895,5.33,101.74220322580643,310.890935483871,76.9,75.2025,20757.06451612903,3.8925,309.5548709677419,4769.72,13.0,37505.490000000005
2023-12-26,3.719354838709677,5.33,101.7051741935484,310.88651612903226,77.2,75.84,20759.38387096774,3.89,309.5890322580645,4774.75,12.99,37545.33
2023-12-27,3.7161290322580647,5.33,101.66814516129033,310.88209677419354,77.5,74.31,20761.70322580645,3.79,309.62319354838706,4781.58,12.43,37656.52
2023-12-28,3.712903225806452,5.33,101.63111612903226,310.8776774193548,77.8,72.02,20764.02258064516,3.84,309.65735483870964,4783.35,12.47,37710.1
2023-12-29,3.709677419354839,5.33,101.5940870967742,310.87325806451616,78.1,71.89,20766.34193548387,3.88,309.69151612903227,4769.83,12.45,37689.54
2024-01-01,3.7,5.33,101.483,310.86,79.0,70.9375,20773.3,3.9325,309.794,4749.58,13.0125,37708.665
2024-01-02,3.706451612903226,5.33,101.52311935483873,310.9219677419355,78.93225806451613,70.62,20776.14838709677,3.95,309.8336129032258,4742.83,13.2,37715.04
2024-01-03,3.712903225806452,5.33,101.56323870967742,310.983935483871,78.86451612903225,72.97,20778.996774193547,3.91,309.8732258064516,4704.81,14.04,37430.19
2024-01-04,3.7193548387096778,5.33,101.60335806451612,311.04590322580646,78.79677419354839,72.38,20781.845161290323,3.99,309.91283870967743,4688.68,14.13,37440.34
2024-01-05,3.725806451612904,5.33,101.64347741935484,311.107870967742,78.72903225806452,74.0,20784.69354838709,4.05,309.9524516129032,4697.24,13.35,37466.11
2024-01-08,3.7451612903225806,5.33,101.76383548387096,311.2937741935484,78.52580645161291,71.06,20793.23870967742,4.01,310.07129032258064,4763.54,13.08,37683.01
2024-01-09,3.751612903225807,5.33,101.80395483870969,311.3557419354839,78.45806451612903,72.43,20796.0870967742,4.02,310.11090322580645,4756.5,12.76,37525.16
2024-01-10,3.758064516129033,5.33,101.8440741935484,311.41770967741934,78.39032258064516,71.57,20798.93548387097,4.04,310.15051612903227,4783.45,12.69,37695.73
2024-01-11,3.764516129032258,5.33,101.8841935483871,311.47967741935486,78.3225806451613,72.15,20801.78387096774,3.98,310.190129032258,4780.24,12.44,37711.02
2024-01-12,3.770967741935484,5.33,101.9243129032258,311.5416451612903,78.25483870967741,72.94,20804.63225806452,3.96,310.22974193548384,4783.83,12.7,37592.98
2024-01-15,3.7903225806451615,5.33,102.04467096774194,311.7275483870968,78.0516129032258,72.7075,20813.17741935484,4.0425,310.3485806451613,4770.442499999999,13.25,37419.08500000001
2024-01-16,3.796774193548387,5.33,102.08479032258064,311.7895161290323,77.98387096774194,72.63,20816.025806451613,4.07,310.3881935483871,4765.98,13.84,37361.12
2024-01-17,3.803225806451613,5.33,102.12490967741935,311.85148387096774,77.91612903225807,72.79,20818.874193548385,4.1,310.42780645161287,4739.21,14.79,37266.67
2024-01-18,3.809677419354839,5.33,102.16502903225806,311.91345161290326,77.8483870967742,74.32,20821.72258064516,4.14,310.4674193548387,4780.94,14.13,37468.61
2024-01-19,3.816129032258064,5.33,102.20514838709676,311.9754193548387,77.78064516129032,73.69,20824.570967741933,4.15,310.5070322580645,4839.81,13.3,37863.8
2024-01-22,3.835483870967742,5.33,102.3255064516129,312.1613225806452,77.57741935483871,75.26,20833.116129032256,4.11,310.62587096774195,4850.43,13.19,38001.81
2024-01-23,3.841935483870968,5.33,102.3656258064516,312.2232903225807,77.50967741935484,74.72,20835.964516129032,4.14,310.6654838709677,4864.6,12.55,37905.45
2024-01-24,3.848387096774193,5.33,102.40574516129033,312.28525806451614,77.44193548387098,75.48,20838.812903225804,4.18,310.7050967741935,4868.55,13.14,37806.39
2024-01-25,3.85483870967742,5.33,102.44586451612903,312.3472258064516,77.3741935483871,77.91,20841.66129032258,4.14,310.74470967741934,4894.16,13.45,38049.13
2024-01-26,3.861290322580645,5.33,102.48598387096774,312.4091935483871,77.30645161290323,78.45,20844.509677419355,4.15,310.78432258064515,4890.97,13.26,38109.43
2024-01-29,3.8806451612903214,5.33,102.60634193548388,312.5950967741936,77.10322580645162,77.25,20853.054838709675,4.08,310.90316129032254,4927.93,13.6,38333.45
2024-01-30,3.887096774193549,5.33,102.64646129032258,312.657064516129,77.03548387096775,78.3,20855.90322580645,4.06,310.9427741935484,4924.97,13.31,38467.31
2024-01-31,3.893548387096774,5.33,102.68658064516129,312.71903225806454,76.96774193548387,76.28,20858.751612903223,3.99,310.9823870967742,4845.65,14.35,38150.3
2024-02-01,3.9,5.33,102.7267,312.781,76.9,74.36,20861.6,3.87,311.022,4906.19,13.88,38519.84
2024-02-02,3.9,5.33,102.71952413793105,312.925275862069,76.98620689655174,72.72,20862.975862068964,4.03,311.05941379310343,4958.61,13.85,38654.42
2024-02-05,3.9,5.33,102.69799655172412,313.35810344827587,77.2448275862069,73.21,20867.103448275862,4.17,311.1716551724138,4942.81,13.67,38380.12
2024-02-06,3.9,5.33,102.69082068965515,313.50237931034485,77.33103448275862,73.83,20868.479310344825,4.09,311.20906896551725,4954.23,13.06,38521.36
2024-02-07,3.9,5.33,102.6836448275862,313.6466551724138,77.41724137931035,74.26,20869.85517241379,4.09,311.2464827586207,4995.06,12.83,38677.36
2024-02-08,3.9,5.33,102.67646896551724,313.79093103448275,77.50344827586207,76.67,20871.23103448276,4.15,311.2838965517241,4997.91,12.79,38726.33
2024-02-09,3.9,5.33,102.66929310344828,313.93520689655173,77.5896551724138,77.26,20872.60689655172,4.17,311.3213103448276,5026.61,12.93,38671.69
2024-02-12,3.9,5.33,102.64776551724138,314.3680344827586,77.84827586206897,77.34,20876.73448275862,4.17,311.43355172413794,5021.84,13.93,38797.38
2024-02-13,3.9,5.33,102.64058965517242,314.5123103448276,77.93448275862069,78.28,20878.110344827583,4.31,311.4709655172414,4953.17,15.85,38272.75
2024-02-14,3.9,5.33,102.63341379310344,314.6565862068965,78.02068965517242,77.09,20879.486206896552,4.27,311.5083793103448,5000.62,14.38,38424.27
2024-02-15,3.9,5.33,102.62623793103448,314.8008620689655,78.10689655172415,78.47,20880.86206896552,4.24,311.54579310344826,5029.73,14.01,38773.12
2024-02-16,3.9,5.33,102.61906206896552,314.9451379310345,78.19310344827586,79.65,20882.23793103448,4.3,311.58320689655176,5005.57,14.24,38627.99
2024-02-19,3.9,5.33,102.59753448275862,315.37796551724136,78.45172413793104,78.9525,20886.36551724138,4.2775,311.6954482758621,4983.025,14.71,38579.8475
2024-02-20,3.9,5.33,102.59035862068966,315.52224137931034,78.53793103448277,78.72,20887.741379310344,4.27,311.7328620689655,4975.51,15.42,38563.8
2024-02-21,3.9,5.33,102.5831827586207,315.66651724137927,78.62413793103448,78.89,20889.11724137931,4.32,311.77027586206896,4981.8,15.34,38612.24
2024-02-22,3.9,5.33,102.57600689655172,315.81079310344825,78.71034482758621,79.64,20890.49310344828,4.33,311.80768965517245,5087.03,14.54,39069.11
2024-02-23,3.9,5.33,102.56883103448276,315.9550689655172,78.79655172413794,77.6,20891.86896551724,4.26,311.8451034482759,5088.8,13.75,39131.53
2024-02-26,3.9,5.33,102.54730344827588,316.3878965517241,79.05517241379312,78.53,20895.996551724136,4.28,311.9573448275862,5069.53,13.74,39069.23
2024-02-27,3.9,5.33,102.5401275862069,316.5321724137931,79.14137931034483,79.8,20897.372413793106,4.31,311.99475862068965,5078.18,13.43,38972.41
2024-02-28,3.9,5.33,102.53295172413792,316.67644827586207,79.22758620689656,79.44,20898.748275862068,4.27,312.03217241379315,5069.76,13.84,38949.02
2024-02-29,3.9,5.33,102.52577586206895,316.820724137931,79.31379310344828,79.22,20900.12413793104,4.25,312.0695862068966,5096.27,13.4,38996.39
2024-03-01,3.9,5.33,102.5186,316.965,79.4,80.9,20901.5,4.19,312.107,5137.08,13.11,39087.38
2024-03-04,3.9,5.33,102.50294193548388,317.3444516129032,79.18709677419355,79.67,20904.53870967742,4.22,312.1949677419355,5130.95,13.49,38989.83
2024-03-05,3.9,5.33,102.49772258064516,317.47093548387096,79.11612903225807,79.11,20905.551612903226,4.13,312.22429032258066,5078.65,14.46,38585.19
2024-03-06,3.9,5.33,102.49250322580646,317.5974193548387,79.04516129032258,80.08,20906.56451612904,4.11,312.2536129032258,5104.76,14.5,38661.05
2024-03-07,3.9,5.33,102.48728387096774,317.72390322580645,78.9741935483871,79.81,20907.57741935484,4.09,312.282935483871,5157.36,14.44,38791.35
2024-03-08,3.9,5.33,102.48206451612904,317.85038709677417,78.90322580645162,78.96,20908.590322580647,4.09,312.31225806451613,5123.69,14.74,38722.69
2024-03-11,3.9,5.33,102.46640645161293,318.22983870967744,78.69032258064517,78.87,20911.629032258064,4.1,312.40022580645166,5117.94,15.22,38769.66
2024-03-12,3.9,5.33,102.4611870967742,318.3563225806452,78.61935483870968,78.51,20912.64193548388,4.16,312.4295483870968,5175.27,13.84,39005.49
2024-03-13,3.9,5.33,102.4559677419355,318.4828064516129,78.54838709677419,80.67,20913.65483870968,4.19,312.458870967742,5165.31,13.75,39043.32
2024-03-14,3.9,5.33,102.45074838709678,318.60929032258065,78.47741935483872,82.16,20914.66774193549,4.29,312.4881935483872,5150.48,14.4,38905.66
2024-03-15,3.9,5.33,102.44552903225808,318.7357741935484,78.40645161290323,81.94,20915.68064516129,4.31,312.5175161290323,5117.09,14.41,38714.77
2024-03-18,3.9,5.33,102.42987096774196,319.11522580645163,78.19354838709678,83.68,20918.71935483871,4.34,312.60548387096776,5149.42,14.33,38790.43
2024-03-19,3.9,5.33,102.42465161290323,319.2417096774193,78.12258064516129,84.39,20919.73225806452,4.3,312.6348064516129,5178.51,13.82,39110.76
2024-03-20,3.9,5.33,102.41943225806452,319.3681935483871,78.05161290322582,82.79,20920.745161290324,4.27,312.6641290322581,5224.62,13.04,39512.13
2024-03-21,3.9,5.33,102.41421290322582,319.49467741935484,77.98064516129033,81.99,20921.75806451613,4.27,312.69345161290323,5241.53,12.92,39781.37
2024-03-22,3.9,5.33,102.4089935483871,319.62116129032256,77.90967741935484,81.1,20922.770967741937,4.22,312.7227741935484,5234.18,13.06,39475.9
2024-03-25,3.9,5.33,102.39333548387096,320.00061290322583,77.69677419354839,82.41,20925.809677419355,4.25,312.8107419354839,5218.19,13.19,39313.64
2024-03-26,3.9,5.33,102.38811612903228,320.12709677419355,77.6258064516129,82.41,20926.822580645163,4.24,312.8400645161291,5203.58,13.24,39282.33
2024-03-27,3.9,5.33,102.38289677419355,320.2535806451613,77.55483870967743,82.15,20927.835483870967,4.2,312.86938709677423,5248.49,12.78,39760.08
2024-03-28,3.9,5.33,102.37767741935484,320.38006451612904,77.48387096774194,83.96,20928.848387096776,4.2,312.8987096774194,5254.35,13.01,39807.37
2024-03-29,3.9,5.33,102.37245806451614,320.5065483870968,77.41290322580646,84.10499999999999,20929.86129032258,4.2325,312.92803225806455,5251.705,13.17,39747.240000000005
2024-04-01,3.9,5.33,102.3568,320.886,77.2,84.54,20932.9,4.33,313.016,5243.77,13.65,39566.85
2024-04-02,3.903333333333333,5.33,102.37756333333334,320.9836,76.93,85.95,20935.04,4.36,313.0201333333334,5205.81,14.61,39170.24
2024-04-03,3.9066666666666654,5.33,102.39832666666668,321.0812,76.66,86.22,20937.18,4.36,313.0242666666667,5211.49,14.33,39127.14
2024-04-04,3.91,5.33,102.41909,321.1788,76.39,87.37,20939.32,4.31,313.02840000000003,5147.21,16.35,38596.98
2024-04-05,3.913333333333333,5.33,102.43985333333332,321.2764,76.12,87.69,20941.460000000003,4.39,313.03253333333333,5204.34,16.03,38904.04
2024-04-08,3.923333333333333,5.33,102.50214333333334,321.5692,75.31,87.24,20947.88,4.42,313.04493333333335,5202.39,15.19,38892.8
2024-04-09,3.9266666666666654,5.33,102.52290666666669,321.6668,75.04,86.04,20950.02,4.36,313.0490666666667,5209.91,14.98,38883.67
2024-04-10,3.93,5.33,102.54367,321.7644,74.77,86.98,20952.16,4.55,313.0532,5160.64,15.8,38461.51
2024-04-11,3.933333333333333,5.33,102.56443333333334,321.862,74.5,85.79,20954.3,4.56,313.05733333333336,5199.06,14.91,38459.08
2024-04-12,3.9366666666666665,5.33,102.58519666666668,321.9596,74.23,86.46,20956.44,4.5,313.06146666666666,5123.41,17.31,37983.24
2024-04-15,3.9466666666666654,5.33,102.64748666666668,322.2524,73.42,86.21,20962.86,4.63,313.0738666666667,5061.82,19.23,37735.11
2024-04-16,3.95,5.33,102.66825,322.35,73.15,86.15,20965.0,4.67,313.078,5051.41,18.4,37798.97
2024-04-17,3.953333333333333,5.33,102.68901333333334,322.4476,72.88,83.58,20967.14,4.59,313.08213333333333,5022.21,18.21,37753.31
2024-04-18,3.9566666666666666,5.33,102.70977666666668,322.5452,72.61,83.5,20969.28,4.64,313.0862666666667,5011.12,18.0,37775.38
2024-04-19,3.96,5.33,102.73054,322.6428,72.34,83.79,20971.42,4.62,313.0904,4967.23,18.71,37986.4
2024-04-22,3.97,5.33,102.79283,322.9356,71.53,83.82,20977.84,4.62,313.1028,5010.6,16.94,38239.98
2024-04-23,3.973333333333333,5.33,102.81359333333332,323.0332,71.25999999999999,84.17,20979.98,4.61,313.1069333333333,5070.55,15.69,38503.69
2024-04-24,3.9766666666666666,5.33,102.83435666666666,323.1308,70.99,84.09,20982.12,4.65,313.11106666666666,5071.63,15.97,38460.92
2024-04-25,3.98,5.33,102.85512,323.2284,70.72,84.92,20984.26,4.7,313.1152,5048.42,15.37,38085.8
2024-04-26,3.983333333333333,5.33,102.87588333333332,323.326,70.44999999999999,85.38,20986.4,4.67,313.1193333333333,5099.96,15.03,38239.66
2024-04-29,3.993333333333333,5.33,102.93817333333332,323.6188,69.64,84.26,20992.82,4.63,313.13173333333333,5116.17,14.67,38386.09
2024-04-30,3.9966666666666666,5.33,102.95893666666666,323.7164,69.36999999999999,83.49,20994.96,4.69,313.13586666666663,5035.69,15.65,37815.92
2024-05-01,4.0,5.33,102.9797,323.814,69.1,80.7,20997.1,4.63,313.14,5018.39,15.39,37903.29
2024-05-02,4.003225806451613,5.33,102.98852903225806,323.863935483871,69.07096774193548,80.59,20999.3064516129,4.58,313.1397096774193,5064.2,14.68,38225.66
2024-05-03,4.006451612903226,5.33,102.99735806451612,323.913870967742,69.04193548387096,79.65,21001.512903225805,4.5,313.1394193548387,5127.79,13.49,38675.68
2024-05-06,4.016129032258064,5.33,103.02384516129032,324.06367741935486,68.95483870967742,80.1,21008.13225806452,4.49,313.1385483870968,5180.74,13.49,38852.27
2024-05-07,4.019354838709678,5.33,103.0326741935484,324.1136129032258,68.9258064516129,79.97,21010.338709677417,4.47,313.1382580645161,5187.7,13.23,38884.26
2024-05-08,4.02258064516129,5.33,103.04150322580644,324.1635483870968,68.89677419354838,80.57,21012.54516129032,4.48,313.1379677419355,5187.67,13.0,39056.39
2024-05-09,4.025806451612903,5.33,103.05033225806451,324.21348387096776,68.86774193548386,80.86,21014.751612903223,4.45,313.1376774193548,5214.08,12.69,39387.76
2024-05-10,4.029032258064516,5.33,103.05916129032258,324.26341935483873,68.83870967741935,79.81,21016.95806451613,4.5,313.13738709677415,5222.68,12.55,39512.84
2024-05-13,4.038709677419354,5.33,103.08564838709675,324.41322580645163,68.7516129032258,80.71,21023.57741935484,4.48,313.13651612903226,5221.42,13.6,39431.51
2024-05-14,4.041935483870968,5.33,103.09447741935485,324.4631612903226,68.72258064516129,79.62,21025.78387096774,4.45,313.1362258064516,5246.68,13.42,39558.11
2024-05-15,4.04516129032258,5.33,103.1033064516129,324.5130967741936,68.69354838709677,80.23,21027.990322580645,4.36,313.1359354838709,5308.15,12.45,39908.0
2024-05-16,4.048387096774193,5.33,103.11213548387096,324.56303225806454,68.66451612903225,80.85,21030.196774193548,4.38,313.1356451612903,5297.1,12.42,39869.38
2024-05-17,4.051612903225807,5.33,103.12096451612904,324.6129677419355,68.63548387096775,81.66,21032.40322580645,4.42,313.13535483870965,5303.27,11.99,40003.59
2024-05-20,4.061290322580645,5.33,103.14745161290324,324.7627741935484,68.54838709677419,81.39,21039.02258064516,4.44,313.1344838709677,5308.13,12.15,39806.77
2024-05-21,4.064516129032258,5.33,103.15628064516127,324.8127096774194,68.51935483870967,80.66,21041.229032258063,4.41,313.1341935483871,5321.41,11.86,39872.99
2024-05-22,4.067741935483871,5.33,103.16510967741937,324.86264516129035,68.49032258064516,79.15,21043.43548387097,4.43,313.1339032258064,5307.01,12.29,39671.04
2024-05-23,4.070967741935483,5.33,103.17393870967742,324.9125806451613,68.46129032258065,77.47,21045.64193548387,4.47,313.1336129032258,5267.84,12.77,39065.26
2024-05-24,4.074193548387097,5.33,103.18276774193548,324.9625161290323,68.43225806451613,78.48,21047.84838709677,4.46,313.13332258064514,5304.72,11.93,39069.59
2024-05-27,4.083870967741936,5.33,103.20925483870968,325.1123225806452,68.34516129032258,80.295,21054.467741935485,4.52,313.1324516129032,5305.71,12.36,38907.0425
2024-05-28,4.087096774193548,5.33,103.21808387096776,325.1622580645161,68.31612903225806,80.9,21056.674193548388,4.54,313.13216129032253,5306.04,12.92,38852.86
2024-05-29,4.090322580645161,5.33,103.2269129032258,325.2121935483871,68.28709677419356,80.24,21058.88064516129,4.61,313.1318709677419,5266.95,14.28,38441.54
2024-05-30,4.0935483870967735,5.33,103.23574193548389,325.2621290322581,68.25806451612904,78.96,21061.0870967742,4.55,313.13158064516125,5235.48,14.47,38111.48
2024-05-31,4.096774193548387,5.33,103.24457096774194,325.31206451612906,68.22903225806452,77.97,21063.293548387097,4.51,313.13129032258064,5277.51,12.92,38686.32
2024-06-03,4.1066666666666665,5.33,103.20445333333332,325.38300000000004,68.08,75.26,21067.68,4.41,313.16,5283.4,13.11,38571.03
2024-06-04,4.109999999999999,5.33,103.17998,325.3935,68.02000000000001,74.27,21068.77,4.33,313.1745,5291.34,13.16,38711.29
2024-06-05,4.113333333333333,5.33,103.15550666666668,325.404,67.96000000000001,75.08,21069.86,4.29,313.189,5354.03,12.63,38807.33
2024-06-06,4.116666666666666,5.33,103.13103333333332,325.41450000000003,67.9,76.52,21070.95,4.28,313.2035,5352.96,12.58,38886.17
2024-06-07,4.12,5.33,103.10656,325.425,67.84,76.53,21072.04,4.43,313.218,5346.99,12.22,38798.99
2024-06-10,4.13,5.33,103.03314,325.4565,67.66,78.75,21075.31,4.47,313.2615,5360.79,12.74,38868.04
2024-06-11,4.133333333333333,5.33,103.00866666666668,325.46700000000004,67.60000000000001,78.88,21076.4,4.39,313.27599999999995,5375.32,12.85,38747.42
2024-06-12,4.136666666666667,5.33,102.98419333333334,325.4775,67.54,79.56,21077.49,4.31,313.29049999999995,5421.03,12.04,38712.21
2024-06-13,4.14,5.33,102.95972,325.488,67.48,79.61,21078.58,4.24,313.30499999999995,5433.74,11.94,38647.1
2024-06-14,4.1433333333333335,5.33,102.93524666666669,325.49850000000004,67.42,79.41,21079.67,4.2,313.31949999999995,5431.6,12.66,38589.16
2024-06-17,4.153333333333333,5.33,102.86182666666666,325.53000000000003,67.24000000000001,81.33,21082.94,4.28,313.363,5473.23,12.75,38778.1
2024-06-18,4.156666666666666,5.33,102.83735333333333,325.5405,67.18,82.67,21084.03,4.22,313.3775,5487.03,12.3,38834.86
2024-06-19,4.16,5.33,102.81288,325.55100000000004,67.12,83.005,21085.12,4.234999999999999,313.392,5480.1,12.48,38984.81
2024-06-20,4.163333333333333,5.33,102.78840666666666,325.5615,67.06,83.34,21086.21,4.25,313.4065,5473.17,13.28,39134.76
2024-06-21,4.166666666666667,5.33,102.76393333333333,325.572,67.0,81.71,21087.3,4.25,313.421,5464.62,13.2,39150.33
2024-06-24,4.176666666666667,5.33,102.69051333333331,325.6035,66.82000000000001,82.63,21090.57,4.25,313.4645,5447.87,13.33,39411.21
2024-06-25,4.18,5.33,102.66604,325.61400000000003,66.76,81.97,21091.66,4.23,313.479,5469.3,12.84,39112.16
2024-06-26,4.183333333333334,5.33,102.64156666666666,325.6245,66.7,82.19,21092.75,4.32,313.4935,5477.9,12.55,39127.8
2024-06-27,4.1866666666666665,5.33,102.61709333333332,325.63500000000005,66.64,83.04,21093.84,4.29,313.508,5482.87,12.24,39164.06
2024-06-28,4.19,5.33,102.59262,325.6455,66.58000000000001,82.83,21094.93,4.36,313.5225,5460.48,12.44,39118.86
2024-07-01,4.2,5.33,102.5192,325.677,66.4,84.7,21098.2,4.48,313.566,5475.09,12.22,39169.52
2024-07-02,4.2,5.33,102.53534193548388,325.65925806451617,66.4483870967742,84.09,21101.022580645164,4.43,313.5842258064516,5509.01,12.03,39331.85
2024-07-03,4.2,5.33,102.55148387096774,325.64151612903225,66.49677419354839,85.19,21103.845161290323,4.36,313.6024516129032,5537.02,12.09,39308.0
2024-07-04,4.2,5.33,102.56762580645162,325.6237741935484,66.54516129032258,84.815,21106.66774193549,4.32,313.6206774193548,5552.105,12.26,39341.935
2024-07-05,4.2,5.33,102.58376774193547,325.60603225806454,66.59354838709677,84.44,21109.490322580645,4.28,313.6389032258064,5567.19,12.48,39375.87
2024-07-08,4.2,5.33,102.6321935483871,325.5528064516129,66.73870967741937,83.63,21117.95806451613,4.28,313.69358064516126,5572.85,12.37,39344.79
2024-07-09,4.2,5.33,102.64833548387097,325.53506451612907,66.78709677419356,82.78,21120.78064516129,4.3,313.71180645161286,5576.98,12.51,39291.97
2024-07-10,4.2,5.33,102.66447741935484,325.5173225806452,66.83548387096775,83.39,21123.60322580645,4.28,313.7300322580645,5633.91,12.85,39721.36
2024-07-11,4.2,5.33,102.68061935483873,325.4995806451613,66.88387096774194,83.92,21126.42580645161,4.2,313.7482580645161,5584.54,12.92,39753.75
2024-07-12,4.2,5.33,102.69676129032258,325.48183870967745,66.93225806451613,83.49,21129.248387096774,4.18,313.7664838709677,5615.35,12.46,40000.9
2024-07-15,4.2,5.33,102.7451870967742,325.4286129032258,67.07741935483871,83.22,21137.71612903226,4.23,313.8211612903225,5631.22,13.12,40211.72
2024-07-16,4.2,5.33,102.76132903225806,325.410870967742,67.1258064516129,81.92,21140.53870967742,4.17,313.83938709677415,5667.2,13.19,40954.48
2024-07-17,4.2,5.33,102.77747096774192,325.39312903225806,67.17419354838711,84.16,21143.36129032258,4.16,313.8576129032258,5588.27,14.48,41198.08
2024-07-18,4.2,5.33,102.7936129032258,325.3753870967742,67.2225806451613,84.17,21146.183870967743,4.2,313.8758387096774,5544.59,15.93,40665.02
2024-07-19,4.2,5.33,102.80975483870968,325.35764516129035,67.2709677419355,81.43,21149.006451612902,4.25,313.894064516129,5505.0,16.52,40287.53
2024-07-22,4.2,5.33,102.85818064516128,325.3044193548387,67.41612903225807,81.25,21157.474193548387,4.26,313.94874193548384,5564.41,14.91,40415.44
2024-07-23,4.2,5.33,102.87432258064516,325.2866774193549,67.46451612903226,78.24,21160.29677419355,4.25,313.96696774193543,5555.74,14.72,40358.09
2024-07-24,4.2,5.33,102.89046451612904,325.26893548387096,67.51290322580645,78.78,21163.11935483871,4.28,313.9851935483871,5427.13,18.04,39853.87
2024-07-25,4.2,5.33,102.9066064516129,325.2511935483871,67.56129032258065,79.43,21165.941935483872,4.27,314.0034193548387,5399.22,18.46,39935.07
2024-07-26,4.2,5.33,102.92274838709676,325.23345161290325,67.60967741935484,78.58,21168.764516129035,4.2,314.0216451612903,5459.1,16.39,40589.34
2024-07-29,4.2,5.33,102.97117419354838,325.18022580645163,67.75483870967743,77.27,21177.23225806452,4.17,314.0763225806451,5463.54,16.6,40539.93
2024-07-30,4.2,5.33,102.98731612903224,325.1624838709678,67.80322580645162,76.17,21180.05483870968,4.15,314.0945483870967,5436.44,17.69,40743.33
2024-07-31,4.2,5.33,103.00345806451612,325.14474193548386,67.85161290322581,79.36,21182.87741935484,4.09,314.1127741935484,5522.3,16.36,40842.79
2024-08-01,4.2,5.33,103.0196,325.127,67.9,77.74,21185.7,3.99,314.131,5446.68,18.59,40347.97
2024-08-02,4.196774193548388,5.323548387096774,103.00591612903226,325.115,67.9709677419355,74.99,21188.490322580645,3.8,314.1542258064516,5346.56,23.39,39737.26
2024-08-05,4.187096774193549,5.304193548387097,102.96486451612904,325.079,68.18387096774194,74.46,21196.86129032258,3.78,314.22390322580645,5186.33,38.57,38703.27
2024-08-06,4.183870967741935,5.297741935483871,102.95118064516129,325.067,68.25483870967743,74.6,21199.651612903228,3.9,314.24712903225804,5240.03,27.71,38997.66
2024-08-07,4.180645161290323,5.291290322580645,102.93749677419356,325.055,68.3258064516129,76.68,21202.441935483872,3.96,314.27035483870964,5199.5,27.85,38763.45
2024-08-08,4.17741935483871,5.28483870967742,102.9238129032258,325.043,68.3967741935484,77.64,21205.23225806452,3.99,314.2935806451613,5319.31,23.79,39446.49
2024-08-09,4.174193548387096,5.2783870967741935,102.91012903225806,325.031,68.46774193548387,78.28,21208.022580645164,3.94,314.3168064516129,5344.16,20.37,39497.54
2024-08-12,4.164516129032258,5.259032258064516,102.86907741935484,324.995,68.68064516129033,81.45,21216.3935483871,3.9,314.3864838709677,5344.39,20.71,39357.01
2024-08-13,4.161290322580645,5.252580645161291,102.8553935483871,324.983,68.7516129032258,79.81,21219.183870967743,3.85,314.40970967741936,5434.43,18.12,39765.64
2024-08-14,4.158064516129032,5.2461290322580645,102.84170967741936,324.971,68.8225806451613,78.47,21221.974193548387,3.83,314.4329354838709,5455.21,16.19,40008.39
2024-08-15,4.154838709677419,5.239677419354838,102.8280258064516,324.959,68.89354838709677,79.66,21224.764516129035,3.92,314.45616129032254,5543.22,15.23,40563.06
2024-08-16,4.151612903225806,5.233225806451613,102.81434193548388,324.947,68.96451612903226,78.05,21227.55483870968,3.89,314.4793870967742,5554.25,14.8,40659.76
2024-08-19,4.141935483870967,5.213870967741936,102.77329032258064,324.911,69.1774193548387,75.82,21235.92580645161,3.86,314.549064516129,5608.25,14.65,40896.53
2024-08-20,4.138709677419355,5.207419354838709,102.7596064516129,324.899,69.2483870967742,75.27,21238.71612903226,3.82,314.5722903225806,5597.12,15.88,40834.97
2024-08-21,4.135483870967742,5.200967741935484,102.74592258064516,324.887,69.31935483870967,72.76,21241.506451612902,3.79,314.59551612903226,5620.85,16.27,40890.49
2024-08-22,4.132258064516129,5.194516129032258,102.73223870967742,324.875,69.39032258064516,73.72,21244.29677419355,3.86,314.61874193548385,5570.64,17.55,40712.78
2024-08-23,4.129032258064516,5.188064516129032,102.71855483870968,324.863,69.46129032258064,75.82,21247.0870967742,3.81,314.6419677419355,5634.61,15.86,41175.08
2024-08-26,4.119354838709677,5.168709677419355,102.67750322580645,324.827,69.6741935483871,78.4,21255.45806451613,3.82,314.71164516129033,5616.84,16.15,41240.52
2024-08-27,4.116129032258065,5.162258064516129,102.66381935483872,324.815,69.74516129032257,76.5,21258.248387096774,3.83,314.7348709677419,5625.8,15.43,41250.5
2024-08-28,4.112903225806451,5.155806451612903,102.65013548387095,324.803,69.81612903225806,75.49,21261.03870967742,3.84,314.7580967741935,5592.18,17.11,41091.42
2024-08-29,4.109677419354838,5.1493548387096775,102.63645161290324,324.791,69.88709677419354,76.9,21263.829032258065,3.87,314.7813225806452,5591.96,15.65,41335.05
2024-08-30,4.106451612903226,5.142903225806451,102.62276774193548,324.779,69.95806451612903,74.52,21266.61935483871,3.91,314.8045483870968,5648.4,15.0,41563.08
2024-09-02,4.1,5.12,102.58445,324.7326,70.11333333333333,72.09,21274.31,3.8575,314.8747666666667,5558.797500000001,15.55,41093.4675
2024-09-03,4.1,5.11,102.5735,324.7102,70.12666666666667,71.28,21276.42,3.84,314.8985333333333,5528.93,20.72,40936.93
2024-09-04,4.1,5.1,102.56255,324.6878,70.14,70.11,21278.53,3.77,314.9223,5520.07,21.32,40974.97
2024-09-05,4.1,5.09,102.5516,324.6654,70.15333333333332,70.09,21280.64,3.73,314.9460666666667,5503.41,19.9,40755.75
2024-09-06,4.1,5.08,102.54065,324.64300000000003,70.16666666666666,68.58,21282.75,3.72,314.9698333333333,5408.42,22.38,40345.41
2024-09-09,4.1,5.05,102.5078,324.5758,70.20666666666666,69.65,21289.08,3.7,315.04113333333333,5471.05,19.45,40829.59
2024-09-10,4.1,5.04,102.49685,324.5534,70.22,66.73,21291.19,3.65,315.0649,5495.52,19.08,40736.96
2024-09-11,4.1,5.03,102.4859,324.531,70.23333333333333,68.25,21293.3,3.65,315.08866666666665,5554.13,17.69,40861.71
2024-09-12,4.1,5.02,102.47495,324.5086,70.24666666666667,69.89,21295.41,3.68,315.11243333333334,5595.76,17.07,41096.77
2024-09-13,4.1,5.01,102.464,324.4862,70.25999999999999,69.59,21297.52,3.66,315.13620000000003,5626.02,16.56,41393.78
2024-09-16,4.1,4.98,102.43115,324.419,70.3,71.1,21303.85,3.63,315.2075,5633.09,17.14,41622.08
2024-09-17,4.1,4.97,102.4202,324.39660000000003,70.31333333333333,72.16,21305.96,3.65,315.23126666666667,5634.58,17.61,41606.18
2024-09-18,4.1,4.96,102.40925,324.37420000000003,70.32666666666667,71.87,21308.07,3.7,315.25503333333336,5618.26,18.23,41503.1
2024-09-19,4.1,4.95,102.3983,324.3518,70.34,72.86,21310.18,3.73,315.2788,5713.64,16.33,42025.19
2024-09-20,4.1,4.94,102.38735,324.3294,70.35333333333332,72.72,21312.29,3.73,315.3025666666667,5702.55,16.15,42063.36
2024-09-23,4.1,4.91,102.3545,324.2622,70.39333333333333,71.33,21318.62,3.75,315.3738666666667,5718.57,15.89,42124.65
2024-09-24,4.1,4.9,102.34355,324.2398,70.40666666666667,72.34,21320.73,3.74,315.3976333333334,5732.93,15.39,42208.22
2024-09-25,4.1,4.89,102.3326,324.2174,70.42,70.42,21322.84,3.79,315.4214,5722.26,15.41,41914.75
2024-09-26,4.1,4.88,102.32165,324.19500000000005,70.43333333333334,68.28,21324.95,3.79,315.4451666666667,5745.37,15.37,42175.11
2024-09-27,4.1,4.87,102.3107,324.17260000000005,70.44666666666667,68.72,21327.06,3.75,315.4689333333333,5738.17,16.96,42313.0
2024-09-30,4.1,4.84,102.27785,324.10540000000003,70.48666666666666,68.75,21333.39,3.81,315.54023333333333,5762.48,16.73,42330.15
2024-10-01,4.1,4.83,102.2669,324.083,70.5,70.41,21335.5,3.74,315.564,5708.75,19.26,42156.97
2024-10-02,4.103225806451612,4.823870967741936,102.25903548387096,324.0733548387097,70.54193548387097,70.74,21339.33870967742,3.79,315.5925483870968,5709.54,18.9,42196.52
2024-10-03,4.106451612903226,4.817741935483871,102.25117096774194,324.0637096774193,70.58387096774193,74.33,21343.17741935484,3.85,315.6210967741936,5699.94,20.49,42011.59
2024-10-04,4.109677419354838,4.811612903225806,102.24330645161292,324.0540645161291,70.6258064516129,74.93,21347.016129032258,3.98,315.6496451612903,5751.07,19.21,42352.75
2024-10-07,4.119354838709677,4.793225806451613,102.2197129032258,324.02512903225806,70.7516129032258,77.76,21358.532258064515,4.03,315.7352903225807,5695.94,22.64,41954.24
2024-10-08,4.12258064516129,4.787096774193548,102.21184838709678,324.0154838709678,70.79354838709678,74.26,21362.370967741936,4.04,315.76383870967743,5751.13,21.42,42080.37
2024-10-09,4.125806451612903,4.780967741935484,102.20398387096776,324.00583870967745,70.83548387096774,73.85,21366.20967741936,4.06,315.79238709677423,5792.04,20.86,42512.0
2024-10-10,4.129032258064516,4.774838709677419,102.19611935483871,323.9961935483871,70.87741935483871,76.46,21370.048387096773,4.09,315.820935483871,5780.05,20.93,42454.12
2024-10-11,4.132258064516129,4.768709677419355,102.18825483870968,323.9865483870968,70.91935483870968,76.11,21373.8870967742,4.08,315.8494838709678,5815.03,20.46,42863.86
2024-10-14,4.141935483870967,4.750322580645161,102.16466129032258,323.9576129032258,71.04516129032258,72.4425,21385.40322580645,4.0425,315.9351290322581,5859.85,19.7,43065.22
2024-10-15,4.145161290322581,4.744193548387097,102.15679677419357,323.9479677419355,71.08709677419354,71.22,21389.24193548387,4.03,315.96367741935484,5815.26,20.64,42740.42
2024-10-16,4.148387096774194,4.7380645161290325,102.14893225806452,323.93832258064515,71.12903225806451,70.97,21393.08064516129,4.02,315.99222580645164,5842.47,19.58,43077.7
2024-10-17,4.151612903225806,4.731935483870967,102.14106774193549,323.92867741935487,71.17096774193548,71.26,21396.91935483871,4.09,316.0207741935484,5841.47,19.11,43239.05
2024-10-18,4.154838709677419,4.725806451612903,102.13320322580644,323.91903225806453,71.21290322580646,69.78,21400.75806451613,4.08,316.0493225806452,5864.67,18.03,43275.91
2024-10-21,4.164516129032258,4.707419354838709,102.10960967741936,323.8900967741936,71.33870967741936,71.16,21412.274193548383,4.19,316.1349677419355,5853.98,18.37,42931.6
2024-10-22,4.167741935483871,4.701290322580645,102.10174516129032,323.88045161290324,71.38064516129032,72.84,21416.112903225807,4.2,316.16351612903225,5851.2,18.2,42924.89
2024-10-23,4.170967741935484,4.695161290322581,102.09388064516128,323.8708064516129,71.42258064516129,71.37,21419.951612903227,4.24,316.19206451612905,5797.42,19.24,42514.95
2024-10-24,4.174193548387096,4.689032258064516,102.08601612903226,323.86116129032257,71.46451612903226,70.58,21423.790322580644,4.21,316.2206129032258,5809.86,19.08,42374.36
2024-10-25,4.17741935483871,4.682903225806451,102.07815161290324,323.85151612903223,71.50645161290322,72.02,21427.629032258064,4.25,316.2491612903226,5808.12,20.33,42114.4
2024-10-28,4.187096774193549,4.664516129032258,102.05455806451612,323.8225806451613,71.63225806451612,67.65,21439.14516129032,4.28,316.3348064516129,5823.52,19.8,42387.57
2024-10-29,4.190322580645161,4.658387096774193,102.0466935483871,323.81293548387094,71.6741935483871,67.48,21442.983870967742,4.28,316.3633548387097,5832.92,19.34,42233.05
2024-10-30,4.193548387096774,4.652258064516129,102.03882903225806,323.80329032258066,71.71612903225807,68.91,21446.822580645163,4.29,316.39190322580646,5813.67,20.35,42141.54
2024-10-31,4.196774193548388,4.646129032258064,102.03096451612905,323.7936451612903,71.75806451612902,69.58,21450.66129032258,4.28,316.42045161290326,5705.45,23.16,41763.46
2024-11-01,4.2,4.64,102.0231,323.784,71.8,69.81,21454.5,4.37,316.449,5728.8,21.88,42052.19
2024-11-04,4.19,4.624,102.13733,323.7384,72.02,71.83,21458.06,4.31,316.56440000000003,5712.69,21.98,41794.6
2024-11-05,4.1866666666666665,4.618666666666666,102.17540666666666,323.7232,72.09333333333333,72.26,21459.246666666662,4.26,316.60286666666667,5782.76,20.49,42221.88
2024-11-06,4.183333333333334,4.613333333333333,102.21348333333331,323.708,72.16666666666666,71.98,21460.43333333333,4.42,316.64133333333336,5929.04,16.27,43729.93
2024-11-07,4.18,4.608,102.25156,323.6928,72.24,72.69,21461.62,4.31,316.6798,5973.1,15.2,43729.34
2024-11-08,4.176666666666667,4.602666666666667,102.28963666666668,323.6776,72.31333333333333,70.69,21462.806666666667,4.3,316.7182666666667,5995.54,14.94,43988.99
2024-11-11,4.166666666666667,4.586666666666667,102.40386666666669,323.632,72.53333333333333,68.995,21466.366666666665,4.3975,316.83366666666666,6001.35,14.97,44293.13
2024-11-12,4.163333333333333,4.581333333333333,102.44194333333334,323.6168,72.60666666666667,68.43,21467.553333333333,4.43,316.8721333333333,5983.99,14.71,43910.98
2024-11-13,4.16,4.576,102.48002,323.6016,72.67999999999999,68.76,21468.74,4.44,316.9106,5985.38,14.02,43958.19
2024-11-14,4.156666666666666,4.570666666666667,102.51809666666666,323.5864,72.75333333333333,68.99,21469.926666666663,4.43,316.9490666666667,5949.17,14.31,43750.86
2024-11-15,4.153333333333333,4.565333333333333,102.55617333333332,323.5712,72.82666666666667,67.33,21471.11333333333,4.43,316.9875333333333,5870.62,16.14,43444.99
2024-11-18,4.1433333333333335,4.549333333333333,102.67040333333334,323.5256,73.04666666666667,69.46,21474.67333333333,4.42,317.10293333333334,5893.62,15.58,43389.6
2024-11-19,4.14,4.5440000000000005,102.70848,323.5104,73.12,69.75,21475.86,4.39,317.14140000000003,5916.98,16.35,43268.94
2024-11-20,4.136666666666667,4.538666666666667,102.74655666666666,323.49519999999995,73.19333333333333,69.25,21477.046666666665,4.41,317.17986666666667,5917.11,17.16,43408.47
2024-11-21,4.133333333333333,4.533333333333333,102.78463333333332,323.48,73.26666666666667,70.39,21478.233333333334,4.43,317.21833333333336,5948.71,16.87,43870.35
2024-11-22,4.13,4.5280000000000005,102.82271,323.4648,73.34,71.68,21479.42,4.41,317.2568,5969.34,15.24,44296.51
2024-11-25,4.12,4.5120000000000005,102.93694,323.4192,73.56,69.41,21482.98,4.27,317.3722,5987.37,14.6,44736.57
2024-11-26,4.116666666666666,4.506666666666667,102.97501666666668,323.404,73.63333333333333,69.05,21484.166666666664,4.3,317.41066666666666,6021.63,14.1,44860.31
2024-11-27,4.113333333333333,4.501333333333334,103.01309333333334,323.3888,73.70666666666666,69.03,21485.353333333333,4.25,317.4491333333333,5998.74,14.1,44722.06
2024-11-28,4.109999999999999,4.496,103.05117,323.37359999999995,73.78,68.64500000000001,21486.54,4.215,317.4876,6015.56,13.9,44816.355
2024-11-29,4.1066666666666665,4.490666666666667,103.08924666666668,323.3584,73.85333333333334,68.26,21487.726666666666,4.18,317.5260666666667,6032.38,13.51,44910.65
2024-12-02,4.096774193548387,4.475161290322581,103.17409677419356,323.3347741935484,73.9258064516129,68.35,21492.9064516129,4.19,317.65083870967743,6047.15,13.34,44782.0
2024-12-03,4.0935483870967735,4.470322580645162,103.1827935483871,323.34154838709674,73.85161290322581,70.15,21495.712903225805,4.23,317.69867741935485,6049.88,13.3,44705.53
2024-12-04,4.090322580645161,4.465483870967742,103.19149032258063,323.3483225806451,73.77741935483871,68.81,21498.519354838707,4.19,317.7465161290323,6086.49,13.45,45014.04
2024-12-05,4.087096774193548,4.460645161290323,103.2001870967742,323.3550967741936,73.70322580645161,68.58,21501.32580645161,4.17,317.7943548387097,6075.11,13.54,44765.71
2024-12-06,4.083870967741936,4.455806451612904,103.20888387096775,323.36187096774194,73.62903225806451,68.58,21504.13225806452,4.15,317.8421935483871,6090.27,12.77,44642.52
2024-12-09,4.074193548387097,4.441290322580645,103.2349741935484,323.3821935483871,73.40645161290323,68.65,21512.551612903226,4.2,317.9857096774194,6052.85,14.19,44401.93
2024-12-10,4.070967741935483,4.436451612903226,103.24367096774192,323.38896774193546,73.33225806451613,68.85,21515.358064516127,4.22,318.0335483870968,6034.91,14.18,44247.83
2024-12-11,4.067741935483871,4.431612903225807,103.25236774193549,323.39574193548384,73.25806451612904,70.57,21518.16451612904,4.26,318.0813870967742,6084.19,13.58,44148.56
2024-12-12,4.064516129032258,4.426774193548387,103.26106451612904,323.4025161290322,73.18387096774194,70.25,21520.97096774193,4.32,318.12922580645164,6051.25,13.92,43914.12
2024-12-13,4.061290322580645,4.421935483870968,103.2697612903226,323.40929032258066,73.10967741935484,71.54,21523.77741935484,4.4,318.17706451612906,6051.09,13.81,43828.06
2024-12-16,4.051612903225807,4.4074193548387095,103.29585161290323,323.4296129032258,72.88709677419355,71.03,21532.196774193548,4.39,318.32058064516133,6074.08,14.69,43717.48
2024-12-17,4.048387096774193,4.402580645161291,103.30454838709676,323.4363870967742,72.81290322580645,70.31,21535.00322580645,4.4,318.3684193548387,6050.61,15.87,43449.9
2024-12-18,4.04516129032258,4.397741935483872,103.31324516129033,323.44316129032256,72.73870967741935,70.8,21537.809677419355,4.5,318.4162580645161,5872.16,27.62,42326.87
2024-12-19,4.041935483870968,4.392903225806452,103.32194193548388,323.44993548387095,72.66451612903226,70.1,21540.616129032256,4.57,318.46409677419354,5867.08,24.09,42342.24
2024-12-20,4.038709677419354,4.388064516129033,103.33063870967742,323.4567096774193,72.59032258064516,69.71,21543.42258064516,4.52,318.51193548387096,5930.85,18.36,42840.26
2024-12-23,4.029032258064516,4.373548387096775,103.35672903225807,323.4770322580645,72.36774193548388,69.5,21551.84193548387,4.59,318.6554516129032,5974.07,16.78,42906.95
2024-12-24,4.025806451612903,4.368709677419355,103.3654258064516,323.4838064516129,72.29354838709678,70.87,21554.64838709677,4.59,318.70329032258064,6040.04,14.27,43297.03
2024-12-25,4.02258064516129,4.363870967741936,103.37412258064516,323.4905806451613,72.21935483870968,70.625,21557.45483870968,4.585,318.75112903225806,6038.8150000000005,14.5,43311.415
2024-12-26,4.019354838709678,4.359032258064516,103.38281935483872,323.49735483870967,72.14516129032258,70.38,21560.26129032257,4.58,318.7989677419355,6037.59,14.73,43325.8
2024-12-27,4.016129032258064,4.354193548387097,103.39151612903224,323.50412903225805,72.07096774193549,71.28,21563.067741935483,4.62,318.8468064516129,5970.84,15.95,42992.21
2024-12-30,4.006451612903226,4.339677419354839,103.41760645161293,323.52445161290325,71.84838709677419,71.73,21571.48709677419,4.55,318.9903225806452,5906.94,17.4,42573.73
2024-12-31,4.003225806451613,4.33483870967742,103.42630322580644,323.53122580645163,71.7741935483871,72.44,21574.293548387097,4.58,319.0381612903226,5881.63,17.35,42544.22
2025-01-01,4.0,4.33,103.435,323.538,71.7,73.11500000000001,21577.1,4.575,319.086,5875.09,17.64,42468.245
2025-01-02,4.0,4.33,103.435,323.538,71.7,73.79,21577.1,4.57,319.086,5868.55,17.93,42392.27
2025-01-03,4.0,4.33,103.435,323.538,71.7,74.64,21577.1,4.6,319.086,5942.47,16.13,42732.13
2025-01-06,4.0,4.33,103.435,323.538,71.7,74.31,21577.1,4.62,319.086,5975.38,16.04,42706.56
2025-01-07,4.0,4.33,103.435,323.538,71.7,74.99,21577.1,4.67,319.086,5909.03,17.82,42528.36
2025-01-08,4.0,4.33,103.435,323.538,71.7,73.99,21577.1,4.67,319.086,5918.25,17.7,42635.2
2025-01-09,4.0,4.33,103.435,323.538,71.7,75.63,21577.1,4.68,319.086,5872.645,18.07,42286.825
2025-01-10,4.0,4.33,103.435,323.538,71.7,77.27,21577.1,4.77,319.086,5827.04,19.54,41938.45
2025-01-13,4.0,4.33,103.435,323.538,71.7,79.57,21577.1,4.79,319.086,5836.22,19.19,42297.12
2025-01-14,4.0,4.33,103.435,323.538,71.7,78.2,21577.1,4.78,319.086,5842.91,18.71,42518.28
2025-01-15,4.0,4.33,103.435,323.538,71.7,80.73,21577.1,4.66,319.086,5949.91,16.12,43221.55
2025-01-16,4.0,4.33,103.435,323.538,71.7,79.35,21577.1,4.61,319.086,5937.34,16.6,43153.13
2025-01-17,4.0,4.33,103.435,323.538,71.7,78.56,21577.1,4.61,319.086,5996.66,15.97,43487.83
2025-01-20,4.0,4.33,103.435,323.538,71.7,77.2325,21577.1,4.58,319.086,6036.094999999999,15.81,43891.315
2025-01-21,4.0,4.33,103.435,323.538,71.7,76.79,21577.1,4.57,319.086,6049.24,15.06,44025.81
2025-01-22,4.0,4.33,103.435,323.538,71.7,76.12,21577.1,4.6,319.086,6086.37,15.1,44156.73
2025-01-23,4.0,4.33,103.435,323.538,71.7,75.03,21577.1,4.65,319.086,6118.71,15.02,44565.07
2025-01-24,4.0,4.33,103.435,323.538,71.7,74.97,21577.1,4.63,319.086,6101.24,14.85,44424.25
2025-01-27,4.0,4.33,103.435,323.538,71.7,73.51,21577.1,4.53,319.086,6012.28,17.9,44713.58
2025-01-28,4.0,4.33,103.435,323.538,71.7,74.15,21577.1,4.55,319.086,6067.7,16.41,44850.35
2025-01-29,4.0,4.33,103.435,323.538,71.7,72.94,21577.1,4.55,319.086,6039.31,16.56,44713.52
2025-01-30,4.0,4.33,103.435,323.538,71.7,73.1,21577.1,4.52,319.086,6071.17,15.84,44882.13
2025-01-31,4.0,4.33,103.435,323.538,71.7,72.84,21577.1,4.58,319.086,6040.53,16.43,44544.66
2025-02-03,4.2,4.33,101.0993,325.122,64.7,73.52,21587.5,4.54,319.679,5994.57,18.62,44421.91
2025-02-04,4.2,4.33,101.0993,325.122,64.7,73.04,21587.5,4.52,319.679,6037.88,17.21,44556.04
2025-02-05,4.2,4.33,101.0993,325.122,64.7,71.39,21587.5,4.43,319.679,6061.48,15.77,44873.28
2025-02-06,4.2,4.33,101.0993,325.122,64.7,70.97,21587.5,4.45,319.679,6083.57,15.5,44747.63
2025-02-07,4.2,4.33,101.0993,325.122,64.7,71.32,21587.5,4.49,319.679,6025.99,16.54,44303.4
2025-02-10,4.2,4.33,101.0993,325.122,64.7,72.73,21587.5,4.51,319.679,6066.44,15.81,44470.41
2025-02-11,4.2,4.33,101.0993,325.122,64.7,73.67,21587.5,4.54,319.679,6068.5,16.02,44593.65
2025-02-12,4.2,4.33,101.0993,325.122,64.7,71.72,21587.5,4.62,319.679,6051.97,15.89,44368.56
2025-02-13,4.2,4.33,101.0993,325.122,64.7,71.66,21587.5,4.52,319.679,6115.07,15.1,44711.43
2025-02-14,4.2,4.33,101.0993,325.122,64.7,71.05,21587.5,4.47,319.679,6114.63,14.77,44546.08
2025-02-17,4.2,4.33,101.0993,325.122,64.7,71.91999999999999,21587.5,4.529999999999999,319.679,6125.8425,15.37,44553.775
2025-02-18,4.2,4.33,101.0993,325.122,64.7,72.21,21587.5,4.55,319.679,6129.58,15.35,44556.34
2025-02-19,4.2,4.33,101.0993,325.122,64.7,72.58,21587.5,4.53,319.679,6144.15,15.27,44627.59
2025-02-20,4.2,4.33,101.0993,325.122,64.7,72.88,21587.5,4.5,319.679,6117.52,15.66,44176.65
2025-02-21,4.2,4.33,101.0993,325.122,64.7,70.72,21587.5,4.42,319.679,6013.13,18.21,43428.02
2025-02-24,4.2,4.33,101.0993,325.122,64.7,71.06,21587.5,4.4,319.679,5983.25,18.98,43461.21
2025-02-25,4.2,4.33,101.0993,325.122,64.7,69.15,21587.5,4.3,319.679,5955.25,19.43,43621.16
2025-02-26,4.2,4.33,101.0993,325.122,64.7,68.87,21587.5,4.25,319.679,5956.06,19.1,43433.12
2025-02-27,4.2,4.33,101.0993,325.122,64.7,70.62,21587.5,4.29,319.679,5861.57,21.13,43239.5
2025-02-28,4.2,4.33,101.0993,325.122,64.7,69.97,21587.5,4.24,319.679,5954.5,19.63,43840.91
2025-03-03,4.2,4.33,101.0404,327.74,57.0,68.63,21657.8,4.16,319.785,5849.72,22.78,43191.24
2025-03-04,4.2,4.33,101.0404,327.74,57.0,68.47,21657.8,4.22,319.785,5778.15,23.51,42520.99
2025-03-05,4.2,4.33,101.0404,327.74,57.0,66.58,21657.8,4.28,319.785,5842.63,21.93,43006.59
2025-03-06,4.2,4.33,101.0404,327.74,57.0,66.62,21657.8,4.29,319.785,5738.52,24.87,42579.08
2025-03-07,4.2,4.33,101.0404,327.74,57.0,67.29,21657.8,4.32,319.785,5770.2,23.37,42801.72
2025-03-10,4.2,4.33,101.0404,327.74,57.0,66.31,21657.8,4.22,319.785,5614.56,27.86,41911.71
2025-03-11,4.2,4.33,101.0404,327.74,57.0,66.52,21657.8,4.28,319.785,5572.07,26.92,41433.48
2025-03-12,4.2,4.33,101.0404,327.74,57.0,67.65,21657.8,4.32,319.785,5599.3,24.23,41350.93
2025-03-13,4.2,4.33,101.0404,327.74,57.0,66.82,21657.8,4.27,319.785,5521.52,24.66,40813.57
2025-03-14,4.2,4.33,101.0404,327.74,57.0,67.43,21657.8,4.31,319.785,5638.94,21.77,41488.19
2025-03-17,4.2,4.33,101.0404,327.74,57.0,67.84,21657.8,4.31,319.785,5675.12,20.51,41841.63
2025-03-18,4.2,4.33,101.0404,327.74,57.0,67.49,21657.8,4.29,319.785,5614.66,21.7,41581.31
2025-03-19,4.2,4.33,101.0404,327.74,57.0,67.4,21657.8,4.25,319.785,5675.29,19.9,41964.63
2025-03-20,4.2,4.33,101.0404,327.74,57.0,68.55,21657.8,4.24,319.785,5662.89,19.8,41953.32
2025-03-21,4.2,4.33,101.0404,327.74,57.0,68.52,21657.8,4.25,319.785,5667.56,19.28,41985.35
2025-03-24,4.2,4.33,101.0404,327.74,57.0,69.46,21657.8,4.34,319.785,5767.57,17.48,42583.32
2025-03-25,4.2,4.33,101.0404,327.74,57.0,69.48,21657.8,4.31,319.785,5776.65,17.15,42587.5
2025-03-26,4.2,4.33,101.0404,327.74,57.0,70.05,21657.8,4.35,319.785,5712.2,18.33,42454.79
2025-03-27,4.2,4.33,101.0404,327.74,57.0,70.3,21657.8,4.38,319.785,5693.31,18.69,42299.7
2025-03-28,4.2,4.33,101.0404,327.74,57.0,69.74,21657.8,4.27,319.785,5580.94,21.65,41583.9
2025-03-31,4.2,4.33,101.0404,327.74,57.0,71.87,21657.8,4.23,319.785,5611.85,22.28,42001.76
2025-04-01,4.2,4.33,101.1279,329.906,52.2,71.61,21792.0,4.17,320.302,5633.07,21.77,41989.96
2025-04-02,4.2,4.33,101.1279,329.906,52.2,72.12,21792.0,4.2,320.302,5670.97,21.51,42225.32
2025-04-03,4.2,4.33,101.1279,329.906,52.2,67.43,21792.0,4.06,320.302,5396.52,30.02,40545.93
2025-04-04,4.2,4.33,101.1279,329.906,52.2,62.42,21792.0,4.01,320.302,5074.08,45.31,38314.86
2025-04-07,4.2,4.33,101.1279,329.906,52.2,61.05,21792.0,4.15,320.302,5062.25,46.98,37965.6
2025-04-08,4.2,4.33,101.1279,329.906,52.2,60.04,21792.0,4.26,320.302,4982.77,52.33,37645.59
2025-04-09,4.2,4.33,101.1279,329.906,52.2,62.63,21792.0,4.34,320.302,5456.9,33.62,40608.45
2025-04-10,4.2,4.33,101.1279,329.906,52.2,60.57,21792.0,4.4,320.302,5268.05,40.72,39593.66
2025-04-11,4.2,4.33,101.1279,329.906,52.2,61.91,21792.0,4.48,320.302,5363.36,37.56,40212.71
2025-04-14,4.2,4.33,101.1279,329.906,52.2,61.99,21792.0,4.38,320.302,5405.97,30.89,40524.79
2025-04-15,4.2,4.33,101.1279,329.906,52.2,61.74,21792.0,4.35,320.302,5396.63,30.12,40368.96
2025-04-16,4.2,4.33,101.1279,329.906,52.2,62.88,21792.0,4.29,320.302,5275.7,32.64,39669.39
2025-04-17,4.2,4.33,101.1279,329.906,52.2,65.07,21792.0,4.34,320.302,5282.7,29.65,39142.23
2025-04-18,4.2,4.33,101.1279,329.906,52.2,64.6725,21792.0,4.359999999999999,320.302,5251.575,30.6925,38899.275
2025-04-21,4.2,4.33,101.1279,329.906,52.2,63.48,21792.0,4.42,320.302,5158.2,33.82,38170.41
2025-04-22,4.2,4.33,101.1279,329.906,52.2,64.6,21792.0,4.41,320.302,5287.76,30.57,39186.98
2025-04-23,4.2,4.33,101.1279,329.906,52.2,62.64,21792.0,4.4,320.302,5375.86,28.45,39606.57
2025-04-24,4.2,4.33,101.1279,329.906,52.2,63.55,21792.0,4.32,320.302,5484.77,26.47,40093.4
2025-04-25,4.2,4.33,101.1279,329.906,52.2,63.85,21792.0,4.29,320.302,5525.21,24.84,40113.5
2025-04-28,4.2,4.33,101.1279,329.906,52.2,63.3,21792.0,4.23,320.302,5528.75,25.15,40227.59
2025-04-29,4.2,4.33,101.1279,329.906,52.2,61.84,21792.0,4.19,320.302,5560.83,24.17,40527.62
2025-04-30,4.2,4.33,101.1279,329.906,52.2,59.55,21792.0,4.17,320.302,5569.06,24.7,40669.36
2025-05-01,4.3,4.33,100.9655,331.423,52.2,60.59,21849.5,4.25,320.62,5604.14,24.6,40752.96
2025-05-02,4.3,4.33,100.9655,331.423,52.2,59.67,21849.5,4.33,320.62,5686.67,22.68,41317.43
2025-05-05,4.3,4.33,100.9655,331.423,52.2,58.5,21849.5,4.36,320.62,5650.38,23.64,41218.83
2025-05-06,4.3,4.33,100.9655,331.423,52.2,60.42,21849.5,4.3,320.62,5606.91,24.76,40829.0
2025-05-07,4.3,4.33,100.9655,331.423,52.2,59.42,21849.5,4.26,320.62,5631.28,23.55,41113.97
2025-05-08,4.3,4.33,100.9655,331.423,52.2,61.25,21849.5,4.37,320.62,5663.94,22.48,41368.45
2025-05-09,4.3,4.33,100.9655,331.423,52.2,62.37,21849.5,4.37,320.62,5659.91,21.9,41249.38
2025-05-12,4.3,4.33,100.9655,331.423,52.2,63.32,21849.5,4.45,320.62,5844.19,18.39,42410.1
2025-05-13,4.3,4.33,100.9655,331.423,52.2,65.04,21849.5,4.49,320.62,5886.55,18.22,42140.43
2025-05-14,4.3,4.33,100.9655,331.423,52.2,64.48,21849.5,4.53,320.62,5892.58,18.62,42051.06
2025-05-15,4.3,4.33,100.9655,331.423,52.2,63.03,21849.5,4.45,320.62,5916.93,17.83,42322.75
2025-05-16,4.3,4.33,100.9655,331.423,52.2,63.84,21849.5,4.43,320.62,5958.38,17.24,42654.74
2025-05-19,4.3,4.33,100.9655,331.423,52.2,63.98,21849.5,4.46,320.62,5963.6,18.14,42792.07
2025-05-20,4.3,4.33,100.9655,331.423,52.2,63.97,21849.5,4.48,320.62,5940.46,18.09,42677.24
2025-05-21,4.3,4.33,100.9655,331.423,52.2,62.93,21849.5,4.58,320.62,5844.61,20.87,41860.44
2025-05-22,4.3,4.33,100.9655,331.423,52.2,62.55,21849.5,4.54,320.62,5842.01,20.28,41859.09
2025-05-23,4.3,4.33,100.9655,331.423,52.2,62.89,21849.5,4.51,320.62,5802.82,22.29,41603.07
2025-05-26,4.3,4.33,100.9655,331.423,52.2,61.93,21849.5,4.45,320.62,5891.86,20.57,42158.505000000005
2025-05-27,4.3,4.33,100.9655,331.423,52.2,61.61,21849.5,4.43,320.62,5921.54,18.96,42343.65
2025-05-28,4.3,4.33,100.9655,331.423,52.2,62.54,21849.5,4.47,320.62,5888.55,19.31,42098.7
2025-05-29,4.3,4.33,100.9655,331.423,52.2,61.66,21849.5,4.43,320.62,5912.17,19.18,42215.73
2025-05-30,4.3,4.33,100.9655,331.423,52.2,61.46,21849.5,4.41,320.62,5911.69,18.57,42270.07
2025-06-02,4.1,4.33,101.4785,331.611,60.7,63.27,21967.8,4.46,321.435,5935.94,18.36,42305.48
2025-06-03,4.1,4.33,101.4785,331.611,60.7,64.1,21967.8,4.46,321.435,5970.37,17.69,42519.64
2025-06-04,4.1,4.33,101.4785,331.611,60.7,63.57,21967.8,4.37,321.435,5970.81,17.61,42427.74
2025-06-05,4.1,4.33,101.4785,331.611,60.7,64.06,21967.8,4.4,321.435,5939.3,18.48,42319.74
2025-06-06,4.1,4.33,101.4785,331.611,60.7,65.3,21967.8,4.51,321.435,6000.36,16.77,42762.87
2025-06-09,4.1,4.33,101.4785,331.611,60.7,65.99,21967.8,4.49,321.435,6005.88,17.16,42761.76
2025-06-10,4.1,4.33,101.4785,331.611,60.7,65.66,21967.8,4.47,321.435,6038.81,16.95,42866.87
2025-06-11,4.1,4.33,101.4785,331.611,60.7,68.91,21967.8,4.41,321.435,6022.24,17.26,42865.77
2025-06-12,4.1,4.33,101.4785,331.611,60.7,68.73,21967.8,4.36,321.435,6045.26,18.02,42967.62
2025-06-13,4.1,4.33,101.4785,331.611,60.7,73.84,21967.8,4.41,321.435,5976.97,20.82,42197.79
2025-06-16,4.1,4.33,101.4785,331.611,60.7,72.53,21967.8,4.46,321.435,6033.11,19.11,42515.09
2025-06-17,4.1,4.33,101.4785,331.611,60.7,75.62,21967.8,4.39,321.435,5982.72,21.6,42215.8
2025-06-18,4.1,4.33,101.4785,331.611,60.7,75.89,21967.8,4.38,321.435,5980.87,20.14,42171.66
2025-06-19,4.1,4.33,101.4785,331.611,60.7,75.805,21967.8,4.38,321.435,5974.355,22.17,42189.240000000005
2025-06-20,4.1,4.33,101.4785,331.611,60.7,75.72,21967.8,4.38,321.435,5967.84,20.62,42206.82
2025-06-23,4.1,4.33,101.4785,331.611,60.7,69.36,21967.8,4.34,321.435,6025.17,19.83,42581.78
2025-06-24,4.1,4.33,101.4785,331.611,60.7,65.45,21967.8,4.3,321.435,6092.18,17.48,43089.02
2025-06-25,4.1,4.33,101.4785,331.611,60.7,65.98,21967.8,4.29,321.435,6092.16,16.76,42982.43
2025-06-26,4.1,4.33,101.4785,331.611,60.7,66.44,21967.8,4.26,321.435,6141.02,16.59,43386.84
2025-06-27,4.1,4.33,101.4785,331.611,60.7,66.66,21967.8,4.29,321.435,6173.07,16.32,43819.27
2025-06-30,4.1,4.33,101.4785,331.611,60.7,66.3,21967.8,4.24,321.435,6204.95,16.73,44094.77
2025-07-01,4.3,4.33,101.894,330.966,61.7,66.64,22046.6,4.26,322.169,6198.01,16.83,44494.94
2025-07-02,4.3,4.33,101.894,330.966,61.7,68.66,22046.6,4.3,322.169,6227.42,16.64,44484.42
2025-07-03,4.3,4.33,101.894,330.966,61.7,68.13,22046.6,4.35,322.169,6279.35,16.38,44828.53
2025-07-04,4.3,4.33,101.894,330.966,61.7,68.38749999999999,22046.6,4.3625,322.169,6267.0075,17.48,44722.9875
2025-07-07,4.3,4.33,101.894,330.966,61.7,69.16,22046.6,4.4,322.169,6229.98,17.79,44406.36
2025-07-08,4.3,4.33,101.894,330.966,61.7,69.55,22046.6,4.42,322.169,6225.52,16.81,44240.76
2025-07-09,4.3,4.33,101.894,330.966,61.7,69.61,22046.6,4.34,322.169,6263.26,15.94,44458.3
2025-07-10,4.3,4.33,101.894,330.966,61.7,67.78,22046.6,4.35,322.169,6280.46,15.78,44650.64
2025-07-11,4.3,4.33,101.894,330.966,61.7,69.63,22046.6,4.43,322.169,6259.75,16.4,44371.51
2025-07-14,4.3,4.33,101.894,330.966,61.7,68.19,22046.6,4.43,322.169,6268.56,17.2,44459.65
2025-07-15,4.3,4.33,101.894,330.966,61.7,67.76,22046.6,4.5,322.169,6243.76,17.38,44023.29
2025-07-16,4.3,4.33,101.894,330.966,61.7,67.13,22046.6,4.46,322.169,6263.7,17.16,44254.78
2025-07-17,4.3,4.33,101.894,330.966,61.7,68.76,22046.6,4.47,322.169,6297.36,16.52,44484.49
2025-07-18,4.3,4.33,101.894,330.966,61.7,68.53,22046.6,4.44,322.169,6296.79,16.41,44342.19
2025-07-21,4.3,4.33,101.894,330.966,61.7,68.39,22046.6,4.38,322.169,6305.6,16.65,44323.07
2025-07-22,4.3,4.33,101.894,330.966,61.7,67.56,22046.6,4.35,322.169,6309.62,16.5,44502.44
2025-07-23,4.3,4.33,101.894,330.966,61.7,66.05,22046.6,4.4,322.169,6358.91,15.37,45010.29
2025-07-24,4.3,4.33,101.894,330.966,61.7,67.16,22046.6,4.43,322.169,6363.35,15.39,44693.91
2025-07-25,4.3,4.33,101.894,330.966,61.7,66.38,22046.6,4.4,322.169,6388.64,14.93,44901.92
2025-07-28,4.3,4.33,101.894,330.966,61.7,67.81,22046.6,4.42,322.169,6389.77,15.03,44837.56
2025-07-29,4.3,4.33,101.894,330.966,61.7,70.27,22046.6,4.34,322.169,6370.86,15.98,44632.99
2025-07-30,4.3,4.33,101.894,330.966,61.7,71.09,22046.6,4.38,322.169,6362.9,15.48,44461.28
2025-07-31,4.3,4.33,101.894,330.966,61.7,70.36,22046.6,4.37,322.169,6339.39,16.72,44130.98
2025-08-01,4.3,4.33,101.6247,329.865,58.2,68.39,22105.5,4.23,323.291,6238.01,20.38,43588.58
2025-08-04,4.3,4.33,101.6247,329.865,58.2,67.33,22105.5,4.22,323.291,6329.94,17.52,44173.64
2025-08-05,4.3,4.33,101.6247,329.865,58.2,66.2,22105.5,4.22,323.291,6299.19,17.85,44111.74
2025-08-06,4.3,4.33,101.6247,329.865,58.2,65.38,22105.5,4.22,323.291,6345.06,16.77,44193.12
2025-08-07,4.3,4.33,101.6247,329.865,58.2,64.9,22105.5,4.23,323.291,6340.0,16.57,43968.64
2025-08-08,4.3,4.33,101.6247,329.865,58.2,64.94,22105.5,4.27,323.291,6389.45,15.15,44175.61
2025-08-11,4.3,4.33,101.6247,329.865,58.2,65.03,22105.5,4.27,323.291,6373.45,16.25,43975.09
2025-08-12,4.3,4.33,101.6247,329.865,58.2,64.22,22105.5,4.29,323.291,6445.76,14.73,44458.61
2025-08-13,4.3,4.33,101.6247,329.865,58.2,63.68,22105.5,4.24,323.291,6466.58,14.49,44922.27
2025-08-14,4.3,4.33,101.6247,329.865,58.2,64.99,22105.5,4.29,323.291,6468.54,14.83,44911.26
2025-08-15,4.3,4.33,101.6247,329.865,58.2,63.78,22105.5,4.33,323.291,6449.8,15.09,44946.12
2025-08-18,4.3,4.33,101.6247,329.865,58.2,64.51,22105.5,4.34,323.291,6449.15,14.99,44911.82
2025-08-19,4.3,4.33,101.6247,329.865,58.2,63.38,22105.5,4.3,323.291,6411.37,15.57,44922.27
2025-08-20,4.3,4.33,101.6247,329.865,58.2,64.19,22105.5,4.29,323.291,6395.78,15.69,44938.31
2025-08-21,4.3,4.33,101.6247,329.865,58.2,64.56,22105.5,4.33,323.291,6370.17,16.6,44785.5
2025-08-22,4.3,4.33,101.6247,329.865,58.2,64.08,22105.5,4.26,323.291,6466.91,14.22,45631.74
2025-08-25,4.3,4.33,101.6247,329.865,58.2,65.18,22105.5,4.28,323.291,6439.32,14.79,45282.47
2025-08-26,4.3,4.33,101.6247,329.865,58.2,63.6,22105.5,4.26,323.291,6465.94,14.62,45418.07
2025-08-27,4.3,4.33,101.6247,329.865,58.2,64.49,22105.5,4.24,323.291,6481.4,14.85,45565.23
2025-08-28,4.3,4.33,101.6247,329.865,58.2,64.96,22105.5,4.22,323.291,6501.86,14.43,45636.9
2025-08-29,4.3,4.33,101.6247,329.865,58.2,64.36,22105.5,4.23,323.291,6460.26,15.36,45544.88
2025-09-01,4.4,4.22,101.668,328.971,55.1,65.55250000000001,22188.6,4.2675,324.245,6426.72,16.12,45358.0775
2025-09-02,4.4,4.22,101.668,328.971,55.1,65.95,22188.6,4.28,324.245,6415.54,17.17,45295.81
2025-09-03,4.4,4.22,101.668,328.971,55.1,64.36,22188.6,4.22,324.245,6448.26,16.35,45271.23
2025-09-04,4.4,4.22,101.668,328.971,55.1,63.81,22188.6,4.17,324.245,6502.08,15.3,45621.29
2025-09-05,4.4,4.22,101.668,328.971,55.1,62.22,22188.6,4.1,324.245,6481.5,15.18,45400.86
2025-09-08,4.4,4.22,101.668,328.971,55.1,62.6,22188.6,4.05,324.245,6495.15,15.11,45514.95
2025-09-09,4.4,4.22,101.668,328.971,55.1,62.97,22188.6,4.08,324.245,6512.61,15.04,45711.34
2025-09-10,4.4,4.22,101.668,328.971,55.1,64.01,22188.6,4.04,324.245,6532.04,15.35,45490.92
2025-09-11,4.4,4.22,101.668,328.971,55.1,62.71,22188.6,4.01,324.245,6587.47,14.71,46108.0
2025-09-12,4.4,4.22,101.668,328.971,55.1,63.02,22188.6,4.06,324.245,6584.29,14.76,45834.22
2025-09-15,4.4,4.22,101.668,328.971,55.1,63.66,22188.6,4.05,324.245,6615.28,15.69,45883.45
2025-09-16,4.4,4.22,101.668,328.971,55.1,64.89,22188.6,4.04,324.245,6606.76,16.36,45757.9
2025-09-17,4.4,4.22,101.668,328.971,55.1,64.41,22188.6,4.06,324.245,6600.35,15.72,46018.32
2025-09-18,4.4,4.22,101.668,328.971,55.1,63.91,22188.6,4.11,324.245,6631.96,15.7,46142.42
2025-09-19,4.4,4.22,101.668,328.971,55.1,63.02,22188.6,4.14,324.245,6664.36,15.45,46315.27
2025-09-22,4.4,4.22,101.668,328.971,55.1,62.99,22188.6,4.15,324.245,6693.75,16.1,46381.54
2025-09-23,4.4,4.22,101.668,328.971,55.1,63.76,22188.6,4.12,324.245,6656.92,16.64,46292.78
2025-09-24,4.4,4.22,101.668,328.971,55.1,65.4,22188.6,4.16,324.245,6637.97,16.18,46121.28
2025-09-25,4.4,4.22,101.668,328.971,55.1,65.51,22188.6,4.18,324.245,6604.72,16.74,45947.32
2025-09-26,4.4,4.22,101.668,328.971,55.1,66.5,22188.6,4.2,324.245,6643.7,15.29,46247.29
2025-09-29,4.4,4.22,101.668,328.971,55.1,64.27,22188.6,4.15,324.245,6661.21,16.12,46316.07
2025-09-30,4.4,4.22,101.668,328.971,55.1,63.17,22188.6,4.16,324.245,6688.46,16.28,46397.89
2025-10-01,4.4,4.09,101.2075,328.558,53.6,62.59,22260.1,4.12,324.245,6711.2,16.29,46441.1
2025-10-02,4.4,4.09,101.2075,328.558,53.6,61.28,22260.1,4.1,324.245,6715.35,16.63,46519.72
2025-10-03,4.4,4.09,101.2075,328.558,53.6,61.65,22260.1,4.13,324.245,6715.79,16.65,46758.28
2025-10-06,4.4,4.09,101.2075,328.558,53.6,62.49,22260.1,4.18,324.245,6740.28,16.37,46694.97
2025-10-07,4.4,4.09,101.2075,328.558,53.6,62.52,22260.1,4.14,324.245,6714.59,17.24,46602.98
2025-10-08,4.4,4.09,101.2075,328.558,53.6,63.37,22260.1,4.13,324.245,6753.72,16.3,46601.78
2025-10-09,4.4,4.09,101.2075,328.558,53.6,62.36,22260.1,4.14,324.245,6735.11,16.43,46358.42
2025-10-10,4.4,4.09,101.2075,328.558,53.6,59.75,22260.1,4.05,324.245,6552.51,21.66,45479.6
2025-10-13,4.4,4.09,101.2075,328.558,53.6,59.5775,22260.1,4.035,324.245,6654.72,19.03,46067.58
2025-10-14,4.4,4.09,101.2075,328.558,53.6,59.52,22260.1,4.03,324.245,6644.31,20.81,46270.46
2025-10-15,4.4,4.09,101.2075,328.558,53.6,59.08,22260.1,4.05,324.245,6671.06,20.64,46253.31
2025-10-16,4.4,4.09,101.2075,328.558,53.6,58.29,22260.1,3.99,324.245,6629.07,25.31,45952.24
2025-10-17,4.4,4.09,101.2075,328.558,53.6,58.3,22260.1,4.02,324.245,6664.01,20.78,46190.61
2025-10-20,4.4,4.09,101.2075,328.558,53.6,58.34,22260.1,4.0,324.245,6735.13,18.23,46706.58
2025-10-21,4.4,4.09,101.2075,328.558,53.6,58.66,22260.1,3.98,324.245,6735.35,17.87,46924.74
2025-10-22,4.4,4.09,101.2075,328.558,53.6,59.3,22260.1,3.97,324.245,6699.4,18.6,46590.41
2025-10-23,4.4,4.09,101.2075,328.558,53.6,62.44,22260.1,4.01,324.245,6738.44,17.3,46734.61
2025-10-24,4.4,4.09,101.2075,328.558,53.6,62.27,22260.1,4.02,324.245,6791.69,16.37,47207.12
2025-10-27,4.4,4.09,101.2075,328.558,53.6,62.13,22260.1,4.01,324.245,6875.16,15.79,47544.59
2025-10-28,4.4,4.09,101.2075,328.558,53.6,60.97,22260.1,3.99,324.245,6890.89,16.42,47706.37
2025-10-29,4.4,4.09,101.2075,328.558,53.6,61.26,22260.1,4.08,324.245,6890.59,16.92,47632.0
2025-10-30,4.4,4.09,101.2075,328.558,53.6,61.36,22260.1,4.11,324.245,6822.34,16.91,47522.12
2025-10-31,4.4,4.09,101.2075,328.558,53.6,61.75,22260.1,4.11,324.245,6840.2,17.44,47562.87
2025-11-03,4.5,3.88,101.3605,328.353,51.0,61.79,22280.9,4.13,325.063,6851.97,17.17,47336.68
2025-11-04,4.5,3.88,101.3605,328.353,51.0,61.38,22280.9,4.1,325.063,6771.55,19.0,47085.24
2025-11-05,4.5,3.88,101.3605,328.353,51.0,60.4,22280.9,4.17,325.063,6796.29,18.01,47311.0
2025-11-06,4.5,3.88,101.3605,328.353,51.0,60.24,22280.9,4.11,325.063,6720.32,19.5,46912.3
2025-11-07,4.5,3.88,101.3605,328.353,51.0,60.54,22280.9,4.11,325.063,6728.8,19.08,46987.1
2025-11-10,4.5,3.88,101.3605,328.353,51.0,60.94,22280.9,4.13,325.063,6832.43,17.6,47368.63
2025-11-11,4.5,3.88,101.3605,328.353,51.0,60.12,22280.9,4.105,325.063,6846.61,17.28,47927.96
2025-11-12,4.5,3.88,101.3605,328.353,51.0,59.3,22280.9,4.08,325.063,6850.92,17.51,48254.82
2025-11-13,4.5,3.88,101.3605,328.353,51.0,59.54,22280.9,4.11,325.063,6737.49,20.0,47457.22
2025-11-14,4.5,3.88,101.3605,328.353,51.0,60.87,22280.9,4.14,325.063,6734.11,19.83,47147.48
2025-11-17,4.5,3.88,101.3605,328.353,51.0,60.66,22280.9,4.13,325.063,6672.41,22.38,46590.24
2025-11-18,4.5,3.88,101.3605,328.353,51.0,61.51,22280.9,4.12,325.063,6617.32,24.69,46091.74
2025-11-19,4.5,3.88,101.3605,328.353,51.0,60.27,22280.9,4.13,325.063,6642.16,23.66,46138.77
2025-11-20,4.5,3.88,101.3605,328.353,51.0,60.07,22280.9,4.1,325.063,6538.76,26.42,45752.26
2025-11-21,4.5,3.88,101.3605,328.353,51.0,58.86,22280.9,4.06,325.063,6602.99,23.43,46245.41
2025-11-24,4.5,3.88,101.3605,328.353,51.0,59.11,22280.9,4.04,325.063,6705.12,20.52,46448.27
2025-11-25,4.5,3.88,101.3605,328.353,51.0,58.25,22280.9,4.01,325.063,6765.88,18.56,47112.45
2025-11-26,4.5,3.88,101.3605,328.353,51.0,58.81,22280.9,4.0,325.063,6812.61,17.19,47427.12
2025-11-27,4.5,3.88,101.3605,328.353,51.0,58.695,22280.9,4.01,325.063,6830.85,17.21,47571.77
2025-11-28,4.5,3.88,101.3605,328.353,51.0,58.58,22280.9,4.02,325.063,6849.09,16.35,47716.42
2025-12-01,4.4,3.72,101.6781,327.455,52.9,59.47,22366.2,4.09,326.031,6812.63,17.24,47289.33
2025-12-02,4.4,3.72,101.6781,327.455,52.9,58.81,22366.2,4.09,326.031,6829.37,16.59,47474.46
2025-12-03,4.4,3.72,101.6781,327.455,52.9,59.09,22366.2,4.06,326.031,6849.72,16.08,47882.9
2025-12-04,4.4,3.72,101.6781,327.455,52.9,59.82,22366.2,4.11,326.031,6857.12,15.78,47850.94
2025-12-05,4.4,3.72,101.6781,327.455,52.9,60.23,22366.2,4.14,326.031,6870.4,15.41,47954.99
2025-12-08,4.4,3.72,101.6781,327.455,52.9,59.04,22366.2,4.17,326.031,6846.51,16.66,47739.32
2025-12-09,4.4,3.72,101.6781,327.455,52.9,58.4,22366.2,4.18,326.031,6840.51,16.93,47560.29
2025-12-10,4.4,3.72,101.6781,327.455,52.9,58.67,22366.2,4.13,326.031,6886.68,15.77,48057.75
2025-12-11,4.4,3.72,101.6781,327.455,52.9,57.76,22366.2,4.14,326.031,6901.0,14.85,48704.01
2025-12-12,4.4,3.72,101.6781,327.455,52.9,57.61,22366.2,4.19,326.031,6827.41,15.74,48458.05
2025-12-15,4.4,3.72,101.6781,327.455,52.9,56.97,22366.2,4.18,326.031,6816.51,16.5,48416.56
2025-12-16,4.4,3.72,101.6781,327.455,52.9,55.44,22366.2,4.15,326.031,6800.26,16.48,48114.26
2025-12-17,4.4,3.72,101.6781,327.455,52.9,56.07,22366.2,4.16,326.031,6721.43,17.62,47885.97
2025-12-18,4.4,3.72,101.6781,327.455,52.9,56.22,22366.2,4.12,326.031,6774.76,16.87,47951.85
2025-12-19,4.4,3.72,101.6781,327.455,52.9,56.8,22366.2,4.16,326.031,6834.5,14.91,48134.89
2025-12-22,4.4,3.72,101.6781,327.455,52.9,58.18,22366.2,4.17,326.031,6878.49,14.08,48362.68
2025-12-23,4.4,3.72,101.6781,327.455,52.9,58.55,22366.2,4.18,326.031,6909.79,14.0,48442.41
2025-12-24,4.4,3.72,101.6781,327.455,52.9,58.72,22366.2,4.15,326.031,6932.05,13.47,48731.16
2025-12-25,4.4,3.72,101.6781,327.455,52.9,57.66,22366.2,4.145,326.031,6930.995,13.535,48721.065
2025-12-26,4.4,3.72,101.6781,327.455,52.9,56.6,22366.2,4.14,326.031,6929.94,13.6,48710.97
2025-12-29,4.4,3.72,101.6781,327.455,52.9,57.89,22366.2,4.12,326.031,6905.74,14.2,48461.93
2025-12-30,4.4,3.72,101.6781,327.455,52.9,57.79,22366.2,4.14,326.031,6896.24,14.33,48367.06
2025-12-31,4.4,3.72,101.6781,327.455,52.9,57.26,22366.2,4.18,326.031,6845.5,14.95,48063.29
2026-01-01,4.3,3.64,102.3963,327.455,56.4,57.235,22442.1,4.1850000000000005,326.588,6851.985,14.73,48222.84
2026-01-02,4.3,3.64,102.3963,327.455,56.4,57.21,22442.1,4.19,326.588,6858.47,14.51,48382.39
2026-01-05,4.3,3.64,102.3963,327.455,56.4,58.1,22442.1,4.17,326.588,6902.05,14.9,48977.18
2026-01-06,4.3,3.64,102.3963,327.455,56.4,56.97,22442.1,4.18,326.588,6944.82,14.75,49462.08
2026-01-07,4.3,3.64,102.3963,327.455,56.4,56.01,22442.1,4.15,326.588,6920.93,15.38,48996.08
2026-01-08,4.3,3.64,102.3963,327.455,56.4,57.74,22442.1,4.19,326.588,6921.46,15.45,49266.11
2026-01-09,4.3,3.64,102.3963,327.455,56.4,58.96,22442.1,4.18,326.588,6966.28,14.49,49504.07
2026-01-12,4.3,3.64,102.3963,327.455,56.4,59.39,22442.1,4.19,326.588,6977.27,15.12,49590.2
2026-01-13,4.3,3.64,102.3963,327.455,56.4,60.85,22442.1,4.18,326.588,6963.74,15.98,49191.99
2026-01-14,4.3,3.64,102.3963,327.455,56.4,61.84,22442.1,4.15,326.588,6926.6,16.75,49149.63
2026-01-15,4.3,3.64,102.3963,327.455,56.4,59.13,22442.1,4.17,326.588,6944.47,15.84,49442.44
2026-01-16,4.3,3.64,102.3963,327.455,56.4,59.4,22442.1,4.24,326.588,6940.01,15.86,49359.33
2026-01-19,4.3,3.64,102.3963,327.455,56.4,60.075,22442.1,4.285,326.588,6832.6475,18.84,48706.275
2026-01-20,4.3,3.64,102.3963,327.455,56.4,60.3,22442.1,4.3,326.588,6796.86,20.09,48488.59
2026-01-21,4.3,3.64,102.3963,327.455,56.4,60.38,22442.1,4.26,326.588,6875.62,16.9,49077.23
2026-01-22,4.3,3.64,102.3963,327.455,56.4,59.24,22442.1,4.26,326.588,6913.35,15.64,49384.01
2026-01-23,4.3,3.64,102.3963,327.455,56.4,60.7,22442.1,4.24,326.588,6915.61,16.09,49098.71
2026-01-26,4.3,3.64,102.3963,327.455,56.4,60.46,22442.1,4.22,326.588,6950.23,16.15,49412.4
2026-01-27,4.3,3.64,102.3963,327.455,56.4,62.04,22442.1,4.24,326.588,6978.6,16.35,49003.41
2026-01-28,4.3,3.64,102.3963,327.455,56.4,62.75,22442.1,4.26,326.588,6978.03,16.35,49015.6
2026-01-29,4.3,3.64,102.3963,327.455,56.4,64.77,22442.1,4.24,326.588,6969.01,16.88,49071.56
2026-01-30,4.3,3.64,102.3963,327.455,56.4,64.5,22442.1,4.26,326.588,6939.03,17.44,48892.47
2026-02-02,4.4,3.64,102.551,327.455,56.4,61.6,22442.1,4.29,327.46,6976.44,16.34,49407.66
2026-02-03,4.4,3.64,102.551,327.455,56.4,62.62,22442.1,4.28,327.46,6917.81,18.0,49240.99
2026-02-04,4.4,3.64,102.551,327.455,56.4,64.56,22442.1,4.29,327.46,6882.72,18.64,49501.3
2026-02-05,4.4,3.64,102.551,327.455,56.4,62.9,22442.1,4.21,327.46,6798.4,21.77,48908.72
2026-02-06,4.4,3.64,102.551,327.455,56.4,63.77,22442.1,4.22,327.46,6932.3,17.76,50115.67
2026-02-09,4.4,3.64,102.551,327.455,56.4,64.53,22442.1,4.22,327.46,6964.82,17.36,50135.87
2026-02-10,4.4,3.64,102.551,327.455,56.4,64.2,22442.1,4.16,327.46,6941.81,17.79,50188.14
2026-02-11,4.4,3.64,102.551,327.455,56.4,64.8,22442.1,4.18,327.46,6941.47,17.65,50121.4
2026-02-12,4.4,3.64,102.551,327.455,56.4,63.08,22442.1,4.09,327.46,6832.76,20.82,49451.98
2026-02-13,4.4,3.64,102.551,327.455,56.4,63.05,22442.1,4.04,327.46,6836.17,20.6,49500.93
2026-02-16,4.4,3.64,102.551,327.455,56.4,62.66,22442.1,4.047499999999999,327.46,6841.4575,21.2,49525.125
2026-02-17,4.4,3.64,102.551,327.455,56.4,62.53,22442.1,4.05,327.46,6843.22,20.29,49533.19
2026-02-18,4.4,3.64,102.551,327.455,56.4,65.33,22442.1,4.09,327.46,6881.31,19.62,49662.66
2026-02-19,4.4,3.64,102.551,327.455,56.4,66.66,22442.1,4.08,327.46,6861.89,20.23,49395.16
2026-02-20,4.4,3.64,102.551,327.455,56.4,66.69,22442.1,4.08,327.46,6909.51,19.09,49625.97
2026-02-23,4.4,3.64,102.551,327.455,56.4,66.36,22442.1,4.03,327.46,6837.75,21.01,48804.06
2026-02-24,4.4,3.64,102.551,327.455,56.4,65.62,22442.1,4.04,327.46,6890.07,19.55,49174.5
2026-02-25,4.4,3.64,102.551,327.455,56.4,65.3,22442.1,4.05,327.46,6946.13,17.93,49482.15
2026-02-26,4.4,3.64,102.551,327.455,56.4,65.1,22442.1,4.02,327.46,6908.86,18.63,49499.2
2026-02-27,4.4,3.64,102.551,327.455,56.4,66.96,22442.1,3.97,327.46,6878.88,19.86,48977.92
2026-03-02,4.4,3.64,102.551,327.455,56.4,71.13,22442.1,4.05,327.46,6881.62,21.44,48904.78
2026-03-03,4.4,3.64,102.551,327.455,56.4,74.48,22442.1,4.06,327.46,6816.63,23.57,48501.27
2026-03-04,4.4,3.64,102.551,327.455,56.4,74.58,22442.1,4.09,327.46,6869.5,21.15,48739.41
2026-03-05,4.4,3.64,102.551,327.455,56.4,80.88,22442.1,4.13,327.46,6830.71,23.75,47954.74
2026-03-06,4.4,3.64,102.551,327.455,56.4,90.77,22442.1,4.15,327.46,6740.02,29.49,47501.55
2026-03-09,4.4,3.64,102.551,327.455,56.4,94.65,22442.1,4.12,327.46,6795.99,25.5,47740.8
2026-03-10,4.4,3.64,102.551,327.455,56.4,83.71,22442.1,4.15,327.46,6781.48,24.93,47706.51
2026-03-11,4.4,3.64,102.551,327.455,56.4,86.8,22442.1,4.21,327.46,6775.8,24.23,47417.27
2026-03-12,4.4,3.64,102.551,327.455,56.4,95.61,22442.1,4.27,327.46,6672.62,27.29,46677.85
2026-03-13,4.4,3.64,102.551,327.455,56.4,98.48,22442.1,4.28,327.46,6632.19,27.19,46558.47
2026-03-16,4.4,3.64,102.551,327.455,56.4,93.39,22442.1,4.23,327.46,6699.38,23.51,46946.41
2026-03-17,4.4,3.64,102.551,327.455,56.4,96.01,22442.1,4.2,327.46,6716.09,22.37,46993.26
2026-03-18,4.4,3.64,102.551,327.455,56.4,96.12,22442.1,4.26,327.46,6624.7,25.09,46225.15
2026-03-19,4.4,3.64,102.551,327.455,56.4,96.11,22442.1,4.25,327.46,6606.49,24.06,46021.43
2026-03-20,4.4,3.64,102.551,327.455,56.4,98.71,22442.1,4.39,327.46,6506.48,26.78,45577.47
2026-03-23,4.4,3.64,102.551,327.455,56.4,89.33,22442.1,4.34,327.46,6581.0,26.15,46208.47
2026-03-24,4.4,3.64,,,,93.18,,4.39,,6556.37,26.95,46124.06
2026-03-25,4.4,3.64,,,,91.51,,4.33,,6591.9,25.33,46429.49
2026-03-26,4.4,3.64,,,,96.18,,4.42,,6477.16,27.44,45960.11
2026-03-27,4.4,3.64,,,,101.26,,4.44,,6368.85,31.05,45166.64
2026-03-30,4.4,3.64,,,,104.69,,4.35,,6343.72,30.61,45216.14
2026-03-31,4.4,3.64,,,,102.86,,4.3,,6528.52,25.25,46341.51
2026-04-01,4.3,3.64,,,,101.9,,4.33,,6575.32,24.54,46565.74
2026-04-02,4.3,3.64,,,,113.23,,4.31,,6582.69,23.87,46504.67
2026-04-06,4.3,3.64,,,,114.01,,4.34,,6611.83,24.17,46669.88
2026-04-07,4.3,3.64,,,,114.58,,4.33,,6616.85,25.78,46584.46
2026-04-08,4.3,3.64,,,,96.17,,4.29,,6782.81,21.04,47909.92
2026-04-09,4.3,3.64,,,,99.62,,4.29,,6824.66,19.49,48185.8
2026-04-10,4.3,3.64,,,,98.34,,4.31,,6816.89,19.23,47916.57
2026-04-13,4.3,3.64,,,,100.72,,4.3,,6886.24,19.12,48218.25
2026-04-14,4.3,3.64,,,,93.07,,4.26,,6967.38,18.36,48535.99
2026-04-15,4.3,3.64,,,,93.04,,4.29,,7022.95,18.17,48463.72
2026-04-16,4.3,3.64,,,,96.46,,4.32,,7041.28,17.94,48578.72
2026-04-17,4.3,3.64,,,,85.91,,4.26,,7126.06,17.48,49447.43
2026-04-20,4.3,3.64,,,,91.06,,4.26,,7109.14,18.87,49442.56
2026-04-21,4.3,3.64,,,,93.64,,4.3,,7064.01,19.5,49149.38
2026-04-22,4.3,3.64,,,,94.76,,4.3,,7137.9,18.92,49490.03
2026-04-23,4.3,3.64,,,,99.27,,4.34,,7108.4,19.31,49310.32
2026-04-24,4.3,3.64,,,,98.42,,4.31,,7165.08,18.71,49230.71
2026-04-27,4.3,3.64,,,,99.89,,4.35,,7173.91,18.02,49167.79
2026-04-28,4.3,3.64,,,,103.45,,4.36,,7138.8,17.83,49141.93
2026-04-29,4.3,3.64,,,,110.47,,4.42,,7135.95,18.81,48861.81
2026-04-30,4.3,3.64,,,,108.64,,4.4,,7209.01,16.89,49652.14
2026-05-01,4.3,3.63,,,,105.38,,4.39,,7230.12,16.99,49499.27
2026-05-04,4.3,3.63,,,,109.76,,4.45,,7200.75,18.29,48941.9
2026-05-05,4.3,3.63,,,,105.66,,4.43,,7259.22,17.38,49298.25
2026-05-06,4.3,3.63,,,,98.75,,4.36,,7365.12,17.39,49910.59
2026-05-07,4.3,3.63,,,,98.38,,4.41,,7337.11,17.08,49596.97
2026-05-08,4.3,3.63,,,,98.87,,4.38,,7398.93,17.19,49609.16
2026-05-11,4.3,3.63,,,,101.56,,4.42,,7412.84,18.38,49704.47
2026-05-12,4.3,3.63,,,,105.78,,4.46,,7400.96,17.99,49760.56
2026-05-13,4.3,3.63,,,,104.52,,4.46,,7444.25,17.87,49693.2
2026-05-14,4.3,3.63,,,,104.66,,4.47,,7501.24,17.26,50063.46
2026-05-15,4.3,3.63,,,,108.99,,4.59,,7408.5,18.43,49526.17
2026-05-18,4.3,3.63,,,,112.25,,4.61,,7403.05,17.82,49686.12
2026-05-19,4.3,3.63,,,,112.09,,4.67,,7353.61,18.06,49363.88
2026-05-20,4.3,3.63,,,,101.69,,4.57,,7432.97,17.44,50009.35
2026-05-21,4.3,3.63,,,,100.2,,4.57,,7445.72,16.76,50285.66
2026-05-22,4.3,3.63,,,,100.35,,4.56,,7473.47,16.7,50579.7
2026-05-26,4.3,3.63,,,,97.63,,4.5,,7519.12,17.01,50461.68
2026-05-27,4.3,3.63,,,,92.35,,4.48,,7520.36,16.29,50644.28
2026-05-28,4.3,3.63,,,,92.65,,4.45,,7563.63,15.74,50668.97
2026-05-29,4.3,3.63,,,,91.16,,4.45,,7580.06,15.32,51032.46
2026-06-01,4.2,3.63,,,,95.96,,4.47,,7599.96,16.05,51078.88
2026-06-02,4.2,3.63,,,,97.47,,4.46,,7609.78,15.77,51307.79
2026-06-03,4.2,3.63,,,,99.76,,4.49,,7553.68,16.06,50687.07
2026-06-04,4.2,3.63,,,,96.83,,4.47,,7584.31,15.4,51561.93
2026-06-05,4.2,3.63,,,,94.32,,4.55,,7383.74,21.51,50866.78
2026-06-08,4.2,3.63,,,,95.0,,4.56,,7405.73,18.92,50786.01
2026-06-09,4.2,3.63,,,,91.9,,4.53,,7386.65,19.87,50872.11
2026-06-10,4.2,3.63,,,,93.68,,4.55,,7266.99,22.22,49918.78
2026-06-11,4.2,3.63,,,,91.58,,4.45,,7394.3,19.44,50848.75
2026-06-12,4.2,3.63,,,,88.62,,4.48,,7431.46,17.68,51202.26
2026-06-15,4.2,3.63,,,,84.65,,4.47,,7554.29,16.2,51671.03
2026-06-16,4.2,3.63,,,,79.8,,4.43,,7511.35,16.41,51999.67
2026-06-17,4.2,3.63,,,,80.65,,4.49,,7420.1,18.44,51492.55
2026-06-18,4.2,3.63,,,,80.35,,4.46,,7500.58,16.4,51564.7
2026-06-22,4.2,3.63,,,,78.94,,4.51,,7472.79,17.28,51712.71
2026-06-23,4.2,3.63,,,,74.62,,4.5,,7365.46,19.49,51666.84
2026-06-24,4.2,3.63,,,,71.42,,4.41,,7358.22,18.63,51848.9
2026-06-25,4.2,3.63,,,,72.67,,4.4,,7357.49,18.89,51920.62
2026-06-26,4.2,3.63,,,,70.3,,4.38,,7354.02,18.41,51876.11
2026-06-29,4.2,3.63,,,,71.87,,4.38,,7440.43,17.65,52182.74
2026-06-30,4.2,3.63,,,,70.56,,4.44,,7499.36,16.45,52319.2
2026-07-01,4.1,3.63,,,,69.74,,4.48,,7483.23,16.59,52305.24
2026-07-02,4.1,3.63,,,,69.73,,4.49,,7483.24,16.15,52900.07
2026-07-06,4.1,3.63,,,,69.6,,4.48,,7537.43,15.57,53055.91
2026-07-07,4.1,3.63,,,,71.53,,4.55,,7503.85,16.13,52925.15
2026-07-08,4.1,3.63,,,,74.56,,4.56,,7482.71,16.9,52348.39
2026-07-09,4.1,3.63,,,,73.15,,4.54,,7543.64,15.84,52487.41
2026-07-10,4.1,3.63,,,,72.45,,4.56,,7575.39,15.03,52637.01
2026-07-13,4.1,3.63,,,,79.2,,4.62,,7515.34,17.16,52498.64
2026-07-14,4.1,3.63,,,,80.44,,4.58,,7543.59,16.5,52508.27
2026-07-15,4.1,3.63,,,,80.73,,4.55,,7572.4,15.67,52658.64
2026-07-16,4.1,3.63,,,,80.03,,4.57,,7533.77,16.73,52552.97
2026-07-17,4.1,3.63,,,,83.43,,4.55,,7457.69,18.77,52146.42
2026-07-20,4.1,3.63,,,,84.38,,4.6,,7443.28,18.65,51839.26
2026-07-21,4.1,3.63,,,,86.04,,4.63,,7509.2,17.05,52224.64
2026-07-22,4.1,3.63,,,,87.66,,4.67,,7498.96,16.64,52218.58
2026-07-23,4.1,3.63,,,,93.08,,4.71,,7408.3,18.7,51711.65
2026-07-24,4.1,3.63,,,,91.74,,4.69,,7411.98,18.58,51947.25
2026-07-27,4.1,3.63,,,,84.25,,4.65,,7413.18,18.67,52210.08
2026-07-28,4.1,3.63,,,,80.91,,4.61,,7428.78,18.21,52747.32
2026-07-29,4.1,3.63,,,,86.08,,4.67,,7316.15,20.66,51594.14
2026-07-30,4.1,3.63,,,,85.15,,4.68,,7437.63,17.09,52208.06
2026-07-31,4.1,3.63,,,,86.16,,4.75,,7489.72,15.99,52485.03
2026-08-03,4.1,3.63,,,,81.96,,4.7,,7600.5,15.86,53178.41
2026-08-04,4.1,3.63,,,,77.33,,4.63,,7736.52,16.5,54085.88
2026-08-05,4.1,3.63,,,,76.78,,4.63,,7723.55,15.81,54349.12
2026-08-06,4.1,3.63,,,,78.88,,4.69,,7709.96,15.15,53885.1
2026-08-07,4.1,3.63,,,,79.77,,4.65,,7757.64,14.9,54036.93
2026-08-10,4.1,3.63,,,,83.76,,4.72,,7753.11,15.46,53975.98
2026-08-11,4.1,3.63,,,,84.77,,4.7,,7728.2,15.28,53791.85
2026-08-12,4.1,3.63,,,,84.97,,4.68,,7748.5,14.55,53770.27
2026-08-13,4.1,3.63,,,,82.77,,4.63,,7798.99,14.63,53839.99
2026-08-14,4.1,3.63,,,,83.99,,4.68,,7785.76,14.25,53732.41
2026-08-17,4.1,3.63,,,,86.04,,4.72,,7745.06,15.19,53459.78
2026-08-18,4.1,3.63,,,,86.48,,4.71,,7691.76,15.84,53343.4
2026-08-19,4.1,3.63,,,,87.28,,4.65,,7707.98,14.89,53463.05
2026-08-20,4.1,3.63,,,,89.75,,4.69,,7641.16,16.01,52759.21
2026-08-21,4.1,3.63,,,,87.21,,4.74,,7674.37,15.13,53277.01
2026-08-24,4.1,3.63,,,,86.34,,4.7,,7652.86,15.85,53417.16
2026-08-25,4.1,3.63,,,,83.9,,4.64,,7677.28,15.45,53577.4
2026-08-26,4.1,3.63,,,,83.46,,4.66,,7675.7,15.21,53463.88
2026-08-27,4.1,3.63,,,,84.81,,4.67,,7730.99,14.51,53569.44
2026-08-28,4.1,3.63,,,,84.57,,4.73,,7711.76,14.43,53559.99
2026-08-31,4.1,3.63,,,,87.03,,4.75,,7686.14,14.92,53185.9
2026-09-01,4.2,3.75,,,,91.48,,4.79,,7631.47,16.34,52766.88
2026-09-02,4.2,3.75,,,,92.15,,4.79,,7666.6,15.2,53061.95
2026-09-03,4.2,3.75,,,,92.55,,4.77,,7747.71,14.32,53686.11
2026-09-04,4.2,3.75,,,,92.69,,4.78,,7718.6,14.53,53414.25
2026-09-08,4.2,3.75,,,,94.21,,4.8,,7673.52,15.72,52786.07
2026-09-09,4.2,3.75,,,,97.26,,4.83,,7636.36,16.46,52380.66
2026-09-10,4.2,3.75,,,,103.57,,4.95,,7591.7,17.84,52064.1
2026-09-11,4.2,3.75,,,,101.27,,4.96,,7656.98,15.84,52573.29
2026-09-14,4.2,3.75,,,,102.42,,4.97,,7619.98,17.1,52421.2
2026-09-15,4.2,3.75,,,,107.02,,5.0,,7585.73,17.2,52093.11
2026-09-16,4.2,3.75,,,,103.62,,5.01,,7551.81,17.71,51461.9
2026-09-17,4.2,3.75,,,,103.21,,4.94,,7637.76,15.44,51778.04
2026-09-18,4.2,3.75,,,,101.44,,5.01,,7650.5,14.81,51682.64
2026-09-21,4.2,3.75,,,,96.97,,4.96,,7764.7,14.87,52048.83
2026-09-22,4.2,3.75,,,,96.41,,4.96,,7764.64,14.21,51863.69
2026-09-23,4.2,3.75,,,,93.38,,5.11,,7706.03,15.18,51511.59
2026-09-24,4.2,3.75,,,,95.88,,5.18,,7704.13,15.67,51349.98
2026-09-25,4.2,3.75,,,,85.23,,5.17,,7743.41,14.87,51828.62
2026-09-28,4.2,3.75,,,,99.37,,5.24,,7683.69,16.07,51481.51
2026-09-29,4.2,3.75,,,,96.16,,5.26,,7670.84,16.04,51349.92
2026-09-30,4.2,3.75,,,,96.16,,5.29,,7651.54,16.34,50906.05
2026-10-01,4.2,3.75,,,,96.16,,5.24,,7666.45,16.39,50926.56
2026-10-02,4.2,3.75,,,,96.16,,5.28,,7722.72,15.31,51176.96
